[
    {
        "day": "Вторник",
        "week_code": "2",
        "time": "9:00 Четная",
        "discipline": "пр БЖД",
        "classroom": "467*; ",
        "lecturer": "Расчупкина Т.В."
    },
    {
        "day": "Вторник",
        "week_code": "1",
        "time": "10:50 Нечетная",
        "discipline": "лек ЭЛЕМЕНТЫ ВЫШ. МАТ.",
        "classroom": "469*; ",
        "lecturer": "Мотохов Д.Е."
    },
    {
        "day": "Вторник",
        "week_code": "2",
        "time": "10:50 Четная",
        "discipline": "лек ЭЛЕМЕНТЫ ВЫШ. МАТ.",
        "classroom": "469*; ",
        "lecturer": "Мотохов Д.Е."
    },
    {
        "day": "Вторник",
        "week_code": "1",
        "time": "12:40 Нечетная",
        "discipline": "пр ЭЛЕМЕНТЫ ВЫШ. МАТ.",
        "classroom": "469*; ",
        "lecturer": "Мотохов Д.Е."
    },
    {
        "day": "Вторник",
        "week_code": "2",
        "time": "12:40 Четная",
        "discipline": "пр ЭЛЕМЕНТЫ ВЫШ. МАТ.",
        "classroom": "469*; ",
        "lecturer": "Мотохов Д.Е."
    },
    {
        "day": "Вторник",
        "week_code": "1",
        "time": "14:55 Нечетная",
        "discipline": "лек ОСН. ПРОЕКТ. БД",
        "classroom": "468*; ",
        "lecturer": "Иляхинский А.О."
    },
    {
        "day": "Вторник",
        "week_code": "2",
        "time": "14:55 Четная",
        "discipline": "лек ОСН. ПРОЕКТ. БД",
        "classroom": "468*; ",
        "lecturer": "Иляхинский А.О."
    },
    {
        "day": "Вторник",
        "week_code": "1",
        "time": "16:45 Нечетная",
        "discipline": "пр ОСН. ПРОЕКТ. БД",
        "classroom": "468*; ",
        "lecturer": "Иляхинский А.О."
    },
    {
        "day": "Среда",
        "week_code": "1",
        "time": "10:50 Нечетная",
        "discipline": "пр АРХ. АППАРАТНЫХ СРЕД",
        "classroom": "468*; ",
        "lecturer": "Лясковская Л.Н."
    },
    {
        "day": "Среда",
        "week_code": "2",
        "time": "10:50 Четная",
        "discipline": "пр ПСИХОЛОГИЯ ОБЩЕНИЯ",
        "classroom": "459*; ",
        "lecturer": "Берзина О.А."
    },
    {
        "day": "Среда",
        "week_code": "1",
        "time": "12:40 Нечетная",
        "discipline": "лек ТЕХН. РАЗРАБ. ПО",
        "classroom": "468*; ",
        "lecturer": "Лясковская Л.Н."
    },
    {
        "day": "Среда",
        "week_code": "2",
        "time": "12:40 Четная",
        "discipline": "пр ТЕХН. РАЗРАБ. ПО",
        "classroom": "468*; ",
        "lecturer": "Лясковская Л.Н."
    },
    {
        "day": "Среда",
        "week_code": "1",
        "time": "14:55 Нечетная",
        "discipline": "лек ПСИХОЛОГИЯ ОБЩЕНИЯ",
        "classroom": "459*; ",
        "lecturer": "Берзина О.А."
    },
    {
        "day": "Среда",
        "week_code": "2",
        "time": "14:55 Четная",
        "discipline": "лек ПСИХОЛОГИЯ ОБЩЕНИЯ",
        "classroom": "429*; ",
        "lecturer": "Берзина О.А."
    },
    {
        "day": "Среда",
        "week_code": "1",
        "time": "16:45 Нечетная",
        "discipline": "пр ИН.ЯЗ. в ПД",
        "classroom": "467*; ",
        "lecturer": "Зубарева Г.С."
    },
    {
        "day": "Среда",
        "week_code": "2",
        "time": "16:45 Четная",
        "discipline": "пр ИН.ЯЗ. в ПД",
        "classroom": "467*; ",
        "lecturer": "Зубарева Г.С."
    },
    {
        "day": "Четверг",
        "week_code": "1",
        "time": "9:00 Нечетная",
        "discipline": "пр ФИЗИЧЕСКАЯ КУЛЬТУРА/АДАПТ.",
        "classroom": null,
        "lecturer": "Кобелева С.В."
    },
    {
        "day": "Четверг",
        "week_code": "2",
        "time": "9:00 Четная",
        "discipline": "пр ФИЗИЧЕСКАЯ КУЛЬТУРА/АДАПТ.",
        "classroom": null,
        "lecturer": "Кобелева С.В."
    },
    {
        "day": "Четверг",
        "week_code": "1",
        "time": "10:50 Нечетная",
        "discipline": "лек КОМПЬЮТЕРНЫЕ СЕТИ",
        "classroom": "459*; ",
        "lecturer": "Лясковская Л.Н."
    },
    {
        "day": "Четверг",
        "week_code": "2",
        "time": "10:50 Четная",
        "discipline": "лек КОМПЬЮТЕРНЫЕ СЕТИ",
        "classroom": "459*; ",
        "lecturer": "Лясковская Л.Н."
    },
    {
        "day": "Четверг",
        "week_code": "1",
        "time": "12:40 Нечетная",
        "discipline": "пр КОМПЬЮТЕРНЫЕ СЕТИ",
        "classroom": "459*; ",
        "lecturer": "Лясковская Л.Н."
    },
    {
        "day": "Четверг",
        "week_code": "2",
        "time": "12:40 Четная",
        "discipline": "пр КОМПЬЮТЕРНЫЕ СЕТИ",
        "classroom": "459*; ",
        "lecturer": "Лясковская Л.Н."
    },
    {
        "day": "Четверг",
        "week_code": "1",
        "time": "14:55 Нечетная",
        "discipline": "лек АРХ. АППАРАТНЫХ СРЕД",
        "classroom": "468*; ",
        "lecturer": "Лясковская Л.Н."
    },
    {
        "day": "Четверг",
        "week_code": "2",
        "time": "14:55 Четная",
        "discipline": "лек АРХ. АППАРАТНЫХ СРЕД",
        "classroom": "468*; ",
        "lecturer": "Лясковская Л.Н."
    },
    {
        "day": "Пятница",
        "week_code": "1",
        "time": "9:00 Нечетная",
        "discipline": "пр ОСН. АЛГ.И ПРОГРАММИРОВАНИЯ",
        "classroom": "468*; ",
        "lecturer": "Цветков В.В."
    },
    {
        "day": "Пятница",
        "week_code": "2",
        "time": "9:00 Четная",
        "discipline": "пр ОСН. АЛГ.И ПРОГРАММИРОВАНИЯ",
        "classroom": "468*; ",
        "lecturer": "Цветков В.В."
    },
    {
        "day": "Пятница",
        "week_code": "1",
        "time": "10:50 Нечетная",
        "discipline": "лек ИНСТР. СР-ВА РАЗРАБ. ПО",
        "classroom": "468*; ",
        "lecturer": "Лясковская Л.Н."
    },
    {
        "day": "Пятница",
        "week_code": "2",
        "time": "10:50 Четная",
        "discipline": "лек ИНСТР. СР-ВА РАЗРАБ. ПО",
        "classroom": "468*; ",
        "lecturer": "Лясковская Л.Н."
    },
    {
        "day": "Пятница",
        "week_code": "1",
        "time": "12:40 Нечетная",
        "discipline": "пр ИНСТР. СР-ВА РАЗРАБ. ПО",
        "classroom": "470*; ",
        "lecturer": "Лясковская Л.Н."
    },
    {
        "day": "Пятница",
        "week_code": "2",
        "time": "12:40 Четная",
        "discipline": "пр ИНСТР. СР-ВА РАЗРАБ. ПО",
        "classroom": "470*; ",
        "lecturer": "Лясковская Л.Н."
    },
    {
        "day": "Пятница",
        "week_code": "1",
        "time": "14:55 Нечетная",
        "discipline": "лек БЖД",
        "classroom": "459*; ",
        "lecturer": "Расчупкина Т.В."
    },
    {
        "day": "Суббота",
        "week_code": "1",
        "time": "9:00 Нечетная",
        "discipline": "лек МОДЕЛ. И АН. ПО",
        "classroom": "468*; ",
        "lecturer": "Цветков В.В."
    },
    {
        "day": "Суббота",
        "week_code": "2",
        "time": "9:00 Четная",
        "discipline": "лек МОДЕЛ. И АН. ПО",
        "classroom": "468*; ",
        "lecturer": "Цветков В.В."
    },
    {
        "day": "Суббота",
        "week_code": "1",
        "time": "10:50 Нечетная",
        "discipline": "лек ОСН. АЛГ.И ПРОГРАММИРОВАНИЯ",
        "classroom": "468*; ",
        "lecturer": "Цветков В.В."
    },
    {
        "day": "Суббота",
        "week_code": "2",
        "time": "10:50 Четная",
        "discipline": "лек ОСН. АЛГ.И ПРОГРАММИРОВАНИЯ",
        "classroom": "468*; ",
        "lecturer": "Цветков В.В."
    },
    {
        "day": "Суббота",
        "week_code": "1",
        "time": "12:40 Нечетная",
        "discipline": "пр ОСН. ПРОЕКТ. БД",
        "classroom": "468*; ",
        "lecturer": "Иляхинский А.О."
    },
    {
        "day": "Суббота",
        "week_code": "2",
        "time": "12:40 Четная",
        "discipline": "пр ОСН. ПРОЕКТ. БД",
        "classroom": "468*; ",
        "lecturer": "Иляхинский А.О."
    },
    {
        "day": "Суббота",
        "week_code": "1",
        "time": "14:55 Нечетная",
        "discipline": "пр МОДЕЛ. И АН. ПО",
        "classroom": "468*; ",
        "lecturer": "Цветков В.В."
    }
]