[
    {
        "day": 1,
        "week_code": 1,
        "time": "12:40 Нечетная",
        "discipline": "пр МАТЕМАТИКА",
        "classroom": "430*; ",
        "lecturer": "Мотохов Д.Е."
    },
    {
        "day": 1,
        "week_code": 2,
        "time": "12:40 Четная",
        "discipline": "пр МАТЕМАТИКА",
        "classroom": "434*; ",
        "lecturer": "Мотохов Д.Е."
    },
    {
        "day": 1,
        "week_code": 1,
        "time": "14:55 Нечетная",
        "discipline": "лек МАТЕМАТИКА",
        "classroom": "469*; ",
        "lecturer": "Мотохов Д.Е."
    },
    {
        "day": 1,
        "week_code": 2,
        "time": "14:55 Четная",
        "discipline": "лек МАТЕМАТИКА",
        "classroom": "469*; ",
        "lecturer": "Мотохов Д.Е."
    },
    {
        "day": 1,
        "week_code": 1,
        "time": "16:45 Нечетная",
        "discipline": "пр ИН.ЯЗ. в ПД",
        "classroom": "467*; ",
        "lecturer": "Зубарева Г.С."
    },
    {
        "day": 2,
        "week_code": 1,
        "time": "9:00 Нечетная",
        "discipline": "лек ПСИХОЛОГИЯ ОБЩЕНИЯ",
        "classroom": "459*; ",
        "lecturer": "Берзина О.А."
    },
    {
        "day": 2,
        "week_code": 2,
        "time": "9:00 Четная",
        "discipline": "лек ПСИХОЛОГИЯ ОБЩЕНИЯ",
        "classroom": "459*; ",
        "lecturer": "Берзина О.А."
    },
    {
        "day": 2,
        "week_code": 1,
        "time": "10:50 Нечетная",
        "discipline": "пр ФИЗИЧЕСКАЯ КУЛЬТУРА/АДАПТ.",
        "classroom": null,
        "lecturer": "Кобелева С.В."
    },
    {
        "day": 2,
        "week_code": 2,
        "time": "10:50 Четная",
        "discipline": "пр ФИЗИЧЕСКАЯ КУЛЬТУРА/АДАПТ.",
        "classroom": null,
        "lecturer": "Кобелева С.В."
    },
    {
        "day": 3,
        "week_code": 1,
        "time": "12:40 Нечетная",
        "discipline": "пр ПОР. ПРОВ. ОКП",
        "classroom": "353в; ",
        "lecturer": "Колыванов А.Ю."
    },
    {
        "day": 3,
        "week_code": 2,
        "time": "12:40 Четная",
        "discipline": "пр ПОР. ПРОВ. ОКП",
        "classroom": "353в; ",
        "lecturer": "Колыванов А.Ю."
    },
    {
        "day": 3,
        "week_code": 1,
        "time": "14:55 Нечетная",
        "discipline": "лек ПОР. ПРОВ. ОКП",
        "classroom": "352; ",
        "lecturer": "Колыванов А.Ю."
    },
    {
        "day": 3,
        "week_code": 2,
        "time": "14:55 Четная",
        "discipline": "лек ПОР. ПРОВ. ОКП",
        "classroom": "352; ",
        "lecturer": "Колыванов А.Ю."
    },
    {
        "day": 4,
        "week_code": 1,
        "time": "9:00 Нечетная",
        "discipline": "пр МЕТРОЛОГИЯ И СТАНД.",
        "classroom": "467*; ",
        "lecturer": "Яковлева Е.И."
    },
    {
        "day": 4,
        "week_code": 1,
        "time": "10:50 Нечетная",
        "discipline": "пр МЕТРОЛОГИЯ И СТАНД.",
        "classroom": "470*; ",
        "lecturer": "Яковлева Е.И."
    },
    {
        "day": 4,
        "week_code": 2,
        "time": "10:50 Четная",
        "discipline": "пр МЕТРОЛОГИЯ И СТАНД.",
        "classroom": "470*; ",
        "lecturer": "Яковлева Е.И."
    },
    {
        "day": 4,
        "week_code": 1,
        "time": "12:40 Нечетная",
        "discipline": "лек МЕТРОЛОГИЯ И СТАНД.",
        "classroom": "468*; ",
        "lecturer": "Яковлева Е.И."
    },
    {
        "day": 4,
        "week_code": 2,
        "time": "12:40 Четная",
        "discipline": "лек МЕТРОЛОГИЯ И СТАНД.",
        "classroom": "468*; ",
        "lecturer": "Яковлева Е.И."
    },
    {
        "day": 4,
        "week_code": 1,
        "time": "14:55 Нечетная",
        "discipline": "пр ПСИХОЛОГИЯ ОБЩЕНИЯ",
        "classroom": "459*; ",
        "lecturer": "Берзина О.А."
    },
    {
        "day": 4,
        "week_code": 2,
        "time": "14:55 Четная",
        "discipline": "пр ПСИХОЛОГИЯ ОБЩЕНИЯ",
        "classroom": "459*; ",
        "lecturer": "Берзина О.А."
    },
    {
        "day": 5,
        "week_code": 1,
        "time": "9:00 Нечетная",
        "discipline": "пр ПОРЯДОК РАБОТЫ С ТД",
        "classroom": "470*; ",
        "lecturer": "Долгушев И.Д."
    },
    {
        "day": 5,
        "week_code": 2,
        "time": "9:00 Четная",
        "discipline": "лек ПОРЯДОК РАБОТЫ С ТД",
        "classroom": "467*; ",
        "lecturer": "Долгушев И.Д."
    },
    {
        "day": 5,
        "week_code": 1,
        "time": "10:50 Нечетная",
        "discipline": "пр ПОРЯДОК РАБОТЫ С ТД",
        "classroom": "470*; ",
        "lecturer": "Долгушев И.Д."
    },
    {
        "day": 5,
        "week_code": 2,
        "time": "10:50 Четная",
        "discipline": "пр ПОРЯДОК РАБОТЫ С ТД",
        "classroom": "470*; ",
        "lecturer": "Долгушев И.Д."
    },
    {
        "day": 5,
        "week_code": 1,
        "time": "12:40 Нечетная",
        "discipline": "пр ФИЗИЧЕСКАЯ КУЛЬТУРА/АДАПТ.",
        "classroom": null,
        "lecturer": "Кобелева С.В."
    },
    {
        "day": 5,
        "week_code": 2,
        "time": "12:40 Четная",
        "discipline": "пр ФИЗИЧЕСКАЯ КУЛЬТУРА/АДАПТ.",
        "classroom": null,
        "lecturer": "Кобелева С.В."
    },
    {
        "day": 5,
        "week_code": 1,
        "time": "14:55 Нечетная",
        "discipline": "лек ПОР. ПРОВ. ОКП",
        "classroom": "352; ",
        "lecturer": "Колыванов А.Ю."
    },
    {
        "day": 5,
        "week_code": 2,
        "time": "14:55 Четная",
        "discipline": "пр ПОР. ПРОВ. ОКП",
        "classroom": "353в; ",
        "lecturer": "Колыванов А.Ю."
    },
    {
        "day": 6,
        "week_code": 1,
        "time": "9:00 Нечетная",
        "discipline": "лек БЖД",
        "classroom": "526*; ",
        "lecturer": "Логвинова А.А."
    },
    {
        "day": 6,
        "week_code": 2,
        "time": "9:00 Четная",
        "discipline": "пр ИН.ЯЗ. в ПД",
        "classroom": "470*; ",
        "lecturer": "Зубарева Г.С."
    },
    {
        "day": 6,
        "week_code": 1,
        "time": "10:50 Нечетная",
        "discipline": "пр ИН.ЯЗ. в ПД",
        "classroom": "434*; ",
        "lecturer": "Зубарева Г.С."
    },
    {
        "day": 6,
        "week_code": 2,
        "time": "10:50 Четная",
        "discipline": "пр ИН.ЯЗ. в ПД",
        "classroom": "430*; ",
        "lecturer": "Зубарева Г.С."
    },
    {
        "day": 6,
        "week_code": 1,
        "time": "12:40 Нечетная",
        "discipline": "пр БЖД",
        "classroom": "469*; ",
        "lecturer": "Логвинова А.А."
    },
    {
        "day": 6,
        "week_code": 2,
        "time": "12:40 Четная",
        "discipline": "пр БЖД",
        "classroom": "469*; ",
        "lecturer": "Логвинова А.А."
    }
]