[
    {
        "day": "Понедельник",
        "week_code": "1",
        "time": "9:00 Нечетная",
        "discipline": "лек БЖД",
        "classroom": "310; ",
        "lecturer": "Кудаев А.В."
    },
    {
        "day": "Понедельник",
        "week_code": "2",
        "time": "9:00 Четная",
        "discipline": "лек БЖД",
        "classroom": "310; ",
        "lecturer": "Кудаев А.В."
    },
    {
        "day": "Понедельник",
        "week_code": "1",
        "time": "10:50 Нечетная",
        "discipline": "лаб УСТР.И ФУНКЦ.КА",
        "classroom": "КТ; СК ИСС; ",
        "lecturer": "Семенов А.А."
    },
    {
        "day": "Понедельник",
        "week_code": "2",
        "time": "10:50 Четная",
        "discipline": "лаб УСТР.И ФУНКЦ.КА",
        "classroom": "КТ; СК ИСС; ",
        "lecturer": "Семенов А.А."
    },
    {
        "day": "Понедельник",
        "week_code": "1",
        "time": "12:40 Нечетная",
        "discipline": "пр БЖД",
        "classroom": "484; ",
        "lecturer": "Дмитриева А.П."
    },
    {
        "day": "Понедельник",
        "week_code": "1",
        "time": "14:55 Нечетная",
        "discipline": "лаб БЖД",
        "classroom": "384б; ",
        "lecturer": "Борцова С.С."
    },
    {
        "day": "Вторник",
        "week_code": "1",
        "time": "10:50 Нечетная",
        "discipline": "лек ЭНЕРГ. УСТ. ТТ",
        "classroom": "СК21а; ",
        "lecturer": "Савельев С.К."
    },
    {
        "day": "Вторник",
        "week_code": "2",
        "time": "10:50 Четная",
        "discipline": "лек ЭНЕРГ. УСТ. ТТ",
        "classroom": "СК21а; ",
        "lecturer": "Савельев С.К."
    },
    {
        "day": "Вторник",
        "week_code": "1",
        "time": "12:40 Нечетная",
        "discipline": "пр ЭНЕРГ. УСТ. ТТ",
        "classroom": "СК21а; ",
        "lecturer": "Савельев С.К."
    },
    {
        "day": "Вторник",
        "week_code": "2",
        "time": "12:40 Четная",
        "discipline": "пр ЭНЕРГ. УСТ. ТТ",
        "classroom": "СК21а; ",
        "lecturer": "Савельев С.К."
    },
    {
        "day": "Вторник",
        "week_code": "1",
        "time": "14:55 Нечетная",
        "discipline": "пр ПРОЕКТ С ПРИМ.АДД.Т",
        "classroom": "ВЦ 282; ",
        "lecturer": "Киршин А.Ю."
    },
    {
        "day": "Вторник",
        "week_code": "2",
        "time": "14:55 Четная",
        "discipline": "пр ПРОЕКТ С ПРИМ.АДД.Т",
        "classroom": "ВЦ 282; ",
        "lecturer": "Киршин А.Ю."
    },
    {
        "day": "Среда",
        "week_code": "2",
        "time": "12:40 Четная",
        "discipline": "лек УСТР.И ФУНКЦ.КА",
        "classroom": "СК ИСС; ",
        "lecturer": "Семенов А.А."
    },
    {
        "day": "Среда",
        "week_code": "1",
        "time": "14:55 Нечетная",
        "discipline": "лек ДВИГАТЕЛИ ЛА",
        "classroom": "313а; ",
        "lecturer": "Кудров А.Н."
    },
    {
        "day": "Среда",
        "week_code": "2",
        "time": "14:55 Четная",
        "discipline": "лек ДВИГАТЕЛИ ЛА",
        "classroom": "313а; ",
        "lecturer": "Кудров А.Н."
    },
    {
        "day": "Четверг",
        "week_code": "1",
        "time": "9:00 Нечетная",
        "discipline": "лаб МЕХ.ДЕФ.ТВ.ТЕЛА",
        "classroom": "ВЦ 281; ",
        "lecturer": "Харитонов А.В."
    },
    {
        "day": "Четверг",
        "week_code": "2",
        "time": "9:00 Четная",
        "discipline": "пр МЕХ.ДЕФ.ТВ.ТЕЛА",
        "classroom": "ВЦ 281; ",
        "lecturer": "Харитонов А.В."
    },
    {
        "day": "Четверг",
        "week_code": "1",
        "time": "10:50 Нечетная",
        "discipline": "лек АДДИТИВ.ТЕХНОЛ",
        "classroom": "СК21а; ",
        "lecturer": "Чириков С.А."
    },
    {
        "day": "Четверг",
        "week_code": "2",
        "time": "10:50 Четная",
        "discipline": "лек АДДИТИВ.ТЕХНОЛ",
        "classroom": "СК21а; ",
        "lecturer": "Чириков С.А."
    },
    {
        "day": "Четверг",
        "week_code": "1",
        "time": "12:40 Нечетная",
        "discipline": "пр ТЕОР. КОНСТР.",
        "classroom": "334; ",
        "lecturer": "Авферонок С.Э."
    },
    {
        "day": "Четверг",
        "week_code": "2",
        "time": "12:40 Четная",
        "discipline": "пр АДДИТИВ.ТЕХНОЛ",
        "classroom": "СК21Б; ",
        "lecturer": "Падалка М.А."
    },
    {
        "day": "Четверг",
        "week_code": "1",
        "time": "14:55 Нечетная",
        "discipline": "лек ТЕОР. КОНСТР.",
        "classroom": "344; ",
        "lecturer": "Авферонок С.Э."
    },
    {
        "day": "Четверг",
        "week_code": "2",
        "time": "14:55 Четная",
        "discipline": "лек ТЕОР. КОНСТР.",
        "classroom": "344; ",
        "lecturer": "Авферонок С.Э."
    },
    {
        "day": "Пятница",
        "week_code": "2",
        "time": "12:40 Четная",
        "discipline": "лаб ДВИГАТЕЛИ ЛА",
        "classroom": "СК2; ",
        "lecturer": "Михайлов К.Н."
    },
    {
        "day": "Пятница",
        "week_code": "1",
        "time": "14:55 Нечетная",
        "discipline": "лек МЕХ.ДЕФ.ТВ.ТЕЛА",
        "classroom": "429*; ",
        "lecturer": "Санников В.А."
    },
    {
        "day": "Пятница",
        "week_code": "2",
        "time": "14:55 Четная",
        "discipline": "лек МЕХ.ДЕФ.ТВ.ТЕЛА",
        "classroom": "429*; ",
        "lecturer": "Санников В.А."
    },
    {
        "day": "Пятница",
        "week_code": "1",
        "time": "16:45 Нечетная",
        "discipline": "пр ПРОЕКТ С ПРИМ.АДД.Т",
        "classroom": "ВЦ 282; ",
        "lecturer": "Киршин А.Ю."
    },
    {
        "day": "Пятница",
        "week_code": "2",
        "time": "16:45 Четная",
        "discipline": "пр ПРОЕКТ С ПРИМ.АДД.Т",
        "classroom": "ВЦ 282; ",
        "lecturer": "Киршин А.Ю."
    }
]