[
    {
        "day": "Понедельник",
        "week_code": "1",
        "time": "10:50 Нечетная",
        "discipline": "пр ИН. ЯЗ.",
        "classroom": "311*; ",
        "lecturer": "Невзорова Н.Ф."
    },
    {
        "day": "Понедельник",
        "week_code": "2",
        "time": "10:50 Четная",
        "discipline": "пр ИН. ЯЗ.",
        "classroom": "311*; ",
        "lecturer": "Невзорова Н.Ф."
    },
    {
        "day": "Понедельник",
        "week_code": "1",
        "time": "12:40 Нечетная",
        "discipline": "лаб ЭЛ-ТЕХ И ЭЛЕКТР",
        "classroom": "360*; ",
        "lecturer": "Лошицкий А.С."
    },
    {
        "day": "Понедельник",
        "week_code": "2",
        "time": "12:40 Четная",
        "discipline": "пр ЭЛ-ТЕХ И ЭЛЕКТР",
        "classroom": "404*; ",
        "lecturer": "Ярмолич А.Г."
    },
    {
        "day": "Понедельник",
        "week_code": "1",
        "time": "14:55 Нечетная",
        "discipline": "пр ФИЗИКА",
        "classroom": "434*; ",
        "lecturer": null
    },
    {
        "day": "Понедельник",
        "week_code": "2",
        "time": "14:55 Четная",
        "discipline": "лаб ФИЗИКА",
        "classroom": "322*; ",
        "lecturer": null
    },
    {
        "day": "Вторник",
        "week_code": "1",
        "time": "9:00 Нечетная",
        "discipline": "пр ЭК ПО ФК И СПОРТУ",
        "classroom": null,
        "lecturer": null
    },
    {
        "day": "Вторник",
        "week_code": "2",
        "time": "9:00 Четная",
        "discipline": "пр ЭК ПО ФК И СПОРТУ",
        "classroom": null,
        "lecturer": null
    },
    {
        "day": "Вторник",
        "week_code": "1",
        "time": "10:50 Нечетная",
        "discipline": "лек ФИЗ.ОСН.МИКРОЭЛ",
        "classroom": "436; ",
        "lecturer": "Стукалова А.С."
    },
    {
        "day": "Вторник",
        "week_code": "2",
        "time": "10:50 Четная",
        "discipline": "лек ФИЗ.ОСН.МИКРОЭЛ",
        "classroom": "436; ",
        "lecturer": "Стукалова А.С."
    },
    {
        "day": "Вторник",
        "week_code": "2",
        "time": "12:40 Четная",
        "discipline": "лаб ФИЗ.ОСН.МИКРОЭЛ",
        "classroom": "430; ",
        "lecturer": "Волкова М.В."
    },
    {
        "day": "Среда",
        "week_code": "1",
        "time": "10:50 Нечетная",
        "discipline": "лек ВЫСШ. МАТЕМАТ",
        "classroom": "443; ",
        "lecturer": "Волченкова Н.М."
    },
    {
        "day": "Среда",
        "week_code": "2",
        "time": "10:50 Четная",
        "discipline": "лек ВЫСШ. МАТЕМАТ",
        "classroom": "450; ",
        "lecturer": "Волченкова Н.М."
    },
    {
        "day": "Среда",
        "week_code": "1",
        "time": "12:40 Нечетная",
        "discipline": "пр ВЫСШ. МАТЕМАТ",
        "classroom": "446; ",
        "lecturer": "Волченкова Н.М."
    },
    {
        "day": "Среда",
        "week_code": "2",
        "time": "12:40 Четная",
        "discipline": "пр ВЫСШ. МАТЕМАТ",
        "classroom": "497; ",
        "lecturer": "Волченкова Н.М."
    },
    {
        "day": "Среда",
        "week_code": "1",
        "time": "14:55 Нечетная",
        "discipline": "лек ОБЩ.ТЕОР.ИЗМЕР",
        "classroom": "372; ",
        "lecturer": "Левицкий М.В."
    },
    {
        "day": "Среда",
        "week_code": "1",
        "time": "16:45 Нечетная",
        "discipline": "пр ОБЩ.ТЕОР.ИЗМЕР",
        "classroom": "332; ",
        "lecturer": "Левицкий М.В."
    },
    {
        "day": "Четверг",
        "week_code": "1",
        "time": "9:00 Нечетная",
        "discipline": "пр ЭК ПО ФК И СПОРТУ",
        "classroom": null,
        "lecturer": null
    },
    {
        "day": "Четверг",
        "week_code": "2",
        "time": "9:00 Четная",
        "discipline": "пр ЭК ПО ФК И СПОРТУ",
        "classroom": null,
        "lecturer": null
    },
    {
        "day": "Четверг",
        "week_code": "1",
        "time": "10:50 Нечетная",
        "discipline": "лек ЭЛ-ТЕХ И ЭЛЕКТР",
        "classroom": "331*; ",
        "lecturer": "Лошицкий А.С."
    },
    {
        "day": "Четверг",
        "week_code": "2",
        "time": "10:50 Четная",
        "discipline": "лек ЭЛ-ТЕХ И ЭЛЕКТР",
        "classroom": "331*; ",
        "lecturer": "Лошицкий А.С."
    },
    {
        "day": "Четверг",
        "week_code": "1",
        "time": "12:40 Нечетная",
        "discipline": "пр ОСН.СИСТ.АНАЛИЗА",
        "classroom": "376; ",
        "lecturer": "Кириллов А.В."
    },
    {
        "day": "Четверг",
        "week_code": "2",
        "time": "12:40 Четная",
        "discipline": "лек ОСН.СИСТ.АНАЛИЗА",
        "classroom": "445; ",
        "lecturer": "Кириллов А.В."
    },
    {
        "day": "Четверг",
        "week_code": "1",
        "time": "14:55 Нечетная",
        "discipline": "пр ТЕОР. МЕХАНИКА",
        "classroom": "456; ",
        "lecturer": "Чирков В.Ю."
    },
    {
        "day": "Четверг",
        "week_code": "2",
        "time": "14:55 Четная",
        "discipline": "пр ТЕОР. МЕХАНИКА",
        "classroom": "446; ",
        "lecturer": "Чирков В.Ю."
    },
    {
        "day": "Пятница",
        "week_code": "1",
        "time": "14:55 Нечетная",
        "discipline": "лек ФИЗИКА",
        "classroom": "331*; ",
        "lecturer": "Арешкин А.Г."
    },
    {
        "day": "Пятница",
        "week_code": "2",
        "time": "14:55 Четная",
        "discipline": "лек ФИЗИКА",
        "classroom": "331*; ",
        "lecturer": "Арешкин А.Г."
    },
    {
        "day": "Пятница",
        "week_code": "1",
        "time": "16:45 Нечетная",
        "discipline": "лек ТЕОР. МЕХАНИКА",
        "classroom": "443; ",
        "lecturer": "Чирков В.Ю."
    },
    {
        "day": "Пятница",
        "week_code": "2",
        "time": "16:45 Четная",
        "discipline": "лек ТЕОР. МЕХАНИКА",
        "classroom": "443; ",
        "lecturer": "Чирков В.Ю."
    },
    {
        "day": "Пятница",
        "week_code": "1",
        "time": "18:30 Нечетная",
        "discipline": "пр КОМП. ПРАК.",
        "classroom": "334; ",
        "lecturer": "Демидов С.М."
    },
    {
        "day": "Пятница",
        "week_code": "2",
        "time": "18:30 Четная",
        "discipline": "пр КОМП. ПРАК.",
        "classroom": "334; ",
        "lecturer": "Демидов С.М."
    }
]