[
    {
        "day": 1,
        "week_code": 2,
        "time": "9:00 Четная",
        "discipline": "пр ОСН.СИСТ.АНАЛИЗА",
        "classroom": "488; ",
        "lecturer": "Митрофанов А.А."
    },
    {
        "day": 1,
        "week_code": 1,
        "time": "10:50 Нечетная",
        "discipline": "лек ОСН.СИСТ.АНАЛИЗА",
        "classroom": "310; ",
        "lecturer": "Кулаков А.Ю."
    },
    {
        "day": 1,
        "week_code": 2,
        "time": "10:50 Четная",
        "discipline": "пр ТЕХН.КОНСТР.МАТ",
        "classroom": "475; ",
        "lecturer": "Ленина В.А."
    },
    {
        "day": 1,
        "week_code": 1,
        "time": "12:40 Нечетная",
        "discipline": "лек ТЕХН.КОНСТР.МАТ",
        "classroom": "474; ",
        "lecturer": "Ленина В.А."
    },
    {
        "day": 1,
        "week_code": 2,
        "time": "12:40 Четная",
        "discipline": "лек ТЕХН.КОНСТР.МАТ",
        "classroom": "474; ",
        "lecturer": "Ленина В.А."
    },
    {
        "day": 1,
        "week_code": 1,
        "time": "14:55 Нечетная",
        "discipline": "пр ВЫСШ. МАТЕМАТ",
        "classroom": "213*; ",
        "lecturer": "Волченкова Н.М."
    },
    {
        "day": 1,
        "week_code": 2,
        "time": "14:55 Четная",
        "discipline": "пр ВЫСШ. МАТЕМАТ",
        "classroom": "213*; ",
        "lecturer": "Волченкова Н.М."
    },
    {
        "day": 2,
        "week_code": 1,
        "time": "12:40 Нечетная",
        "discipline": "лек МЕТР.И ОСН.ВЗАИМ",
        "classroom": "374; ",
        "lecturer": "Кочеткова Т.П."
    },
    {
        "day": 2,
        "week_code": 2,
        "time": "12:40 Четная",
        "discipline": "лек МЕТР.И ОСН.ВЗАИМ",
        "classroom": "374; ",
        "lecturer": "Кочеткова Т.П."
    },
    {
        "day": 2,
        "week_code": 1,
        "time": "14:55 Нечетная",
        "discipline": "лек ТЕОР. МЕХАНИКА",
        "classroom": "443; ",
        "lecturer": "Сансиев В.Г."
    },
    {
        "day": 2,
        "week_code": 2,
        "time": "14:55 Четная",
        "discipline": "лек ТЕОР. МЕХАНИКА",
        "classroom": "443; ",
        "lecturer": "Сансиев В.Г."
    },
    {
        "day": 2,
        "week_code": 1,
        "time": "16:45 Нечетная",
        "discipline": "пр ЭК ПО ФК И СПОРТУ",
        "classroom": null,
        "lecturer": null
    },
    {
        "day": 2,
        "week_code": 2,
        "time": "16:45 Четная",
        "discipline": "пр ЭК ПО ФК И СПОРТУ",
        "classroom": null,
        "lecturer": null
    },
    {
        "day": 3,
        "week_code": 1,
        "time": "10:50 Нечетная",
        "discipline": "пр ИН. ЯЗ.",
        "classroom": "316*; ",
        "lecturer": "Шамова Д.М."
    },
    {
        "day": 3,
        "week_code": 2,
        "time": "10:50 Четная",
        "discipline": "пр ИН. ЯЗ.",
        "classroom": "316*; ",
        "lecturer": "Шамова Д.М."
    },
    {
        "day": 3,
        "week_code": 1,
        "time": "12:40 Нечетная",
        "discipline": "лаб ТЕРМОДИНАМИКА",
        "classroom": "ТМП-3; ТМП-4; ТМП-6; ",
        "lecturer": "Киршин А.Ю."
    },
    {
        "day": 3,
        "week_code": 2,
        "time": "12:40 Четная",
        "discipline": "пр ТЕРМОДИНАМИКА",
        "classroom": "СК2а; ",
        "lecturer": "Саваровский А.А."
    },
    {
        "day": 3,
        "week_code": 1,
        "time": "14:55 Нечетная",
        "discipline": "пр ТЕОР. МЕХАНИКА",
        "classroom": "446; ",
        "lecturer": "Сансиев В.Г."
    },
    {
        "day": 3,
        "week_code": 2,
        "time": "14:55 Четная",
        "discipline": "пр ТЕОР. МЕХАНИКА",
        "classroom": "446; ",
        "lecturer": "Сансиев В.Г."
    },
    {
        "day": 4,
        "week_code": 1,
        "time": "10:50 Нечетная",
        "discipline": "пр СОПР.МАТЕРИАЛОВ",
        "classroom": "102*; ",
        "lecturer": "Спиридонов Д.В."
    },
    {
        "day": 4,
        "week_code": 1,
        "time": "12:40 Нечетная",
        "discipline": "лек ФИЗИКА",
        "classroom": "327*; ",
        "lecturer": "Комарова О.С."
    },
    {
        "day": 4,
        "week_code": 2,
        "time": "12:40 Четная",
        "discipline": "лек ФИЗИКА",
        "classroom": "327*; ",
        "lecturer": "Комарова О.С."
    },
    {
        "day": 4,
        "week_code": 1,
        "time": "14:55 Нечетная",
        "discipline": "лек СОПР.МАТЕРИАЛОВ",
        "classroom": "374; ",
        "lecturer": "Спиридонов Д.В."
    },
    {
        "day": 4,
        "week_code": 2,
        "time": "14:55 Четная",
        "discipline": "лек СОПР.МАТЕРИАЛОВ",
        "classroom": "374; ",
        "lecturer": "Спиридонов Д.В."
    },
    {
        "day": 5,
        "week_code": 1,
        "time": "9:00 Нечетная",
        "discipline": "пр ЭК ПО ФК И СПОРТУ",
        "classroom": null,
        "lecturer": null
    },
    {
        "day": 5,
        "week_code": 2,
        "time": "9:00 Четная",
        "discipline": "пр ЭК ПО ФК И СПОРТУ",
        "classroom": null,
        "lecturer": null
    },
    {
        "day": 5,
        "week_code": 1,
        "time": "10:50 Нечетная",
        "discipline": "лек ВЫСШ. МАТЕМАТ",
        "classroom": "443; ",
        "lecturer": "Белкова А.Л."
    },
    {
        "day": 5,
        "week_code": 2,
        "time": "10:50 Четная",
        "discipline": "лек ВЫСШ. МАТЕМАТ",
        "classroom": "443; ",
        "lecturer": "Белкова А.Л."
    },
    {
        "day": 5,
        "week_code": 1,
        "time": "12:40 Нечетная",
        "discipline": "лек ТЕРМОДИНАМИКА",
        "classroom": "493; ",
        "lecturer": "Саваровский А.А."
    },
    {
        "day": 5,
        "week_code": 2,
        "time": "12:40 Четная",
        "discipline": "лек ТЕРМОДИНАМИКА",
        "classroom": "493; ",
        "lecturer": "Саваровский А.А."
    },
    {
        "day": 5,
        "week_code": 1,
        "time": "14:55 Нечетная",
        "discipline": "пр МЕТР.И ОСН.ВЗАИМ",
        "classroom": "201*; ",
        "lecturer": "Петров Ю.В."
    }
]