[
    {
        "day": 1,
        "week_code": 1,
        "time": "14:55 Нечетная",
        "discipline": "пр КОЛ.МЕТ. ОЦ.ЭФФ",
        "classroom": "СК21Б; ",
        "lecturer": "Сырцев А.Н."
    },
    {
        "day": 1,
        "week_code": 2,
        "time": "14:55 Четная",
        "discipline": "пр КОЛ.МЕТ. ОЦ.ЭФФ",
        "classroom": "СК21Б; ",
        "lecturer": "Сырцев А.Н."
    },
    {
        "day": 1,
        "week_code": 1,
        "time": "16:45 Нечетная",
        "discipline": "лек ИСПЫТАНИЯ РС",
        "classroom": "314; ",
        "lecturer": "Нестеров С.А."
    },
    {
        "day": 1,
        "week_code": 2,
        "time": "16:45 Четная",
        "discipline": "лек ИСПЫТАНИЯ РС",
        "classroom": "314; ",
        "lecturer": "Нестеров С.А."
    },
    {
        "day": 2,
        "week_code": 1,
        "time": "16:45 Нечетная",
        "discipline": "лек КОЛ.МЕТ. ОЦ.ЭФФ",
        "classroom": "310; ",
        "lecturer": "Сырцев А.Н."
    },
    {
        "day": 2,
        "week_code": 2,
        "time": "16:45 Четная",
        "discipline": "лек КОЛ.МЕТ. ОЦ.ЭФФ",
        "classroom": "313а; ",
        "lecturer": "Сырцев А.Н."
    },
    {
        "day": 3,
        "week_code": 2,
        "time": "10:50 Четная",
        "discipline": "пр ЭКОН.ПРЕДПР-ТИЯ",
        "classroom": "440*; ",
        "lecturer": "Киселев Ю.В."
    },
    {
        "day": 3,
        "week_code": 1,
        "time": "12:40 Нечетная",
        "discipline": "лек ЭКОН.ПРЕДПР-ТИЯ",
        "classroom": "440*; ",
        "lecturer": "Киселев Ю.В."
    },
    {
        "day": 3,
        "week_code": 2,
        "time": "12:40 Четная",
        "discipline": "лек ЭКОН.ПРЕДПР-ТИЯ",
        "classroom": "440*; ",
        "lecturer": "Киселев Ю.В."
    },
    {
        "day": 3,
        "week_code": 1,
        "time": "14:55 Нечетная",
        "discipline": "пр ПО САПР",
        "classroom": "334; ",
        "lecturer": "Сятчихин А.А."
    },
    {
        "day": 3,
        "week_code": 2,
        "time": "14:55 Четная",
        "discipline": "пр ПО САПР",
        "classroom": "334; ",
        "lecturer": "Сятчихин А.А."
    },
    {
        "day": 3,
        "week_code": 1,
        "time": "16:45 Нечетная",
        "discipline": "лек ЭКСПЛУАТАЦИЯ",
        "classroom": "101; ",
        "lecturer": "Бурковецкий К.А."
    },
    {
        "day": 3,
        "week_code": 2,
        "time": "16:45 Четная",
        "discipline": "лек ЭКСПЛУАТАЦИЯ",
        "classroom": "101; ",
        "lecturer": "Бурковецкий К.А."
    },
    {
        "day": 3,
        "week_code": 2,
        "time": "18:30 Четная",
        "discipline": "пр ЭКСПЛУАТАЦИЯ",
        "classroom": "101; ",
        "lecturer": "Бурковецкий К.А."
    },
    {
        "day": 4,
        "week_code": 1,
        "time": "14:55 Нечетная",
        "discipline": "лек ОСН.БОЕВ.ПРИМ.РС",
        "classroom": "318; ",
        "lecturer": "Прядкин А.С."
    },
    {
        "day": 4,
        "week_code": 2,
        "time": "14:55 Четная",
        "discipline": "лек ОСН.БОЕВ.ПРИМ.РС",
        "classroom": "318; ",
        "lecturer": "Прядкин А.С."
    },
    {
        "day": 4,
        "week_code": 1,
        "time": "16:45 Нечетная",
        "discipline": "лек ПО САПР",
        "classroom": "316; ",
        "lecturer": "Сятчихин А.А."
    },
    {
        "day": 4,
        "week_code": 2,
        "time": "16:45 Четная",
        "discipline": "пр ОСН.БОЕВ.ПРИМ.РС",
        "classroom": "344; ",
        "lecturer": "Прядкин А.С."
    },
    {
        "day": 4,
        "week_code": 1,
        "time": "18:30 Нечетная",
        "discipline": "лек ОЦЕНК.СОСТ.ЛА",
        "classroom": "313а; ",
        "lecturer": "Бородавкин В.А."
    },
    {
        "day": 4,
        "week_code": 2,
        "time": "18:30 Четная",
        "discipline": "пр ОЦЕНК.СОСТ.ЛА",
        "classroom": "334; ",
        "lecturer": "Зыков С.А."
    },
    {
        "day": 5,
        "week_code": 1,
        "time": "16:45 Нечетная",
        "discipline": "пр ИСПЫТАНИЯ РС",
        "classroom": "101; ",
        "lecturer": "Нестеров С.А."
    },
    {
        "day": 5,
        "week_code": 2,
        "time": "16:45 Четная",
        "discipline": "пр ИСПЫТАНИЯ РС",
        "classroom": "101; ",
        "lecturer": "Нестеров С.А."
    }
]