[
    {
        "day": 1,
        "week_code": 1,
        "time": "16:45 Нечетная",
        "discipline": "лек ИСПЫТАНИЯ РС",
        "classroom": "314; ",
        "lecturer": "Нестеров С.А."
    },
    {
        "day": 1,
        "week_code": 2,
        "time": "16:45 Четная",
        "discipline": "лек ИСПЫТАНИЯ РС",
        "classroom": "314; ",
        "lecturer": "Нестеров С.А."
    },
    {
        "day": 1,
        "week_code": 1,
        "time": "18:30 Нечетная",
        "discipline": "пр ИСПЫТАНИЯ РС",
        "classroom": "101; ",
        "lecturer": "Нестеров С.А."
    },
    {
        "day": 1,
        "week_code": 2,
        "time": "18:30 Четная",
        "discipline": "пр ИСПЫТАНИЯ РС",
        "classroom": "101; ",
        "lecturer": "Нестеров С.А."
    },
    {
        "day": 2,
        "week_code": 1,
        "time": "14:55 Нечетная",
        "discipline": "лек ВЫСШ. МАТ. В НИ",
        "classroom": "450; ",
        "lecturer": "Солдаткин А.В."
    },
    {
        "day": 2,
        "week_code": 2,
        "time": "14:55 Четная",
        "discipline": "лек ВЫСШ. МАТ. В НИ",
        "classroom": "450; ",
        "lecturer": "Солдаткин А.В."
    },
    {
        "day": 2,
        "week_code": 1,
        "time": "16:45 Нечетная",
        "discipline": "лек МЕТ. НАУЧ. ИССЛЕД",
        "classroom": "429*; ",
        "lecturer": "Дрозд А.Л."
    },
    {
        "day": 3,
        "week_code": 1,
        "time": "16:45 Нечетная",
        "discipline": "пр ВЫСШ. МАТ. В НИ",
        "classroom": "213*; ",
        "lecturer": "Солдаткин А.В."
    },
    {
        "day": 3,
        "week_code": 2,
        "time": "16:45 Четная",
        "discipline": "пр МЯГ.ВЫЧ.В ЗАДАЧАХ",
        "classroom": "ВЦ 283; ",
        "lecturer": "Маслов А.А."
    },
    {
        "day": 4,
        "week_code": 2,
        "time": "14:55 Четная",
        "discipline": "лаб ТТ ГИДРОАЭРОМЕХ",
        "classroom": "лаб. ПДЛ; ",
        "lecturer": "Иголкин С.И."
    },
    {
        "day": 4,
        "week_code": 1,
        "time": "16:45 Нечетная",
        "discipline": "лек ТТ ГИДРОАЭРОМЕХ",
        "classroom": "438; ",
        "lecturer": "Иголкин С.И."
    },
    {
        "day": 4,
        "week_code": 2,
        "time": "16:45 Четная",
        "discipline": "лек ТТ ГИДРОАЭРОМЕХ",
        "classroom": "438; ",
        "lecturer": "Иголкин С.И."
    },
    {
        "day": 4,
        "week_code": 1,
        "time": "18:30 Нечетная",
        "discipline": "лек УПР.ПРОЕКТАМИ",
        "classroom": "331*; ",
        "lecturer": "Алёшкин Н.А."
    },
    {
        "day": 4,
        "week_code": 2,
        "time": "18:30 Четная",
        "discipline": "пр ТТ ГИДРОАЭРОМЕХ",
        "classroom": "438; ",
        "lecturer": "Иголкин С.И."
    },
    {
        "day": 4,
        "week_code": 1,
        "time": "20:05 Нечетная",
        "discipline": "пр УПР.ПРОЕКТАМИ",
        "classroom": "331*; ",
        "lecturer": "Алёшкин Н.А."
    },
    {
        "day": 5,
        "week_code": 1,
        "time": "14:55 Нечетная",
        "discipline": "пр ИН. ЯЗ.",
        "classroom": "310*; ",
        "lecturer": "Дунаевская М.А."
    },
    {
        "day": 5,
        "week_code": 2,
        "time": "14:55 Четная",
        "discipline": "пр ИН. ЯЗ.",
        "classroom": "310*; ",
        "lecturer": "Дунаевская М.А."
    },
    {
        "day": 5,
        "week_code": 1,
        "time": "16:45 Нечетная",
        "discipline": "пр МЕТ. НАУЧ. ИССЛЕД",
        "classroom": "403*; ",
        "lecturer": "Дрозд А.Л."
    },
    {
        "day": 5,
        "week_code": 1,
        "time": "18:30 Нечетная",
        "discipline": "пр МЯГ.ВЫЧ.В ЗАДАЧАХ",
        "classroom": "344; ",
        "lecturer": "Маслов А.А."
    },
    {
        "day": 5,
        "week_code": 2,
        "time": "18:30 Четная",
        "discipline": "пр МЯГ.ВЫЧ.В ЗАДАЧАХ",
        "classroom": "344; ",
        "lecturer": "Маслов А.А."
    }
]