[
    {
        "day": 1,
        "week_code": 1,
        "time": "14:55 Нечетная",
        "discipline": "лек СИСТЕМЫ  ТПП",
        "classroom": "СК М2-1; ",
        "lecturer": "Краснов В.И."
    },
    {
        "day": 1,
        "week_code": 1,
        "time": "16:45 Нечетная",
        "discipline": "пр СИСТЕМЫ  ТПП",
        "classroom": "СК М2-1; ",
        "lecturer": "Краснов В.И."
    },
    {
        "day": 1,
        "week_code": 2,
        "time": "16:45 Четная",
        "discipline": "пр СИСТЕМЫ  ТПП",
        "classroom": "СК М2-1; ",
        "lecturer": "Краснов В.И."
    },
    {
        "day": 1,
        "week_code": 1,
        "time": "18:30 Нечетная",
        "discipline": "пр Р.МЕТ. В СТР.МЕХ",
        "classroom": "ВЦ А3; ",
        "lecturer": "Климкин В.А."
    },
    {
        "day": 1,
        "week_code": 2,
        "time": "18:30 Четная",
        "discipline": "пр Р.МЕТ. В СТР.МЕХ",
        "classroom": "ВЦ А3; ",
        "lecturer": "Климкин В.А."
    },
    {
        "day": 1,
        "week_code": 2,
        "time": "20:05 Четная",
        "discipline": "лек Р.МЕТ. В СТР.МЕХ",
        "classroom": "ВЦ А3; ",
        "lecturer": "Климкин В.А."
    },
    {
        "day": 2,
        "week_code": 1,
        "time": "12:40 Нечетная",
        "discipline": "пр ПРОЕКТИРОВ.  КА",
        "classroom": "ВЦ А3; 390; ",
        "lecturer": "Ермолаев В.И."
    },
    {
        "day": 2,
        "week_code": 2,
        "time": "12:40 Четная",
        "discipline": "пр ПРОЕКТИРОВ.  КА",
        "classroom": "ВЦ А3; 390; ",
        "lecturer": "Ермолаев В.И."
    },
    {
        "day": 2,
        "week_code": 1,
        "time": "14:55 Нечетная",
        "discipline": "лек ПРОЕКТИРОВ.  КА",
        "classroom": "ВЦ А3; 390; ",
        "lecturer": "Ермолаев В.И."
    },
    {
        "day": 2,
        "week_code": 2,
        "time": "14:55 Четная",
        "discipline": "лек ПРОЕКТИРОВ.  КА",
        "classroom": "ВЦ А3; 390; ",
        "lecturer": "Ермолаев В.И."
    },
    {
        "day": 3,
        "week_code": 1,
        "time": "9:00 Нечетная",
        "discipline": "пр ДОП. ПОДГОТОВКА",
        "classroom": null,
        "lecturer": null
    },
    {
        "day": 3,
        "week_code": 2,
        "time": "9:00 Четная",
        "discipline": "пр ДОП. ПОДГОТОВКА",
        "classroom": null,
        "lecturer": null
    },
    {
        "day": 3,
        "week_code": 1,
        "time": "10:50 Нечетная",
        "discipline": "пр ДОП. ПОДГОТОВКА",
        "classroom": null,
        "lecturer": null
    },
    {
        "day": 3,
        "week_code": 2,
        "time": "10:50 Четная",
        "discipline": "пр ДОП. ПОДГОТОВКА",
        "classroom": null,
        "lecturer": null
    },
    {
        "day": 3,
        "week_code": 1,
        "time": "12:40 Нечетная",
        "discipline": "пр ДОП. ПОДГОТОВКА",
        "classroom": null,
        "lecturer": null
    },
    {
        "day": 3,
        "week_code": 2,
        "time": "12:40 Четная",
        "discipline": "пр ДОП. ПОДГОТОВКА",
        "classroom": null,
        "lecturer": null
    },
    {
        "day": 3,
        "week_code": 1,
        "time": "14:55 Нечетная",
        "discipline": "пр ДОП. ПОДГОТОВКА",
        "classroom": null,
        "lecturer": null
    },
    {
        "day": 3,
        "week_code": 2,
        "time": "14:55 Четная",
        "discipline": "пр ДОП. ПОДГОТОВКА",
        "classroom": null,
        "lecturer": null
    },
    {
        "day": 4,
        "week_code": 2,
        "time": "9:00 Четная",
        "discipline": "пр КОНСТРУИРОВ. КА",
        "classroom": "ВЦ А3; ",
        "lecturer": "Бокучава П.Н."
    },
    {
        "day": 4,
        "week_code": 1,
        "time": "10:50 Нечетная",
        "discipline": "пр ДВИГ. УСТАНОВКИ",
        "classroom": "ВЦ А3; 390; ",
        "lecturer": "Ермолаев В.И."
    },
    {
        "day": 4,
        "week_code": 2,
        "time": "10:50 Четная",
        "discipline": "лаб ДВИГ. УСТАНОВКИ",
        "classroom": "ВЦ А3; 390; ",
        "lecturer": "Ермолаев В.И."
    },
    {
        "day": 4,
        "week_code": 1,
        "time": "12:40 Нечетная",
        "discipline": "лек КОНСТРУИРОВ. КА",
        "classroom": "СК ИСС; ",
        "lecturer": "Евстафьев В.А."
    },
    {
        "day": 4,
        "week_code": 1,
        "time": "14:55 Нечетная",
        "discipline": "пр КОНСТРУИРОВ. КА",
        "classroom": "СК ИСС; ",
        "lecturer": "Евстафьев В.А."
    },
    {
        "day": 5,
        "week_code": 1,
        "time": "12:40 Нечетная",
        "discipline": "пр СИСТ.ОБЕСПЕЧ.ТР",
        "classroom": "390; ",
        "lecturer": "Калягин Л.И."
    },
    {
        "day": 5,
        "week_code": 2,
        "time": "12:40 Четная",
        "discipline": "пр СИСТ.ОБЕСПЕЧ.ТР",
        "classroom": "390; ",
        "lecturer": "Калягин Л.И."
    },
    {
        "day": 5,
        "week_code": 1,
        "time": "14:55 Нечетная",
        "discipline": "лек ДВИГ. УСТАНОВКИ",
        "classroom": "ВЦ А3; 390; ",
        "lecturer": "Ермолаев В.И."
    },
    {
        "day": 5,
        "week_code": 2,
        "time": "14:55 Четная",
        "discipline": "лек СИСТ.ОБЕСПЕЧ.ТР",
        "classroom": "390; ",
        "lecturer": "Калягин Л.И."
    }
]