[
    {
        "day": 1,
        "week_code": 1,
        "time": "12:40 Нечетная",
        "discipline": "лек ПРЕОБР.ИЗМ.СИГН",
        "classroom": "НТУ; ",
        "lecturer": "Дидковский Д.А."
    },
    {
        "day": 1,
        "week_code": 1,
        "time": "14:55 Нечетная",
        "discipline": "пр ПРЕОБР.ИЗМ.СИГН",
        "classroom": "СКМ1; ",
        "lecturer": "Дидковский Д.А."
    },
    {
        "day": 1,
        "week_code": 2,
        "time": "14:55 Четная",
        "discipline": "пр ПРЕОБР.ИЗМ.СИГН",
        "classroom": "СКМ1; ",
        "lecturer": "Дидковский Д.А."
    },
    {
        "day": 1,
        "week_code": 1,
        "time": "16:45 Нечетная",
        "discipline": "лек ЭНЕРГОСИСТЕМЫ",
        "classroom": "СК ИСС; ",
        "lecturer": "Куклин Д.И."
    },
    {
        "day": 4,
        "week_code": 1,
        "time": "12:40 Нечетная",
        "discipline": "лаб ЭНЕРГОСИСТЕМЫ",
        "classroom": "390; ",
        "lecturer": "Куклин Д.И."
    },
    {
        "day": 4,
        "week_code": 2,
        "time": "12:40 Четная",
        "discipline": "лаб ЭНЕРГОСИСТЕМЫ",
        "classroom": "390; ",
        "lecturer": "Куклин Д.И."
    },
    {
        "day": 4,
        "week_code": 1,
        "time": "14:55 Нечетная",
        "discipline": "пр СИСТ. АВТ. УПРАВ. ДВИЖ.",
        "classroom": "НТУ; ",
        "lecturer": "Матвеев Н.К."
    },
    {
        "day": 4,
        "week_code": 2,
        "time": "14:55 Четная",
        "discipline": "пр СИСТ. АВТ. УПРАВ. ДВИЖ.",
        "classroom": "НТУ; ",
        "lecturer": "Матвеев Н.К."
    },
    {
        "day": 4,
        "week_code": 1,
        "time": "16:45 Нечетная",
        "discipline": "лек СИСТ. АВТ. УПРАВ. ДВИЖ.",
        "classroom": "НТУ; ",
        "lecturer": "Матвеев Н.К."
    }
]