[
    {
        "day": 1,
        "week_code": 1,
        "time": "9:00 Нечетная",
        "discipline": "лек ИСПЫТ И ЭКСП. КА",
        "classroom": "СКМ1; ",
        "lecturer": "Семенов А.А."
    },
    {
        "day": 1,
        "week_code": 2,
        "time": "9:00 Четная",
        "discipline": "лек ИСПЫТ И ЭКСП. КА",
        "classroom": "СКМ1; ",
        "lecturer": "Семенов А.А."
    },
    {
        "day": 1,
        "week_code": 1,
        "time": "10:50 Нечетная",
        "discipline": "лек ТЕПЛОПЕРЕДАЧА",
        "classroom": "СКМ1; ",
        "lecturer": "Бабук В.А."
    },
    {
        "day": 1,
        "week_code": 2,
        "time": "10:50 Четная",
        "discipline": "лек ТЕПЛОПЕРЕДАЧА",
        "classroom": "СКМ1; ",
        "lecturer": "Бабук В.А."
    },
    {
        "day": 2,
        "week_code": 1,
        "time": "9:00 Нечетная",
        "discipline": "пр ДОП. ПОДГОТОВКА",
        "classroom": null,
        "lecturer": null
    },
    {
        "day": 2,
        "week_code": 2,
        "time": "9:00 Четная",
        "discipline": "пр ДОП. ПОДГОТОВКА",
        "classroom": null,
        "lecturer": null
    },
    {
        "day": 2,
        "week_code": 1,
        "time": "10:50 Нечетная",
        "discipline": "пр ДОП. ПОДГОТОВКА",
        "classroom": null,
        "lecturer": null
    },
    {
        "day": 2,
        "week_code": 2,
        "time": "10:50 Четная",
        "discipline": "пр ДОП. ПОДГОТОВКА",
        "classroom": null,
        "lecturer": null
    },
    {
        "day": 2,
        "week_code": 1,
        "time": "12:40 Нечетная",
        "discipline": "пр ДОП. ПОДГОТОВКА",
        "classroom": null,
        "lecturer": null
    },
    {
        "day": 2,
        "week_code": 2,
        "time": "12:40 Четная",
        "discipline": "пр ДОП. ПОДГОТОВКА",
        "classroom": null,
        "lecturer": null
    },
    {
        "day": 2,
        "week_code": 1,
        "time": "14:55 Нечетная",
        "discipline": "пр ДОП. ПОДГОТОВКА",
        "classroom": null,
        "lecturer": null
    },
    {
        "day": 2,
        "week_code": 2,
        "time": "14:55 Четная",
        "discipline": "пр ДОП. ПОДГОТОВКА",
        "classroom": null,
        "lecturer": null
    },
    {
        "day": 3,
        "week_code": 1,
        "time": "16:45 Нечетная",
        "discipline": "лек БЖД",
        "classroom": "374; ",
        "lecturer": "Васильев В.А."
    },
    {
        "day": 3,
        "week_code": 2,
        "time": "16:45 Четная",
        "discipline": "лек БЖД",
        "classroom": "313а; ",
        "lecturer": "Васильев В.А."
    },
    {
        "day": 3,
        "week_code": 1,
        "time": "18:30 Нечетная",
        "discipline": "пр ТЕОРИЯ САУ",
        "classroom": "КАБ.10; ",
        "lecturer": "Феоктистов А.И."
    },
    {
        "day": 3,
        "week_code": 2,
        "time": "18:30 Четная",
        "discipline": "пр ТЕОРИЯ САУ",
        "classroom": "КАБ.10; ",
        "lecturer": "Феоктистов А.И."
    },
    {
        "day": 3,
        "week_code": 1,
        "time": "20:05 Нечетная",
        "discipline": "лек ТЕОРИЯ САУ",
        "classroom": "492; ",
        "lecturer": "Феоктистов А.И."
    },
    {
        "day": 4,
        "week_code": 1,
        "time": "10:50 Нечетная",
        "discipline": "лек УСТР.АГР.СИСТ.КА",
        "classroom": "СК ИСС; ",
        "lecturer": "Семенов А.А."
    },
    {
        "day": 4,
        "week_code": 2,
        "time": "10:50 Четная",
        "discipline": "лаб УСТР.АГР.СИСТ.КА",
        "classroom": "КТ; СК ИСС; ",
        "lecturer": "Семенов А.А."
    },
    {
        "day": 4,
        "week_code": 1,
        "time": "12:40 Нечетная",
        "discipline": "лаб ТЕОР. МЕХ. И МАШ",
        "classroom": "372*; ",
        "lecturer": "Попов В.В."
    },
    {
        "day": 4,
        "week_code": 2,
        "time": "12:40 Четная",
        "discipline": "лаб ТЕОР. МЕХ. И МАШ",
        "classroom": "372*; ",
        "lecturer": "Попов В.В."
    },
    {
        "day": 4,
        "week_code": 1,
        "time": "14:55 Нечетная",
        "discipline": "лек ТЕОР. МЕХ. И МАШ",
        "classroom": "268*(фесто); ",
        "lecturer": "Попов В.В."
    },
    {
        "day": 4,
        "week_code": 2,
        "time": "14:55 Четная",
        "discipline": "лек ТЕОР. МЕХ. И МАШ",
        "classroom": "268*(фесто); ",
        "lecturer": "Попов В.В."
    },
    {
        "day": 4,
        "week_code": 1,
        "time": "16:45 Нечетная",
        "discipline": "пр БЖД",
        "classroom": "484; ",
        "lecturer": "Васильева В.К."
    },
    {
        "day": 4,
        "week_code": 2,
        "time": "16:45 Четная",
        "discipline": "лаб БЖД",
        "classroom": "384б; ",
        "lecturer": "Васильева В.К."
    },
    {
        "day": 5,
        "week_code": 1,
        "time": "10:50 Нечетная",
        "discipline": "пр ТЕПЛОПЕРЕДАЧА",
        "classroom": "СКМ1; ",
        "lecturer": "Бабук В.А."
    },
    {
        "day": 5,
        "week_code": 2,
        "time": "10:50 Четная",
        "discipline": "пр ТЕПЛОПЕРЕДАЧА",
        "classroom": "СКМ1; ",
        "lecturer": "Бабук В.А."
    },
    {
        "day": 5,
        "week_code": 1,
        "time": "12:40 Нечетная",
        "discipline": "пр МОД. ФИЗ ПРОЦ.",
        "classroom": "ВЦ А3; ",
        "lecturer": "Ходосов В.В."
    },
    {
        "day": 5,
        "week_code": 2,
        "time": "12:40 Четная",
        "discipline": "пр МОД. ФИЗ ПРОЦ.",
        "classroom": "ВЦ А3; ",
        "lecturer": "Ходосов В.В."
    },
    {
        "day": 5,
        "week_code": 1,
        "time": "14:55 Нечетная",
        "discipline": "лек МОД. ФИЗ ПРОЦ.",
        "classroom": "ВЦМ1; ",
        "lecturer": "Ходосов В.В."
    },
    {
        "day": 5,
        "week_code": 1,
        "time": "16:45 Нечетная",
        "discipline": "пр ИСПЫТ И ЭКСП. КА",
        "classroom": "СКМ1; ",
        "lecturer": "Зеликов А.Д."
    }
]