[
    {
        "day": "Понедельник",
        "week_code": "1",
        "time": "9:00 Нечетная",
        "discipline": "пр ЭК ПО ФК И СПОРТУ",
        "classroom": null,
        "lecturer": null
    },
    {
        "day": "Понедельник",
        "week_code": "2",
        "time": "9:00 Четная",
        "discipline": "пр ЭК ПО ФК И СПОРТУ",
        "classroom": null,
        "lecturer": null
    },
    {
        "day": "Понедельник",
        "week_code": "1",
        "time": "10:50 Нечетная",
        "discipline": "лек ВЫСШ. МАТЕМАТ",
        "classroom": "443; ",
        "lecturer": "Щеглова А.В."
    },
    {
        "day": "Понедельник",
        "week_code": "2",
        "time": "10:50 Четная",
        "discipline": "лек ВЫСШ. МАТЕМАТ",
        "classroom": "443; ",
        "lecturer": "Щеглова А.В."
    },
    {
        "day": "Понедельник",
        "week_code": "1",
        "time": "12:40 Нечетная",
        "discipline": "пр ВЫСШ. МАТЕМАТ",
        "classroom": "219*; ",
        "lecturer": "Каун Ю.В."
    },
    {
        "day": "Понедельник",
        "week_code": "2",
        "time": "12:40 Четная",
        "discipline": "пр ВЫСШ. МАТЕМАТ",
        "classroom": "219*; ",
        "lecturer": "Каун Ю.В."
    },
    {
        "day": "Вторник",
        "week_code": "1",
        "time": "10:50 Нечетная",
        "discipline": "пр ИНФ.ТЕХН. И ПРОГР.",
        "classroom": "ВЦ 371; ",
        "lecturer": "Селина Е.Г."
    },
    {
        "day": "Вторник",
        "week_code": "2",
        "time": "10:50 Четная",
        "discipline": "пр ИНФ.ТЕХН. И ПРОГР.",
        "classroom": "ВЦ 371; ",
        "lecturer": "Селина Е.Г."
    },
    {
        "day": "Вторник",
        "week_code": "1",
        "time": "12:40 Нечетная",
        "discipline": "лек ОСН РОС ГОС",
        "classroom": "443; ",
        "lecturer": "Лысенко Е.М."
    },
    {
        "day": "Вторник",
        "week_code": "2",
        "time": "12:40 Четная",
        "discipline": "пр ФИЗИКА",
        "classroom": "434*; ",
        "lecturer": null
    },
    {
        "day": "Вторник",
        "week_code": "1",
        "time": "14:55 Нечетная",
        "discipline": "лек ФИЗИКА",
        "classroom": "327*; ",
        "lecturer": "Князева Т.Н."
    },
    {
        "day": "Вторник",
        "week_code": "2",
        "time": "14:55 Четная",
        "discipline": "лек ФИЗИКА",
        "classroom": "327*; ",
        "lecturer": "Князева Т.Н."
    },
    {
        "day": "Вторник",
        "week_code": "2",
        "time": "16:45 Четная",
        "discipline": "пр ИСТОРИЯ",
        "classroom": "422*; ",
        "lecturer": "Савинов М.А."
    },
    {
        "day": "Среда",
        "week_code": "1",
        "time": "9:00 Нечетная",
        "discipline": "пр ЭК ПО ФК И СПОРТУ",
        "classroom": null,
        "lecturer": null
    },
    {
        "day": "Среда",
        "week_code": "2",
        "time": "9:00 Четная",
        "discipline": "пр ЭК ПО ФК И СПОРТУ",
        "classroom": null,
        "lecturer": null
    },
    {
        "day": "Среда",
        "week_code": "1",
        "time": "10:50 Нечетная",
        "discipline": "лаб ХИМИЯ",
        "classroom": "559*; ",
        "lecturer": "Киселев А.П."
    },
    {
        "day": "Среда",
        "week_code": "2",
        "time": "10:50 Четная",
        "discipline": "лаб ХИМИЯ",
        "classroom": "559*; ",
        "lecturer": "Киселев А.П."
    },
    {
        "day": "Среда",
        "week_code": "1",
        "time": "12:40 Нечетная",
        "discipline": "лек ИСТОРИЯ",
        "classroom": "443; ",
        "lecturer": "Савинов М.А."
    },
    {
        "day": "Среда",
        "week_code": "2",
        "time": "12:40 Четная",
        "discipline": "лек ИСТОРИЯ",
        "classroom": "493; ",
        "lecturer": "Савинов М.А."
    },
    {
        "day": "Среда",
        "week_code": "1",
        "time": "14:55 Нечетная",
        "discipline": "лек ИНФ.ТЕХН. И ПРОГР.",
        "classroom": "374; ",
        "lecturer": "Ракова И.К."
    },
    {
        "day": "Среда",
        "week_code": "2",
        "time": "14:55 Четная",
        "discipline": "лек ИНФ.ТЕХН. И ПРОГР.",
        "classroom": "374; ",
        "lecturer": "Ракова И.К."
    },
    {
        "day": "Четверг",
        "week_code": "1",
        "time": "9:00 Нечетная",
        "discipline": "лек ПСИХ-Я.ПРОФ.ДЕЯ-НИ",
        "classroom": "437*; ",
        "lecturer": "Фомина А.П."
    },
    {
        "day": "Четверг",
        "week_code": "2",
        "time": "9:00 Четная",
        "discipline": "лек ПСИХ-Я.ПРОФ.ДЕЯ-НИ",
        "classroom": "437*; ",
        "lecturer": "Фомина А.П."
    },
    {
        "day": "Четверг",
        "week_code": "1",
        "time": "10:50 Нечетная",
        "discipline": "пр ИН. ЯЗ.",
        "classroom": "309*; ",
        "lecturer": "Кузнецова И.Т."
    },
    {
        "day": "Четверг",
        "week_code": "2",
        "time": "10:50 Четная",
        "discipline": "пр ИН. ЯЗ.",
        "classroom": "309*; ",
        "lecturer": "Кузнецова И.Т."
    },
    {
        "day": "Четверг",
        "week_code": "2",
        "time": "12:40 Четная",
        "discipline": "лек ХИМИЯ",
        "classroom": "433*; ",
        "lecturer": "Маслобоев Д.С."
    },
    {
        "day": "Пятница",
        "week_code": "1",
        "time": "10:50 Нечетная",
        "discipline": "пр ИНЖ.И КОМП. ГРАФ",
        "classroom": "503*; ",
        "lecturer": "Буткарев А.Г."
    },
    {
        "day": "Пятница",
        "week_code": "2",
        "time": "10:50 Четная",
        "discipline": "пр ИНЖ.И КОМП. ГРАФ",
        "classroom": "503*; ",
        "lecturer": "Буткарев А.Г."
    },
    {
        "day": "Пятница",
        "week_code": "1",
        "time": "12:40 Нечетная",
        "discipline": "пр ПСИХ-Я.ПРОФ.ДЕЯ-НИ",
        "classroom": "425*; ",
        "lecturer": "Зареева Т.В."
    },
    {
        "day": "Пятница",
        "week_code": "2",
        "time": "12:40 Четная",
        "discipline": "лаб ФИЗИКА",
        "classroom": "323*; ",
        "lecturer": null
    },
    {
        "day": "Пятница",
        "week_code": "1",
        "time": "14:55 Нечетная",
        "discipline": "пр ОСН РОС ГОС",
        "classroom": "507*а; ",
        "lecturer": "Лысенко Е.М."
    },
    {
        "day": "Пятница",
        "week_code": "2",
        "time": "14:55 Четная",
        "discipline": "пр ОСН РОС ГОС",
        "classroom": "422*; ",
        "lecturer": "Лысенко Е.М."
    }
]