[
    {
        "day": 1,
        "week_code": 1,
        "time": "10:50 Нечетная",
        "discipline": "пр CАПР И ПП CATIA",
        "classroom": "ВЦ А3; ",
        "lecturer": "Ходосов В.В."
    },
    {
        "day": 1,
        "week_code": 2,
        "time": "10:50 Четная",
        "discipline": "пр CАПР И ПП CATIA",
        "classroom": "ВЦ А3; ",
        "lecturer": "Ходосов В.В."
    },
    {
        "day": 1,
        "week_code": 1,
        "time": "12:40 Нечетная",
        "discipline": "пр ЭЛЕКТРОРАКЕТ.ДВ.КА",
        "classroom": "КТ; ",
        "lecturer": "Будный Н.Л."
    },
    {
        "day": 1,
        "week_code": 2,
        "time": "12:40 Четная",
        "discipline": "пр ЭЛЕКТРОРАКЕТ.ДВ.КА",
        "classroom": "КТ; ",
        "lecturer": "Будный Н.Л."
    },
    {
        "day": 1,
        "week_code": 1,
        "time": "14:55 Нечетная",
        "discipline": "пр ПРОЕКТИРОВ.  КА",
        "classroom": "ВЦ А3; 390; ",
        "lecturer": "Ермолаев В.И."
    },
    {
        "day": 1,
        "week_code": 2,
        "time": "14:55 Четная",
        "discipline": "пр ПРОЕКТИРОВ.  КА",
        "classroom": "ВЦ А3; 390; ",
        "lecturer": "Ермолаев В.И."
    },
    {
        "day": 2,
        "week_code": 1,
        "time": "14:55 Нечетная",
        "discipline": "лек ВЫСШ. МАТ. В НИ",
        "classroom": "450; ",
        "lecturer": "Солдаткин А.В."
    },
    {
        "day": 2,
        "week_code": 2,
        "time": "14:55 Четная",
        "discipline": "лек ВЫСШ. МАТ. В НИ",
        "classroom": "450; ",
        "lecturer": "Солдаткин А.В."
    },
    {
        "day": 2,
        "week_code": 1,
        "time": "16:45 Нечетная",
        "discipline": "лек МЕТ. НАУЧ. ИССЛЕД",
        "classroom": "429*; ",
        "lecturer": "Дрозд А.Л."
    },
    {
        "day": 2,
        "week_code": 1,
        "time": "18:30 Нечетная",
        "discipline": "пр МЕТ. НАУЧ. ИССЛЕД",
        "classroom": "507*а; ",
        "lecturer": "Дрозд А.Л."
    },
    {
        "day": 3,
        "week_code": 1,
        "time": "12:40 Нечетная",
        "discipline": "лек НАДЕЖ.МЕХ.СИСТ.КА",
        "classroom": "СКМ1; ",
        "lecturer": "Бабук В.А."
    },
    {
        "day": 3,
        "week_code": 2,
        "time": "12:40 Четная",
        "discipline": "лек ЭЛЕКТРОРАКЕТ.ДВ.КА",
        "classroom": "ВЦ А3; ",
        "lecturer": "Будный Н.Л."
    },
    {
        "day": 3,
        "week_code": 1,
        "time": "14:55 Нечетная",
        "discipline": "пр НАДЕЖ.МЕХ.СИСТ.КА",
        "classroom": "СКМ1; ",
        "lecturer": "Бабук В.А."
    },
    {
        "day": 3,
        "week_code": 2,
        "time": "14:55 Четная",
        "discipline": "пр НАДЕЖ.МЕХ.СИСТ.КА",
        "classroom": "СКМ1; ",
        "lecturer": "Бабук В.А."
    },
    {
        "day": 3,
        "week_code": 1,
        "time": "16:45 Нечетная",
        "discipline": "пр ВЫСШ. МАТ. В НИ",
        "classroom": "213*; ",
        "lecturer": "Солдаткин А.В."
    },
    {
        "day": 4,
        "week_code": 1,
        "time": "18:30 Нечетная",
        "discipline": "лек УПР.ПРОЕКТАМИ",
        "classroom": "331*; ",
        "lecturer": "Алёшкин Н.А."
    },
    {
        "day": 4,
        "week_code": 1,
        "time": "20:05 Нечетная",
        "discipline": "пр УПР.ПРОЕКТАМИ",
        "classroom": "331*; ",
        "lecturer": "Алёшкин Н.А."
    },
    {
        "day": 5,
        "week_code": 1,
        "time": "16:45 Нечетная",
        "discipline": "пр ИН. ЯЗ.",
        "classroom": "306*; ",
        "lecturer": "Дунаевская М.А."
    },
    {
        "day": 5,
        "week_code": 2,
        "time": "16:45 Четная",
        "discipline": "пр ИН. ЯЗ.",
        "classroom": "306*; ",
        "lecturer": "Дунаевская М.А."
    }
]