[
    {
        "day": "Понедельник",
        "week_code": "1",
        "time": "10:50 Нечетная",
        "discipline": "лек АГРЕГ.СТАРТ.ОБОР",
        "classroom": "375; ",
        "lecturer": "Дудин С.М."
    },
    {
        "day": "Понедельник",
        "week_code": "2",
        "time": "10:50 Четная",
        "discipline": "лек АГРЕГ.СТАРТ.ОБОР",
        "classroom": "375; ",
        "lecturer": "Дудин С.М."
    },
    {
        "day": "Понедельник",
        "week_code": "1",
        "time": "12:40 Нечетная",
        "discipline": "лаб ГАЗ. ПРИВОДЫ СК",
        "classroom": "ДК; ",
        "lecturer": "Жеребин А.И."
    },
    {
        "day": "Понедельник",
        "week_code": "2",
        "time": "12:40 Четная",
        "discipline": "лаб ТЕОР. АМОРТИЗАЦ",
        "classroom": "СК А4; ",
        "lecturer": "Гагарский С.В."
    },
    {
        "day": "Понедельник",
        "week_code": "1",
        "time": "14:55 Нечетная",
        "discipline": "лек ГАЗ. ПРИВОДЫ СК",
        "classroom": "375; ",
        "lecturer": "Жеребин А.И."
    },
    {
        "day": "Понедельник",
        "week_code": "2",
        "time": "14:55 Четная",
        "discipline": "лек ГАЗ. ПРИВОДЫ СК",
        "classroom": "375; ",
        "lecturer": "Жеребин А.И."
    },
    {
        "day": "Вторник",
        "week_code": "1",
        "time": "10:50 Нечетная",
        "discipline": "лек ТЕОР. АМОРТИЗАЦ",
        "classroom": "375; ",
        "lecturer": "Синильщиков В.Б."
    },
    {
        "day": "Вторник",
        "week_code": "2",
        "time": "10:50 Четная",
        "discipline": "лек ТЕОР. АМОРТИЗАЦ",
        "classroom": "375; ",
        "lecturer": "Синильщиков В.Б."
    },
    {
        "day": "Вторник",
        "week_code": "1",
        "time": "12:40 Нечетная",
        "discipline": "лек СТРУЙНЫЕ ТЕЧЕН",
        "classroom": "375; ",
        "lecturer": "Синильщиков В.Б."
    },
    {
        "day": "Вторник",
        "week_code": "2",
        "time": "12:40 Четная",
        "discipline": "лек СТРУЙНЫЕ ТЕЧЕН",
        "classroom": "375; ",
        "lecturer": "Синильщиков В.Б."
    },
    {
        "day": "Среда",
        "week_code": "1",
        "time": "9:00 Нечетная",
        "discipline": "пр ДОП. ПОДГОТОВКА",
        "classroom": null,
        "lecturer": null
    },
    {
        "day": "Среда",
        "week_code": "2",
        "time": "9:00 Четная",
        "discipline": "пр ДОП. ПОДГОТОВКА",
        "classroom": null,
        "lecturer": null
    },
    {
        "day": "Среда",
        "week_code": "1",
        "time": "10:50 Нечетная",
        "discipline": "пр ДОП. ПОДГОТОВКА",
        "classroom": null,
        "lecturer": null
    },
    {
        "day": "Среда",
        "week_code": "2",
        "time": "10:50 Четная",
        "discipline": "пр ДОП. ПОДГОТОВКА",
        "classroom": null,
        "lecturer": null
    },
    {
        "day": "Среда",
        "week_code": "1",
        "time": "12:40 Нечетная",
        "discipline": "пр ДОП. ПОДГОТОВКА",
        "classroom": null,
        "lecturer": null
    },
    {
        "day": "Среда",
        "week_code": "2",
        "time": "12:40 Четная",
        "discipline": "пр ДОП. ПОДГОТОВКА",
        "classroom": null,
        "lecturer": null
    },
    {
        "day": "Среда",
        "week_code": "1",
        "time": "14:55 Нечетная",
        "discipline": "пр ДОП. ПОДГОТОВКА",
        "classroom": null,
        "lecturer": null
    },
    {
        "day": "Среда",
        "week_code": "2",
        "time": "14:55 Четная",
        "discipline": "пр ДОП. ПОДГОТОВКА",
        "classroom": null,
        "lecturer": null
    },
    {
        "day": "Четверг",
        "week_code": "2",
        "time": "10:50 Четная",
        "discipline": "лаб ДИНАМ.КОНСТРУКЦ",
        "classroom": "СК А4; ",
        "lecturer": "Мелихов К.В."
    },
    {
        "day": "Четверг",
        "week_code": "2",
        "time": "12:40 Четная",
        "discipline": "пр ДИНАМ.КОНСТРУКЦ",
        "classroom": "СК А4; ",
        "lecturer": "Мелихов К.В."
    },
    {
        "day": "Пятница",
        "week_code": "1",
        "time": "16:45 Нечетная",
        "discipline": "пр ПРОЕКТИР. МТС",
        "classroom": "СК А4; ",
        "lecturer": "Красильников Р.В."
    },
    {
        "day": "Пятница",
        "week_code": "2",
        "time": "16:45 Четная",
        "discipline": "пр ПРОЕКТИР. МТС",
        "classroom": "СК А4; ",
        "lecturer": "Красильников Р.В."
    },
    {
        "day": "Пятница",
        "week_code": "1",
        "time": "18:30 Нечетная",
        "discipline": "лек ФИЗ. ОСН.ПУСКА",
        "classroom": "СК А4; ",
        "lecturer": "Маштаков А.П."
    },
    {
        "day": "Пятница",
        "week_code": "2",
        "time": "18:30 Четная",
        "discipline": "лек ФИЗ. ОСН.ПУСКА",
        "classroom": "СК А4; ",
        "lecturer": "Маштаков А.П."
    },
    {
        "day": "Пятница",
        "week_code": "1",
        "time": "20:05 Нечетная",
        "discipline": "лаб ФИЗ. ОСН.ПУСКА",
        "classroom": "ДК; ",
        "lecturer": "Маштаков А.П."
    },
    {
        "day": "Пятница",
        "week_code": "2",
        "time": "20:05 Четная",
        "discipline": "лаб СТРУЙНЫЕ ТЕЧЕН",
        "classroom": "СК А4; ",
        "lecturer": "Маштаков А.П."
    }
]