[
    {
        "day": "Вторник",
        "week_code": "1",
        "time": "14:55 Нечетная",
        "discipline": "пр СТРУЙНЫЕ ТЕЧЕН",
        "classroom": "375; ",
        "lecturer": "Синильщиков В.Б."
    },
    {
        "day": "Вторник",
        "week_code": "2",
        "time": "14:55 Четная",
        "discipline": "пр СТРУЙНЫЕ ТЕЧЕН",
        "classroom": "375; ",
        "lecturer": "Синильщиков В.Б."
    },
    {
        "day": "Вторник",
        "week_code": "1",
        "time": "16:45 Нечетная",
        "discipline": "пр ФИЗ. ОСН.ПУСКА",
        "classroom": "СК А4; ",
        "lecturer": "Маштаков А.П."
    },
    {
        "day": "Вторник",
        "week_code": "2",
        "time": "16:45 Четная",
        "discipline": "пр ФИЗ. ОСН.ПУСКА",
        "classroom": "СК А4; ",
        "lecturer": "Маштаков А.П."
    },
    {
        "day": "Вторник",
        "week_code": "1",
        "time": "18:30 Нечетная",
        "discipline": "лаб СТРУЙНЫЕ ТЕЧЕН",
        "classroom": "СК А4; ",
        "lecturer": "Маштаков А.П."
    },
    {
        "day": "Среда",
        "week_code": "1",
        "time": "9:00 Нечетная",
        "discipline": "пр ДОП. ПОДГОТОВКА",
        "classroom": null,
        "lecturer": null
    },
    {
        "day": "Среда",
        "week_code": "2",
        "time": "9:00 Четная",
        "discipline": "пр ДОП. ПОДГОТОВКА",
        "classroom": null,
        "lecturer": null
    },
    {
        "day": "Среда",
        "week_code": "1",
        "time": "10:50 Нечетная",
        "discipline": "пр ДОП. ПОДГОТОВКА",
        "classroom": null,
        "lecturer": null
    },
    {
        "day": "Среда",
        "week_code": "2",
        "time": "10:50 Четная",
        "discipline": "пр ДОП. ПОДГОТОВКА",
        "classroom": null,
        "lecturer": null
    },
    {
        "day": "Среда",
        "week_code": "1",
        "time": "12:40 Нечетная",
        "discipline": "пр ДОП. ПОДГОТОВКА",
        "classroom": null,
        "lecturer": null
    },
    {
        "day": "Среда",
        "week_code": "2",
        "time": "12:40 Четная",
        "discipline": "пр ДОП. ПОДГОТОВКА",
        "classroom": null,
        "lecturer": null
    },
    {
        "day": "Среда",
        "week_code": "1",
        "time": "14:55 Нечетная",
        "discipline": "пр ДОП. ПОДГОТОВКА",
        "classroom": null,
        "lecturer": null
    },
    {
        "day": "Среда",
        "week_code": "2",
        "time": "14:55 Четная",
        "discipline": "пр ДОП. ПОДГОТОВКА",
        "classroom": null,
        "lecturer": null
    },
    {
        "day": "Четверг",
        "week_code": "1",
        "time": "14:55 Нечетная",
        "discipline": "лаб ФИЗ. ОСН.ПУСКА",
        "classroom": "ДК; ",
        "lecturer": "Жеребин А.И."
    },
    {
        "day": "Четверг",
        "week_code": "2",
        "time": "14:55 Четная",
        "discipline": "лаб ГИДРООБОРУД. СК",
        "classroom": "110; ",
        "lecturer": "Андреев О.В."
    },
    {
        "day": "Четверг",
        "week_code": "1",
        "time": "16:45 Нечетная",
        "discipline": "пр ДИНАМ.КОНСТРУКЦ",
        "classroom": "САПР; ",
        "lecturer": "Мелихов К.В."
    },
    {
        "day": "Четверг",
        "week_code": "2",
        "time": "16:45 Четная",
        "discipline": "лек ГИДРООБОРУД. СК",
        "classroom": "375; ",
        "lecturer": "Андреев О.В."
    },
    {
        "day": "Четверг",
        "week_code": "1",
        "time": "18:30 Нечетная",
        "discipline": "лаб ДИНАМ.КОНСТРУКЦ",
        "classroom": "СК А4; ",
        "lecturer": "Мелихов К.В."
    },
    {
        "day": "Пятница",
        "week_code": "1",
        "time": "12:40 Нечетная",
        "discipline": "пр МЕТ. ОПТИМИЗ. ТС",
        "classroom": "СК А4; ",
        "lecturer": "Гагарский С.В."
    },
    {
        "day": "Пятница",
        "week_code": "2",
        "time": "12:40 Четная",
        "discipline": "пр МЕТ. ОПТИМИЗ. ТС",
        "classroom": "СК А4; ",
        "lecturer": "Гагарский С.В."
    },
    {
        "day": "Пятница",
        "week_code": "1",
        "time": "14:55 Нечетная",
        "discipline": "пр АГРЕГ.СТАРТ.ОБОР",
        "classroom": "375; ",
        "lecturer": "Дудин С.М."
    },
    {
        "day": "Пятница",
        "week_code": "2",
        "time": "14:55 Четная",
        "discipline": "пр АГРЕГ.СТАРТ.ОБОР",
        "classroom": "375; ",
        "lecturer": "Дудин С.М."
    }
]