[
    {
        "day": 1,
        "week_code": 1,
        "time": "9:00 Нечетная",
        "discipline": "лек ТЕХН.КОНСТР.МАТ",
        "classroom": "474; ",
        "lecturer": "Кочетков  А.Н."
    },
    {
        "day": 1,
        "week_code": 2,
        "time": "9:00 Четная",
        "discipline": "лек ТЕХН.КОНСТР.МАТ",
        "classroom": "474; ",
        "lecturer": "Кочетков  А.Н."
    },
    {
        "day": 1,
        "week_code": 1,
        "time": "10:50 Нечетная",
        "discipline": "пр ВЫСШ. МАТЕМАТ",
        "classroom": "446; ",
        "lecturer": "Вандеев В.П."
    },
    {
        "day": 1,
        "week_code": 2,
        "time": "10:50 Четная",
        "discipline": "пр ВЫСШ. МАТЕМАТ",
        "classroom": "446; ",
        "lecturer": "Вандеев В.П."
    },
    {
        "day": 1,
        "week_code": 1,
        "time": "12:40 Нечетная",
        "discipline": "лек ОСН.СИСТ.АНАЛИЗА",
        "classroom": "493; ",
        "lecturer": "Кулаков А.Ю."
    },
    {
        "day": 2,
        "week_code": 1,
        "time": "14:55 Нечетная",
        "discipline": "лек ТЕРМОДИНАМИКА",
        "classroom": "310; ",
        "lecturer": "Саваровский А.А."
    },
    {
        "day": 2,
        "week_code": 2,
        "time": "14:55 Четная",
        "discipline": "лек ТЕРМОДИНАМИКА",
        "classroom": "310; ",
        "lecturer": "Саваровский А.А."
    },
    {
        "day": 2,
        "week_code": 1,
        "time": "16:45 Нечетная",
        "discipline": "пр ЭК ПО ФК И СПОРТУ",
        "classroom": null,
        "lecturer": null
    },
    {
        "day": 2,
        "week_code": 2,
        "time": "16:45 Четная",
        "discipline": "пр ЭК ПО ФК И СПОРТУ",
        "classroom": null,
        "lecturer": null
    },
    {
        "day": 3,
        "week_code": 2,
        "time": "9:00 Четная",
        "discipline": "пр ОСН.СИСТ.АНАЛИЗА",
        "classroom": "КАБ.10; ",
        "lecturer": "Кириллов А.В."
    },
    {
        "day": 3,
        "week_code": 1,
        "time": "10:50 Нечетная",
        "discipline": "лек ВЫСШ. МАТЕМАТ",
        "classroom": "443; ",
        "lecturer": "Волченкова Н.М."
    },
    {
        "day": 3,
        "week_code": 2,
        "time": "10:50 Четная",
        "discipline": "лек ВЫСШ. МАТЕМАТ",
        "classroom": "450; ",
        "lecturer": "Волченкова Н.М."
    },
    {
        "day": 3,
        "week_code": 1,
        "time": "12:40 Нечетная",
        "discipline": "пр ИН. ЯЗ.",
        "classroom": "310*; ",
        "lecturer": "Караваева А.В."
    },
    {
        "day": 3,
        "week_code": 2,
        "time": "12:40 Четная",
        "discipline": "пр ИН. ЯЗ.",
        "classroom": "310*; ",
        "lecturer": "Караваева А.В."
    },
    {
        "day": 3,
        "week_code": 1,
        "time": "14:55 Нечетная",
        "discipline": "пр СОПР.МАТЕРИАЛОВ",
        "classroom": "102*; ",
        "lecturer": "Буткарева Н.Г."
    },
    {
        "day": 3,
        "week_code": 2,
        "time": "14:55 Четная",
        "discipline": "пр МЕТР.И ОСН.ВЗАИМ",
        "classroom": "201*; ",
        "lecturer": "Голикова В.В."
    },
    {
        "day": 4,
        "week_code": 1,
        "time": "10:50 Нечетная",
        "discipline": "лек СОПР.МАТЕРИАЛОВ",
        "classroom": "314; ",
        "lecturer": "Буткарева Н.Г."
    },
    {
        "day": 4,
        "week_code": 2,
        "time": "10:50 Четная",
        "discipline": "лек СОПР.МАТЕРИАЛОВ",
        "classroom": "314; ",
        "lecturer": "Буткарева Н.Г."
    },
    {
        "day": 4,
        "week_code": 1,
        "time": "12:40 Нечетная",
        "discipline": "лек МЕТР.И ОСН.ВЗАИМ",
        "classroom": "374; ",
        "lecturer": "Кочеткова Т.П."
    },
    {
        "day": 4,
        "week_code": 2,
        "time": "12:40 Четная",
        "discipline": "лек МЕТР.И ОСН.ВЗАИМ",
        "classroom": "310; ",
        "lecturer": "Кочеткова Т.П."
    },
    {
        "day": 4,
        "week_code": 1,
        "time": "14:55 Нечетная",
        "discipline": "пр ЦИФ.ТЕХ.ОТР.ПРОМ.",
        "classroom": "256*; ",
        "lecturer": "Горелов А.А."
    },
    {
        "day": 4,
        "week_code": 2,
        "time": "14:55 Четная",
        "discipline": "пр ТЕРМОДИНАМИКА",
        "classroom": "СК2а; ",
        "lecturer": "Тарасов В.Н."
    },
    {
        "day": 4,
        "week_code": 1,
        "time": "16:45 Нечетная",
        "discipline": "лек ЦИФ.ТЕХ.ОТР.ПРОМ.",
        "classroom": "314; ",
        "lecturer": "Скорнякова Е.А."
    },
    {
        "day": 4,
        "week_code": 2,
        "time": "16:45 Четная",
        "discipline": "лек ЦИФ.ТЕХ.ОТР.ПРОМ.",
        "classroom": "314; ",
        "lecturer": "Скорнякова Е.А."
    },
    {
        "day": 5,
        "week_code": 1,
        "time": "12:40 Нечетная",
        "discipline": "пр ТЕХН.КОНСТР.МАТ",
        "classroom": "475; ",
        "lecturer": "Кочетков  А.Н."
    },
    {
        "day": 5,
        "week_code": 2,
        "time": "12:40 Четная",
        "discipline": "лаб ТЕРМОДИНАМИКА",
        "classroom": "ТМП-3; ТМП-4; ТМП-6; ",
        "lecturer": "Ценёва С.Н."
    },
    {
        "day": 5,
        "week_code": 1,
        "time": "14:55 Нечетная",
        "discipline": "пр ЭК ПО ФК И СПОРТУ",
        "classroom": null,
        "lecturer": null
    },
    {
        "day": 5,
        "week_code": 2,
        "time": "14:55 Четная",
        "discipline": "пр ЭК ПО ФК И СПОРТУ",
        "classroom": null,
        "lecturer": null
    },
    {
        "day": 5,
        "week_code": 1,
        "time": "16:45 Нечетная",
        "discipline": "лек ФИЗИКА",
        "classroom": "327*; ",
        "lecturer": "Федоров Д.Л."
    },
    {
        "day": 5,
        "week_code": 2,
        "time": "16:45 Четная",
        "discipline": "лек ФИЗИКА",
        "classroom": "327*; ",
        "lecturer": "Федоров Д.Л."
    }
]