[
    {
        "day": "Понедельник",
        "week_code": "1",
        "time": "16:45 Нечетная",
        "discipline": "лек ПРОЕКТИР. СК НБ",
        "classroom": "СК А4; ",
        "lecturer": "Шерин П.А."
    },
    {
        "day": "Понедельник",
        "week_code": "2",
        "time": "16:45 Четная",
        "discipline": "лек ПРОЕКТИР. СК НБ",
        "classroom": "СК А4; ",
        "lecturer": "Шерин П.А."
    },
    {
        "day": "Понедельник",
        "week_code": "1",
        "time": "18:30 Нечетная",
        "discipline": "лек ПРОЕКТИР. СК НБ",
        "classroom": "САПР; ",
        "lecturer": "Шерин П.А."
    },
    {
        "day": "Понедельник",
        "week_code": "2",
        "time": "18:30 Четная",
        "discipline": "лаб ПРОЕКТИР. СК НБ",
        "classroom": "САПР; ",
        "lecturer": "Шерин П.А."
    },
    {
        "day": "Вторник",
        "week_code": "1",
        "time": "14:55 Нечетная",
        "discipline": "лаб ПРОЕКТИР. СК МБ",
        "classroom": "ДК; ",
        "lecturer": "Жеребин А.И."
    },
    {
        "day": "Вторник",
        "week_code": "2",
        "time": "14:55 Четная",
        "discipline": "лаб ПРОЕКТИР. СК СН",
        "classroom": "СК А4; ",
        "lecturer": "Мелихов К.В."
    },
    {
        "day": "Вторник",
        "week_code": "1",
        "time": "16:45 Нечетная",
        "discipline": "лек ПРОЕКТИР. СК МБ",
        "classroom": "375; ",
        "lecturer": "Дудин С.М."
    },
    {
        "day": "Вторник",
        "week_code": "2",
        "time": "16:45 Четная",
        "discipline": "лек ПРОЕКТИР. СК МБ",
        "classroom": "375; ",
        "lecturer": "Дудин С.М."
    },
    {
        "day": "Вторник",
        "week_code": "1",
        "time": "18:30 Нечетная",
        "discipline": "лек ПРОЕКТИР. СК МБ",
        "classroom": "375; ",
        "lecturer": "Дудин С.М."
    },
    {
        "day": "Среда",
        "week_code": "1",
        "time": "16:45 Нечетная",
        "discipline": "лек ПРОЕКТИР. СК СН",
        "classroom": "СК А4; ",
        "lecturer": "Маштаков А.П."
    },
    {
        "day": "Среда",
        "week_code": "2",
        "time": "16:45 Четная",
        "discipline": "лек ПРОЕКТИР. СК СН",
        "classroom": "СК А4; ",
        "lecturer": "Маштаков А.П."
    },
    {
        "day": "Среда",
        "week_code": "2",
        "time": "18:30 Четная",
        "discipline": "лек ПРОЕКТИР. СК СН",
        "classroom": "СК А4; ",
        "lecturer": "Маштаков А.П."
    },
    {
        "day": "Пятница",
        "week_code": "1",
        "time": "10:50 Нечетная",
        "discipline": "пр МЕТ. ОПТИМИЗ. ТС",
        "classroom": "СК А4; ",
        "lecturer": "Гагарский С.В."
    },
    {
        "day": "Пятница",
        "week_code": "2",
        "time": "10:50 Четная",
        "discipline": "пр МЕТ. ОПТИМИЗ. ТС",
        "classroom": "СК А4; ",
        "lecturer": "Гагарский С.В."
    },
    {
        "day": "Пятница",
        "week_code": "1",
        "time": "12:40 Нечетная",
        "discipline": "пр ГАЗОДИН. НАГ-КИ",
        "classroom": "375; ",
        "lecturer": "Синильщиков В.Б."
    },
    {
        "day": "Пятница",
        "week_code": "2",
        "time": "12:40 Четная",
        "discipline": "пр ГАЗОДИН. НАГ-КИ",
        "classroom": "375; ",
        "lecturer": "Синильщиков В.Б."
    }
]