[
    {
        "day": "Понедельник",
        "week_code": "1",
        "time": "12:40 Нечетная",
        "discipline": "пр ПРОГР.ОБЕС.СРВ",
        "classroom": "277; ",
        "lecturer": "Костин И.Д."
    },
    {
        "day": "Понедельник",
        "week_code": "2",
        "time": "12:40 Четная",
        "discipline": "пр ПРОГР.ОБЕС.СРВ",
        "classroom": "277; ",
        "lecturer": "Костин И.Д."
    },
    {
        "day": "Понедельник",
        "week_code": "1",
        "time": "14:55 Нечетная",
        "discipline": "лек СТАТ. ДИНАМИКА",
        "classroom": "493; ",
        "lecturer": "Лемешонок Т.Ю."
    },
    {
        "day": "Понедельник",
        "week_code": "2",
        "time": "14:55 Четная",
        "discipline": "лек СТАТ. ДИНАМИКА",
        "classroom": "492; ",
        "lecturer": "Лемешонок Т.Ю."
    },
    {
        "day": "Понедельник",
        "week_code": "1",
        "time": "16:45 Нечетная",
        "discipline": "пр СТАТ. ДИНАМИКА",
        "classroom": "ВЦ 282; ",
        "lecturer": "Лемешонок Т.Ю."
    },
    {
        "day": "Понедельник",
        "week_code": "2",
        "time": "16:45 Четная",
        "discipline": "пр СТАТ. ДИНАМИКА",
        "classroom": "ВЦ 284; ",
        "lecturer": "Лемешонок Т.Ю."
    },
    {
        "day": "Вторник",
        "week_code": "1",
        "time": "10:50 Нечетная",
        "discipline": "лек ДИНАМ.КОСМ. ЛА",
        "classroom": "КАБ.10; ",
        "lecturer": "Сизова А.А."
    },
    {
        "day": "Вторник",
        "week_code": "2",
        "time": "10:50 Четная",
        "discipline": "лек ДИНАМ.КОСМ. ЛА",
        "classroom": "КАБ.10; ",
        "lecturer": "Сизова А.А."
    },
    {
        "day": "Вторник",
        "week_code": "1",
        "time": "12:40 Нечетная",
        "discipline": "пр ДИН. АВТ. СУ",
        "classroom": "278; ",
        "lecturer": "Курилова Е.А."
    },
    {
        "day": "Вторник",
        "week_code": "2",
        "time": "12:40 Четная",
        "discipline": "пр ДИН. АВТ. СУ",
        "classroom": "278; ",
        "lecturer": "Курилова Е.А."
    },
    {
        "day": "Вторник",
        "week_code": "1",
        "time": "14:55 Нечетная",
        "discipline": "лек ПРОГР.ОБЕС.СРВ",
        "classroom": "346; ",
        "lecturer": "Романов С.Л."
    },
    {
        "day": "Вторник",
        "week_code": "2",
        "time": "14:55 Четная",
        "discipline": "лек ПРОГР.ОБЕС.СРВ",
        "classroom": "259; ",
        "lecturer": "Романов С.Л."
    },
    {
        "day": "Вторник",
        "week_code": "1",
        "time": "16:45 Нечетная",
        "discipline": "пр ДИНАМ.КОСМ. ЛА",
        "classroom": "ВЦ 282; ",
        "lecturer": "Сизова А.А."
    },
    {
        "day": "Вторник",
        "week_code": "2",
        "time": "16:45 Четная",
        "discipline": "пр ДИНАМ.КОСМ. ЛА",
        "classroom": "ВЦ 282; ",
        "lecturer": "Сизова А.А."
    },
    {
        "day": "Среда",
        "week_code": "1",
        "time": "9:00 Нечетная",
        "discipline": "пр ДОП. ПОДГОТОВКА",
        "classroom": null,
        "lecturer": null
    },
    {
        "day": "Среда",
        "week_code": "2",
        "time": "9:00 Четная",
        "discipline": "пр ДОП. ПОДГОТОВКА",
        "classroom": null,
        "lecturer": null
    },
    {
        "day": "Среда",
        "week_code": "1",
        "time": "10:50 Нечетная",
        "discipline": "пр ДОП. ПОДГОТОВКА",
        "classroom": null,
        "lecturer": null
    },
    {
        "day": "Среда",
        "week_code": "2",
        "time": "10:50 Четная",
        "discipline": "пр ДОП. ПОДГОТОВКА",
        "classroom": null,
        "lecturer": null
    },
    {
        "day": "Среда",
        "week_code": "1",
        "time": "12:40 Нечетная",
        "discipline": "пр ДОП. ПОДГОТОВКА",
        "classroom": null,
        "lecturer": null
    },
    {
        "day": "Среда",
        "week_code": "2",
        "time": "12:40 Четная",
        "discipline": "пр ДОП. ПОДГОТОВКА",
        "classroom": null,
        "lecturer": null
    },
    {
        "day": "Среда",
        "week_code": "1",
        "time": "14:55 Нечетная",
        "discipline": "пр ДОП. ПОДГОТОВКА",
        "classroom": null,
        "lecturer": null
    },
    {
        "day": "Среда",
        "week_code": "2",
        "time": "14:55 Четная",
        "discipline": "пр ДОП. ПОДГОТОВКА",
        "classroom": null,
        "lecturer": null
    },
    {
        "day": "Четверг",
        "week_code": "1",
        "time": "9:00 Нечетная",
        "discipline": "пр МЕТОДЫ ОПТИМИЗ",
        "classroom": "КАБ.10; ",
        "lecturer": "Сизова А.А."
    },
    {
        "day": "Четверг",
        "week_code": "2",
        "time": "9:00 Четная",
        "discipline": "пр МЕТОДЫ ОПТИМИЗ",
        "classroom": "КАБ.10; ",
        "lecturer": "Сизова А.А."
    },
    {
        "day": "Четверг",
        "week_code": "1",
        "time": "10:50 Нечетная",
        "discipline": "лек МЕТОДЫ ОПТИМИЗ",
        "classroom": "КАБ.2; ",
        "lecturer": "Толпегин О.А."
    },
    {
        "day": "Четверг",
        "week_code": "2",
        "time": "10:50 Четная",
        "discipline": "лек МЕТОДЫ ОПТИМИЗ",
        "classroom": "КАБ.2; ",
        "lecturer": "Толпегин О.А."
    },
    {
        "day": "Четверг",
        "week_code": "1",
        "time": "12:40 Нечетная",
        "discipline": "пр НИР В СЕМ.",
        "classroom": null,
        "lecturer": "Лемешонок Т.Ю."
    },
    {
        "day": "Четверг",
        "week_code": "2",
        "time": "12:40 Четная",
        "discipline": "пр НИР В СЕМ.",
        "classroom": null,
        "lecturer": "Лемешонок Т.Ю."
    },
    {
        "day": "Пятница",
        "week_code": "1",
        "time": "9:00 Нечетная",
        "discipline": "пр УНИРС",
        "classroom": "КАБ.10; ",
        "lecturer": "Махонин И.О."
    },
    {
        "day": "Пятница",
        "week_code": "2",
        "time": "9:00 Четная",
        "discipline": "пр УНИРС",
        "classroom": "КАБ.10; ",
        "lecturer": "Махонин И.О."
    },
    {
        "day": "Пятница",
        "week_code": "1",
        "time": "10:50 Нечетная",
        "discipline": "пр УНИРС",
        "classroom": "ВЦ 285; ",
        "lecturer": "Махонин И.О."
    },
    {
        "day": "Пятница",
        "week_code": "2",
        "time": "10:50 Четная",
        "discipline": "пр УНИРС",
        "classroom": "ВЦ 285; ",
        "lecturer": "Махонин И.О."
    },
    {
        "day": "Суббота",
        "week_code": "1",
        "time": "9:00 Нечетная",
        "discipline": "лек ЭКСПЕРИМ.БАЛЛИСТ.",
        "classroom": "КАБ.10; ",
        "lecturer": "Теляков Р.Ф."
    },
    {
        "day": "Суббота",
        "week_code": "2",
        "time": "9:00 Четная",
        "discipline": "лек ЭКСПЕРИМ.БАЛЛИСТ.",
        "classroom": "КАБ.10; ",
        "lecturer": "Теляков Р.Ф."
    },
    {
        "day": "Суббота",
        "week_code": "1",
        "time": "10:50 Нечетная",
        "discipline": "лек ДИН. АВТ. СУ",
        "classroom": "КАБ.10; ",
        "lecturer": "Петрова И.Л."
    },
    {
        "day": "Суббота",
        "week_code": "2",
        "time": "10:50 Четная",
        "discipline": "лек ДИН. АВТ. СУ",
        "classroom": "КАБ.10; ",
        "lecturer": "Петрова И.Л."
    },
    {
        "day": "Суббота",
        "week_code": "1",
        "time": "12:40 Нечетная",
        "discipline": "пр ЭКСПЕРИМ.БАЛЛИСТ.",
        "classroom": "КАБ.2; ",
        "lecturer": "Теляков Р.Ф."
    },
    {
        "day": "Суббота",
        "week_code": "2",
        "time": "12:40 Четная",
        "discipline": "пр ЭКСПЕРИМ.БАЛЛИСТ.",
        "classroom": "КАБ.2; ",
        "lecturer": "Теляков Р.Ф."
    }
]