[
    {
        "day": "Понедельник",
        "week_code": "1",
        "time": "10:50 Нечетная",
        "discipline": "лек БЖД",
        "classroom": "313; ",
        "lecturer": "Кудаев А.В."
    },
    {
        "day": "Понедельник",
        "week_code": "2",
        "time": "10:50 Четная",
        "discipline": "лек БЖД",
        "classroom": "310; ",
        "lecturer": "Кудаев А.В."
    },
    {
        "day": "Понедельник",
        "week_code": "1",
        "time": "12:40 Нечетная",
        "discipline": "пр МАТ.МОД.В ПР.БАЛ.",
        "classroom": "КАБ.2; ",
        "lecturer": "Клочков А.В."
    },
    {
        "day": "Понедельник",
        "week_code": "2",
        "time": "12:40 Четная",
        "discipline": "пр МАТ.МОД.В ПР.БАЛ.",
        "classroom": "КАБ.2; ",
        "lecturer": "Клочков А.В."
    },
    {
        "day": "Понедельник",
        "week_code": "1",
        "time": "14:55 Нечетная",
        "discipline": "лаб АЭРОДИНАМИКА ЛА",
        "classroom": "лаб г/дин; ",
        "lecturer": "Клочков А.В."
    },
    {
        "day": "Понедельник",
        "week_code": "2",
        "time": "14:55 Четная",
        "discipline": "лаб АЭРОДИНАМИКА ЛА",
        "classroom": "лаб г/дин; ",
        "lecturer": "Клочков А.В."
    },
    {
        "day": "Понедельник",
        "week_code": "2",
        "time": "16:45 Четная",
        "discipline": "пр АЭРОДИНАМИКА ЛА",
        "classroom": "КАБ.2; ",
        "lecturer": "Клочков А.В."
    },
    {
        "day": "Вторник",
        "week_code": "1",
        "time": "12:40 Нечетная",
        "discipline": "лек ЭЛЕМЕНТЫ СУ",
        "classroom": "259; ",
        "lecturer": "Ершов С.О."
    },
    {
        "day": "Вторник",
        "week_code": "2",
        "time": "12:40 Четная",
        "discipline": "лек ЭЛЕМЕНТЫ СУ",
        "classroom": "259; ",
        "lecturer": "Ершов С.О."
    },
    {
        "day": "Вторник",
        "week_code": "1",
        "time": "14:55 Нечетная",
        "discipline": "лаб УСТР. И ФУНКЦ.ЛА",
        "classroom": "СК21; ",
        "lecturer": "Маслов А.А."
    },
    {
        "day": "Вторник",
        "week_code": "2",
        "time": "14:55 Четная",
        "discipline": "лаб ЭЛЕМЕНТЫ СУ",
        "classroom": "278; ",
        "lecturer": "Ершов С.О."
    },
    {
        "day": "Вторник",
        "week_code": "1",
        "time": "16:45 Нечетная",
        "discipline": "лек АЭРОДИНАМИКА ЛА",
        "classroom": "КАБ.2; ",
        "lecturer": "Клочков А.В."
    },
    {
        "day": "Вторник",
        "week_code": "2",
        "time": "16:45 Четная",
        "discipline": "лек АЭРОДИНАМИКА ЛА",
        "classroom": "КАБ.2; ",
        "lecturer": "Клочков А.В."
    },
    {
        "day": "Вторник",
        "week_code": "1",
        "time": "18:30 Нечетная",
        "discipline": "пр МАТ.МОД.В ПР.БАЛ.",
        "classroom": "КАБ.10; ",
        "lecturer": "Клочков А.В."
    },
    {
        "day": "Вторник",
        "week_code": "2",
        "time": "18:30 Четная",
        "discipline": "пр МАТ.МОД.В ПР.БАЛ.",
        "classroom": "КАБ.10; ",
        "lecturer": "Клочков А.В."
    },
    {
        "day": "Среда",
        "week_code": "1",
        "time": "10:50 Нечетная",
        "discipline": "лаб ТАУ ЛИН.СИСТ.ЛА",
        "classroom": "277; ",
        "lecturer": "Курилова Е.А."
    },
    {
        "day": "Среда",
        "week_code": "1",
        "time": "12:40 Нечетная",
        "discipline": "лек ДИНАМ.ДВИЖ.ЛА",
        "classroom": "КАБ.10; ",
        "lecturer": "Лемешонок Т.Ю."
    },
    {
        "day": "Среда",
        "week_code": "2",
        "time": "12:40 Четная",
        "discipline": "лаб БЖД",
        "classroom": "384б; ",
        "lecturer": "Упоров П.А."
    },
    {
        "day": "Среда",
        "week_code": "1",
        "time": "14:55 Нечетная",
        "discipline": "пр ДИНАМ.ДВИЖ.ЛА",
        "classroom": "КАБ.10; ",
        "lecturer": "Лемешонок Т.Ю."
    },
    {
        "day": "Среда",
        "week_code": "2",
        "time": "14:55 Четная",
        "discipline": "пр ДИНАМ.ДВИЖ.ЛА",
        "classroom": "ВЦ 282; ",
        "lecturer": "Лемешонок Т.Ю."
    },
    {
        "day": "Среда",
        "week_code": "1",
        "time": "16:45 Нечетная",
        "discipline": "лек ДИНАМ.ДВИЖ.ЛА",
        "classroom": "КАБ.10; ",
        "lecturer": "Лемешонок Т.Ю."
    },
    {
        "day": "Среда",
        "week_code": "2",
        "time": "16:45 Четная",
        "discipline": "лек ДИНАМ.ДВИЖ.ЛА",
        "classroom": "КАБ.10; ",
        "lecturer": "Лемешонок Т.Ю."
    },
    {
        "day": "Четверг",
        "week_code": "1",
        "time": "9:00 Нечетная",
        "discipline": "пр ДОП. ПОДГОТОВКА",
        "classroom": null,
        "lecturer": null
    },
    {
        "day": "Четверг",
        "week_code": "2",
        "time": "9:00 Четная",
        "discipline": "пр ДОП. ПОДГОТОВКА",
        "classroom": null,
        "lecturer": null
    },
    {
        "day": "Четверг",
        "week_code": "1",
        "time": "10:50 Нечетная",
        "discipline": "пр ДОП. ПОДГОТОВКА",
        "classroom": null,
        "lecturer": null
    },
    {
        "day": "Четверг",
        "week_code": "2",
        "time": "10:50 Четная",
        "discipline": "пр ДОП. ПОДГОТОВКА",
        "classroom": null,
        "lecturer": null
    },
    {
        "day": "Четверг",
        "week_code": "1",
        "time": "12:40 Нечетная",
        "discipline": "пр ДОП. ПОДГОТОВКА",
        "classroom": null,
        "lecturer": null
    },
    {
        "day": "Четверг",
        "week_code": "2",
        "time": "12:40 Четная",
        "discipline": "пр ДОП. ПОДГОТОВКА",
        "classroom": null,
        "lecturer": null
    },
    {
        "day": "Четверг",
        "week_code": "1",
        "time": "14:55 Нечетная",
        "discipline": "пр ДОП. ПОДГОТОВКА",
        "classroom": null,
        "lecturer": null
    },
    {
        "day": "Четверг",
        "week_code": "2",
        "time": "14:55 Четная",
        "discipline": "пр ДОП. ПОДГОТОВКА",
        "classroom": null,
        "lecturer": null
    },
    {
        "day": "Пятница",
        "week_code": "1",
        "time": "10:50 Нечетная",
        "discipline": "лек УСТР. И ФУНКЦ.ЛА",
        "classroom": "313а; ",
        "lecturer": "Авферонок С.Э."
    },
    {
        "day": "Пятница",
        "week_code": "2",
        "time": "10:50 Четная",
        "discipline": "лек УСТР. И ФУНКЦ.ЛА",
        "classroom": "313а; ",
        "lecturer": "Авферонок С.Э."
    },
    {
        "day": "Пятница",
        "week_code": "1",
        "time": "12:40 Нечетная",
        "discipline": "лек ТАУ ЛИН.СИСТ.ЛА",
        "classroom": "КАБ.10; ",
        "lecturer": "Сизова А.А."
    },
    {
        "day": "Пятница",
        "week_code": "2",
        "time": "12:40 Четная",
        "discipline": "лек ТАУ ЛИН.СИСТ.ЛА",
        "classroom": "КАБ.10; ",
        "lecturer": "Сизова А.А."
    },
    {
        "day": "Пятница",
        "week_code": "1",
        "time": "14:55 Нечетная",
        "discipline": "пр ТАУ ЛИН.СИСТ.ЛА",
        "classroom": "КАБ.10; ",
        "lecturer": "Сизова А.А."
    },
    {
        "day": "Пятница",
        "week_code": "2",
        "time": "14:55 Четная",
        "discipline": "пр ТАУ ЛИН.СИСТ.ЛА",
        "classroom": "КАБ.10; ",
        "lecturer": "Сизова А.А."
    },
    {
        "day": "Пятница",
        "week_code": "1",
        "time": "16:45 Нечетная",
        "discipline": "пр БЖД",
        "classroom": "488; ",
        "lecturer": "Дмитриева А.П."
    },
    {
        "day": "Пятница",
        "week_code": "2",
        "time": "16:45 Четная",
        "discipline": "пр НИР В СЕМ.",
        "classroom": null,
        "lecturer": "Сизова А.А."
    }
]