[
    {
        "day": 1,
        "week_code": 1,
        "time": "16:45 Нечетная",
        "discipline": "лек ПР.АЭРОГАЗОДИН",
        "classroom": "КАБ.2; ",
        "lecturer": "Клочков А.В."
    },
    {
        "day": 1,
        "week_code": 1,
        "time": "18:30 Нечетная",
        "discipline": "пр ПР.АЭРОГАЗОДИН",
        "classroom": "КАБ.10; ",
        "lecturer": "Клочков А.В."
    },
    {
        "day": 2,
        "week_code": 1,
        "time": "12:40 Нечетная",
        "discipline": "лек ЭЛЕМЕНТЫ СУ",
        "classroom": "259; ",
        "lecturer": "Ершов С.О."
    },
    {
        "day": 2,
        "week_code": 2,
        "time": "12:40 Четная",
        "discipline": "лек ЭЛЕМЕНТЫ СУ",
        "classroom": "259; ",
        "lecturer": "Ершов С.О."
    },
    {
        "day": 2,
        "week_code": 1,
        "time": "14:55 Нечетная",
        "discipline": "пр МАТ.МОД.БАЛ.БПЛА",
        "classroom": "КАБ.2; ",
        "lecturer": "Клочков А.В."
    },
    {
        "day": 2,
        "week_code": 2,
        "time": "14:55 Четная",
        "discipline": "пр МАТ.МОД.БАЛ.БПЛА",
        "classroom": "КАБ.2; ",
        "lecturer": "Клочков А.В."
    },
    {
        "day": 3,
        "week_code": 1,
        "time": "9:00 Нечетная",
        "discipline": "лаб ДИН. АВТ. СУ",
        "classroom": "277; ",
        "lecturer": "Курилова Е.А."
    },
    {
        "day": 3,
        "week_code": 2,
        "time": "9:00 Четная",
        "discipline": "лаб ЭЛЕМЕНТЫ СУ",
        "classroom": "278; ",
        "lecturer": "Ершов С.О."
    },
    {
        "day": 3,
        "week_code": 1,
        "time": "10:50 Нечетная",
        "discipline": "лек БАЛЛИСТИКА РАКЕТ",
        "classroom": "КАБ.2; ",
        "lecturer": "Сизова А.А."
    },
    {
        "day": 3,
        "week_code": 2,
        "time": "10:50 Четная",
        "discipline": "лек БАЛЛИСТИКА РАКЕТ",
        "classroom": "КАБ.2; ",
        "lecturer": "Сизова А.А."
    },
    {
        "day": 3,
        "week_code": 1,
        "time": "12:40 Нечетная",
        "discipline": "пр БАЛЛИСТИКА РАКЕТ",
        "classroom": "КАБ.2; ",
        "lecturer": "Сизова А.А."
    },
    {
        "day": 3,
        "week_code": 2,
        "time": "12:40 Четная",
        "discipline": "пр БАЛЛИСТИКА РАКЕТ",
        "classroom": "КАБ.2; ",
        "lecturer": "Сизова А.А."
    },
    {
        "day": 3,
        "week_code": 1,
        "time": "14:55 Нечетная",
        "discipline": "лаб УСТР. И ФУНКЦ.ЛА",
        "classroom": "СК21; ",
        "lecturer": "Маслов А.А."
    },
    {
        "day": 3,
        "week_code": 2,
        "time": "14:55 Четная",
        "discipline": "лек БАЛЛИСТИКА РАКЕТ",
        "classroom": "КАБ.2; ",
        "lecturer": "Сизова А.А."
    },
    {
        "day": 4,
        "week_code": 1,
        "time": "9:00 Нечетная",
        "discipline": "пр БЖД",
        "classroom": "484; ",
        "lecturer": "Тюрина Н.В."
    },
    {
        "day": 4,
        "week_code": 2,
        "time": "9:00 Четная",
        "discipline": "лаб БЖД",
        "classroom": "384б; ",
        "lecturer": "Упоров П.А."
    },
    {
        "day": 4,
        "week_code": 1,
        "time": "10:50 Нечетная",
        "discipline": "лек БЖД",
        "classroom": "318; ",
        "lecturer": "Тюрина Н.В."
    },
    {
        "day": 4,
        "week_code": 2,
        "time": "10:50 Четная",
        "discipline": "лек БЖД",
        "classroom": "374; ",
        "lecturer": "Тюрина Н.В."
    },
    {
        "day": 4,
        "week_code": 1,
        "time": "12:40 Нечетная",
        "discipline": "лек ДИН. АВТ. СУ",
        "classroom": "КАБ.2; ",
        "lecturer": "Сизова А.А."
    },
    {
        "day": 4,
        "week_code": 2,
        "time": "12:40 Четная",
        "discipline": "лек ДИН. АВТ. СУ",
        "classroom": "КАБ.2; ",
        "lecturer": "Сизова А.А."
    },
    {
        "day": 4,
        "week_code": 1,
        "time": "14:55 Нечетная",
        "discipline": "пр ДИН. АВТ. СУ",
        "classroom": "КАБ.10; ",
        "lecturer": "Сизова А.А."
    },
    {
        "day": 4,
        "week_code": 2,
        "time": "14:55 Четная",
        "discipline": "пр ДИН. АВТ. СУ",
        "classroom": "КАБ.10; ",
        "lecturer": "Сизова А.А."
    },
    {
        "day": 5,
        "week_code": 1,
        "time": "10:50 Нечетная",
        "discipline": "лек УСТР. И ФУНКЦ.ЛА",
        "classroom": "313а; ",
        "lecturer": "Авферонок С.Э."
    },
    {
        "day": 5,
        "week_code": 2,
        "time": "10:50 Четная",
        "discipline": "лек УСТР. И ФУНКЦ.ЛА",
        "classroom": "313а; ",
        "lecturer": "Авферонок С.Э."
    },
    {
        "day": 5,
        "week_code": 1,
        "time": "12:40 Нечетная",
        "discipline": "пр НИР В СЕМ.",
        "classroom": null,
        "lecturer": "Клочков А.В."
    },
    {
        "day": 5,
        "week_code": 2,
        "time": "12:40 Четная",
        "discipline": "пр НИР В СЕМ.",
        "classroom": null,
        "lecturer": "Клочков А.В."
    },
    {
        "day": 5,
        "week_code": 1,
        "time": "14:55 Нечетная",
        "discipline": "лаб ПР.АЭРОГАЗОДИН",
        "classroom": "лаб г/дин; ",
        "lecturer": "Клочков А.В."
    },
    {
        "day": 5,
        "week_code": 2,
        "time": "14:55 Четная",
        "discipline": "лаб ПР.АЭРОГАЗОДИН",
        "classroom": "лаб г/дин; ",
        "lecturer": "Клочков А.В."
    },
    {
        "day": 5,
        "week_code": 1,
        "time": "16:45 Нечетная",
        "discipline": "пр МАТ.МОД.БАЛ.БПЛА",
        "classroom": "КАБ.10; ",
        "lecturer": "Клочков А.В."
    },
    {
        "day": 5,
        "week_code": 2,
        "time": "16:45 Четная",
        "discipline": "пр МАТ.МОД.БАЛ.БПЛА",
        "classroom": "КАБ.10; ",
        "lecturer": "Клочков А.В."
    }
]