[
    {
        "day": 1,
        "week_code": 1,
        "time": "9:00 Нечетная",
        "discipline": "пр ЭК ПО ФК И СПОРТУ",
        "classroom": null,
        "lecturer": null
    },
    {
        "day": 1,
        "week_code": 2,
        "time": "9:00 Четная",
        "discipline": "пр ЭК ПО ФК И СПОРТУ",
        "classroom": null,
        "lecturer": null
    },
    {
        "day": 1,
        "week_code": 1,
        "time": "10:50 Нечетная",
        "discipline": "лек ВЫСШ. МАТЕМАТ",
        "classroom": "214*; ",
        "lecturer": "Мартынова Т.Е."
    },
    {
        "day": 1,
        "week_code": 2,
        "time": "10:50 Четная",
        "discipline": "лек ВЫСШ. МАТЕМАТ",
        "classroom": "214*; ",
        "lecturer": "Мартынова Т.Е."
    },
    {
        "day": 1,
        "week_code": 1,
        "time": "12:40 Нечетная",
        "discipline": "пр ИСТОРИЯ",
        "classroom": "507*а; ",
        "lecturer": "Рязанов Д.В."
    },
    {
        "day": 1,
        "week_code": 2,
        "time": "12:40 Четная",
        "discipline": "пр ИСТОРИЯ",
        "classroom": "507*а; ",
        "lecturer": "Рязанов Д.В."
    },
    {
        "day": 2,
        "week_code": 1,
        "time": "9:00 Нечетная",
        "discipline": "лаб МАТЕРИАЛОВ-Е И ТКМ",
        "classroom": "473; ",
        "lecturer": "Андрюшкин А.Ю."
    },
    {
        "day": 2,
        "week_code": 2,
        "time": "9:00 Четная",
        "discipline": "лек ЭКОЛОГИЯ",
        "classroom": "488; ",
        "lecturer": "Курченко П.С."
    },
    {
        "day": 2,
        "week_code": 1,
        "time": "10:50 Нечетная",
        "discipline": "лек МАТЕРИАЛОВ-Е И ТКМ",
        "classroom": "474; ",
        "lecturer": "Ленина В.А."
    },
    {
        "day": 2,
        "week_code": 2,
        "time": "10:50 Четная",
        "discipline": "лек МАТЕРИАЛОВ-Е И ТКМ",
        "classroom": "474; ",
        "lecturer": "Ленина В.А."
    },
    {
        "day": 2,
        "week_code": 1,
        "time": "12:40 Нечетная",
        "discipline": "пр ИНФ.ТЕХН. И ПРОГР.",
        "classroom": "ВЦ 280; ",
        "lecturer": "Макаренко А.А."
    },
    {
        "day": 2,
        "week_code": 2,
        "time": "12:40 Четная",
        "discipline": "пр ИНФ.ТЕХН. И ПРОГР.",
        "classroom": "ВЦ 280; ",
        "lecturer": "Макаренко А.А."
    },
    {
        "day": 2,
        "week_code": 1,
        "time": "14:55 Нечетная",
        "discipline": "лек ИНФ.ТЕХН. И ПРОГР.",
        "classroom": "252*; ",
        "lecturer": "Макаренко А.А."
    },
    {
        "day": 2,
        "week_code": 2,
        "time": "14:55 Четная",
        "discipline": "лек ИНФ.ТЕХН. И ПРОГР.",
        "classroom": "252*; ",
        "lecturer": "Макаренко А.А."
    },
    {
        "day": 3,
        "week_code": 1,
        "time": "9:00 Нечетная",
        "discipline": "пр ЭК ПО ФК И СПОРТУ",
        "classroom": null,
        "lecturer": null
    },
    {
        "day": 3,
        "week_code": 2,
        "time": "9:00 Четная",
        "discipline": "пр ЭК ПО ФК И СПОРТУ",
        "classroom": null,
        "lecturer": null
    },
    {
        "day": 3,
        "week_code": 1,
        "time": "10:50 Нечетная",
        "discipline": "пр ВЫСШ. МАТЕМАТ",
        "classroom": "456; ",
        "lecturer": "Назарова М.Б."
    },
    {
        "day": 3,
        "week_code": 2,
        "time": "10:50 Четная",
        "discipline": "пр ВЫСШ. МАТЕМАТ",
        "classroom": "444; ",
        "lecturer": "Назарова М.Б."
    },
    {
        "day": 4,
        "week_code": 1,
        "time": "10:50 Нечетная",
        "discipline": "пр ФИЗИКА",
        "classroom": "338г*; ",
        "lecturer": null
    },
    {
        "day": 4,
        "week_code": 2,
        "time": "10:50 Четная",
        "discipline": "лаб ФИЗИКА",
        "classroom": "323*; ",
        "lecturer": null
    },
    {
        "day": 4,
        "week_code": 1,
        "time": "12:40 Нечетная",
        "discipline": "лек ФИЗИКА",
        "classroom": "331*; ",
        "lecturer": "Живулин В.А."
    },
    {
        "day": 4,
        "week_code": 2,
        "time": "12:40 Четная",
        "discipline": "лек ФИЗИКА",
        "classroom": "331*; ",
        "lecturer": "Живулин В.А."
    },
    {
        "day": 4,
        "week_code": 1,
        "time": "14:55 Нечетная",
        "discipline": "лек ПРАВОВЕДЕНИЕ",
        "classroom": "376; ",
        "lecturer": "Степанова О.Ю."
    },
    {
        "day": 4,
        "week_code": 2,
        "time": "14:55 Четная",
        "discipline": "пр ПРАВОВЕДЕНИЕ",
        "classroom": "498; ",
        "lecturer": "Степанова О.Ю."
    },
    {
        "day": 5,
        "week_code": 1,
        "time": "9:00 Нечетная",
        "discipline": "пр ИН. ЯЗ.",
        "classroom": "311*; ",
        "lecturer": "Донченко К.В."
    },
    {
        "day": 5,
        "week_code": 2,
        "time": "9:00 Четная",
        "discipline": "пр ИН. ЯЗ.",
        "classroom": "311*; ",
        "lecturer": "Донченко К.В."
    },
    {
        "day": 5,
        "week_code": 1,
        "time": "10:50 Нечетная",
        "discipline": "лек ИСТОРИЯ",
        "classroom": "507*а; ",
        "lecturer": "Рязанов Д.В."
    },
    {
        "day": 5,
        "week_code": 2,
        "time": "10:50 Четная",
        "discipline": "лек ИСТОРИЯ",
        "classroom": "507*а; ",
        "lecturer": "Рязанов Д.В."
    },
    {
        "day": 5,
        "week_code": 1,
        "time": "12:40 Нечетная",
        "discipline": "лек ФИЛОСОФИЯ",
        "classroom": "420*; ",
        "lecturer": "Куракина Е.В."
    },
    {
        "day": 5,
        "week_code": 2,
        "time": "12:40 Четная",
        "discipline": "лаб ЭКОЛОГИЯ",
        "classroom": "384а; ",
        "lecturer": "Васильева В.К."
    },
    {
        "day": 5,
        "week_code": 1,
        "time": "14:55 Нечетная",
        "discipline": "пр ФИЛОСОФИЯ",
        "classroom": "422*; ",
        "lecturer": "Куракина Е.В."
    }
]