[
    {
        "day": 1,
        "week_code": 1,
        "time": "9:00 Нечетная",
        "discipline": "лек ТЕОРИЯ ЛМ",
        "classroom": "СК2а; ",
        "lecturer": "Рудяк М.Е."
    },
    {
        "day": 1,
        "week_code": 2,
        "time": "9:00 Четная",
        "discipline": "лек ТЕОРИЯ ЛМ",
        "classroom": "СК2а; ",
        "lecturer": "Рудяк М.Е."
    },
    {
        "day": 1,
        "week_code": 1,
        "time": "10:50 Нечетная",
        "discipline": "пр ТЕОРИЯ ЛМ",
        "classroom": "СК2а; ",
        "lecturer": "Рудяк М.Е."
    },
    {
        "day": 1,
        "week_code": 2,
        "time": "10:50 Четная",
        "discipline": "пр ТЕОРИЯ ЛМ",
        "classroom": "СК2а; ",
        "lecturer": "Рудяк М.Е."
    },
    {
        "day": 1,
        "week_code": 1,
        "time": "12:40 Нечетная",
        "discipline": "пр ТЕОР.И КОНСТР.ВРД",
        "classroom": "ТМП-2; ",
        "lecturer": "Юнаков Л.П."
    },
    {
        "day": 1,
        "week_code": 2,
        "time": "12:40 Четная",
        "discipline": "пр ТЕОР.И КОНСТР.ВРД",
        "classroom": "ТМП-2; ",
        "lecturer": "Юнаков Л.П."
    },
    {
        "day": 1,
        "week_code": 1,
        "time": "14:55 Нечетная",
        "discipline": "лек ТЕОР.И КОНСТР.ВРД",
        "classroom": "ТМП-2; ",
        "lecturer": "Юнаков Л.П."
    },
    {
        "day": 2,
        "week_code": 1,
        "time": "12:40 Нечетная",
        "discipline": "лек ОСН. МЕН. И МАРК",
        "classroom": "314; ",
        "lecturer": "Кондратьев Сергей А."
    },
    {
        "day": 2,
        "week_code": 2,
        "time": "12:40 Четная",
        "discipline": "пр ОСН. МЕН. И МАРК",
        "classroom": "492; ",
        "lecturer": "Кондратьев Сергей А."
    },
    {
        "day": 2,
        "week_code": 1,
        "time": "14:55 Нечетная",
        "discipline": "лек СРЕДСТВА ИНЖ.РАСЧ.",
        "classroom": "ТМП-2; ",
        "lecturer": "Гашевский Е.М."
    },
    {
        "day": 2,
        "week_code": 2,
        "time": "14:55 Четная",
        "discipline": "пр АЭРОГАЗОДИНАМ",
        "classroom": "446; ",
        "lecturer": "Чернышов М.В."
    },
    {
        "day": 2,
        "week_code": 1,
        "time": "16:45 Нечетная",
        "discipline": "пр СРЕДСТВА ИНЖ.РАСЧ.",
        "classroom": "ауд.БК Климов; ",
        "lecturer": "Гашевский Е.М."
    },
    {
        "day": 2,
        "week_code": 2,
        "time": "16:45 Четная",
        "discipline": "пр СРЕДСТВА ИНЖ.РАСЧ.",
        "classroom": "ауд.БК Климов; ",
        "lecturer": "Гашевский Е.М."
    },
    {
        "day": 3,
        "week_code": 1,
        "time": "10:50 Нечетная",
        "discipline": "лек ТЕОР.И КОНСТР.ВРД",
        "classroom": "ТМП-2; ",
        "lecturer": "Юнаков Л.П."
    },
    {
        "day": 3,
        "week_code": 2,
        "time": "10:50 Четная",
        "discipline": "лек ТЕОР.И КОНСТР.ВРД",
        "classroom": "ТМП-2; ",
        "lecturer": "Юнаков Л.П."
    },
    {
        "day": 3,
        "week_code": 1,
        "time": "12:40 Нечетная",
        "discipline": "лаб АЭРОГАЗОДИНАМ",
        "classroom": "лаб г/дин; ",
        "lecturer": "Федосенко Н.Б."
    },
    {
        "day": 3,
        "week_code": 2,
        "time": "12:40 Четная",
        "discipline": "лаб АЭРОГАЗОДИНАМ",
        "classroom": "лаб г/дин; ",
        "lecturer": "Федосенко Н.Б."
    },
    {
        "day": 3,
        "week_code": 1,
        "time": "14:55 Нечетная",
        "discipline": "пр ДЕТАЛИ МАШИН",
        "classroom": "452*; ",
        "lecturer": "Беляев А.Н."
    },
    {
        "day": 3,
        "week_code": 2,
        "time": "14:55 Четная",
        "discipline": "пр ДЕТАЛИ МАШИН",
        "classroom": "452*; ",
        "lecturer": "Беляев А.Н."
    },
    {
        "day": 3,
        "week_code": 2,
        "time": "16:45 Четная",
        "discipline": "лек ДЕТАЛИ МАШИН",
        "classroom": "460*; ",
        "lecturer": "Ли В.А."
    },
    {
        "day": 4,
        "week_code": 1,
        "time": "9:00 Нечетная",
        "discipline": "пр ДОП. ПОДГОТОВКА",
        "classroom": null,
        "lecturer": null
    },
    {
        "day": 4,
        "week_code": 2,
        "time": "9:00 Четная",
        "discipline": "пр ДОП. ПОДГОТОВКА",
        "classroom": null,
        "lecturer": null
    },
    {
        "day": 4,
        "week_code": 1,
        "time": "10:50 Нечетная",
        "discipline": "пр ДОП. ПОДГОТОВКА",
        "classroom": null,
        "lecturer": null
    },
    {
        "day": 4,
        "week_code": 2,
        "time": "10:50 Четная",
        "discipline": "пр ДОП. ПОДГОТОВКА",
        "classroom": null,
        "lecturer": null
    },
    {
        "day": 4,
        "week_code": 1,
        "time": "12:40 Нечетная",
        "discipline": "пр ДОП. ПОДГОТОВКА",
        "classroom": null,
        "lecturer": null
    },
    {
        "day": 4,
        "week_code": 2,
        "time": "12:40 Четная",
        "discipline": "пр ДОП. ПОДГОТОВКА",
        "classroom": null,
        "lecturer": null
    },
    {
        "day": 4,
        "week_code": 1,
        "time": "14:55 Нечетная",
        "discipline": "пр ДОП. ПОДГОТОВКА",
        "classroom": null,
        "lecturer": null
    },
    {
        "day": 4,
        "week_code": 2,
        "time": "14:55 Четная",
        "discipline": "пр ДОП. ПОДГОТОВКА",
        "classroom": null,
        "lecturer": null
    },
    {
        "day": 5,
        "week_code": 1,
        "time": "12:40 Нечетная",
        "discipline": "лек АЭРОГАЗОДИНАМ",
        "classroom": "438; ",
        "lecturer": "Чернышов М.В."
    },
    {
        "day": 5,
        "week_code": 2,
        "time": "12:40 Четная",
        "discipline": "лек АЭРОГАЗОДИНАМ",
        "classroom": "438; ",
        "lecturer": "Чернышов М.В."
    },
    {
        "day": 5,
        "week_code": 1,
        "time": "14:55 Нечетная",
        "discipline": "пр УНИРС",
        "classroom": "ТМП-2; ",
        "lecturer": "Саваровский А.А."
    },
    {
        "day": 5,
        "week_code": 2,
        "time": "14:55 Четная",
        "discipline": "пр УНИРС",
        "classroom": "ТМП-2; ",
        "lecturer": "Саваровский А.А."
    },
    {
        "day": 6,
        "week_code": 1,
        "time": "10:50 Нечетная",
        "discipline": "лек ХИМ.ТЕРМОДИНАМ",
        "classroom": "ТМП-2; ",
        "lecturer": "Боряев А.А."
    },
    {
        "day": 6,
        "week_code": 2,
        "time": "10:50 Четная",
        "discipline": "лек ХИМ.ТЕРМОДИНАМ",
        "classroom": "ТМП-2; ",
        "lecturer": "Боряев А.А."
    },
    {
        "day": 6,
        "week_code": 1,
        "time": "12:40 Нечетная",
        "discipline": "пр ХИМ.ТЕРМОДИНАМ",
        "classroom": "ТМП-2; ",
        "lecturer": "Боряев А.А."
    },
    {
        "day": 6,
        "week_code": 2,
        "time": "12:40 Четная",
        "discipline": "пр ХИМ.ТЕРМОДИНАМ",
        "classroom": "ТМП-2; ",
        "lecturer": "Боряев А.А."
    }
]