[
    {
        "day": 1,
        "week_code": 1,
        "time": "10:50 Нечетная",
        "discipline": "лаб МЕТР,СТАНД,СЕРТ",
        "classroom": "к.Н2-4; ",
        "lecturer": "Стрельцов В.Г."
    },
    {
        "day": 1,
        "week_code": 2,
        "time": "10:50 Четная",
        "discipline": "лаб ТЕРМОДИНАМИКА",
        "classroom": "ТМП-3; ТМП-4; ТМП-6; ",
        "lecturer": "Киршина А.А."
    },
    {
        "day": 1,
        "week_code": 1,
        "time": "12:40 Нечетная",
        "discipline": "пр МЕТР,СТАНД,СЕРТ",
        "classroom": "332; ",
        "lecturer": "Иванова О.Ю."
    },
    {
        "day": 1,
        "week_code": 2,
        "time": "12:40 Четная",
        "discipline": "пр ОСН.СИСТ.АНАЛИЗА",
        "classroom": "492; ",
        "lecturer": "Митрофанов А.А."
    },
    {
        "day": 1,
        "week_code": 1,
        "time": "14:55 Нечетная",
        "discipline": "лек МЕТР,СТАНД,СЕРТ",
        "classroom": "372; ",
        "lecturer": "Иванова О.Ю."
    },
    {
        "day": 1,
        "week_code": 2,
        "time": "14:55 Четная",
        "discipline": "лек МЕТР,СТАНД,СЕРТ",
        "classroom": "372; ",
        "lecturer": "Иванова О.Ю."
    },
    {
        "day": 1,
        "week_code": 1,
        "time": "16:45 Нечетная",
        "discipline": "лаб ТЕХН.КОНСТ.МАТ.",
        "classroom": "202*; ",
        "lecturer": "Шония К.Н."
    },
    {
        "day": 1,
        "week_code": 2,
        "time": "16:45 Четная",
        "discipline": "лаб ТЕХН.КОНСТ.МАТ.",
        "classroom": "202*; ",
        "lecturer": "Шония К.Н."
    },
    {
        "day": 2,
        "week_code": 1,
        "time": "9:00 Нечетная",
        "discipline": "пр ТЕРМОДИНАМИКА",
        "classroom": "СК2а; ",
        "lecturer": "Савченко Г.Б."
    },
    {
        "day": 2,
        "week_code": 1,
        "time": "10:50 Нечетная",
        "discipline": "пр ЭК ПО ФК И СПОРТУ",
        "classroom": null,
        "lecturer": null
    },
    {
        "day": 2,
        "week_code": 2,
        "time": "10:50 Четная",
        "discipline": "пр ЭК ПО ФК И СПОРТУ",
        "classroom": null,
        "lecturer": null
    },
    {
        "day": 2,
        "week_code": 1,
        "time": "12:40 Нечетная",
        "discipline": "лек СОПР.МАТЕРИАЛОВ",
        "classroom": "429*; ",
        "lecturer": "Красильников А.З."
    },
    {
        "day": 2,
        "week_code": 2,
        "time": "12:40 Четная",
        "discipline": "лек СОПР.МАТЕРИАЛОВ",
        "classroom": "429*; ",
        "lecturer": "Красильников А.З."
    },
    {
        "day": 2,
        "week_code": 1,
        "time": "14:55 Нечетная",
        "discipline": "лек ТЕХН.КОНСТ.МАТ.",
        "classroom": "СК3; ",
        "lecturer": "Петров  В.М."
    },
    {
        "day": 2,
        "week_code": 2,
        "time": "14:55 Четная",
        "discipline": "пр СОПР.МАТЕРИАЛОВ",
        "classroom": "102*; ",
        "lecturer": "Красильников А.З."
    },
    {
        "day": 2,
        "week_code": 1,
        "time": "16:45 Нечетная",
        "discipline": "пр УНИРС",
        "classroom": "ТМП-2; ",
        "lecturer": "Саваровский А.А."
    },
    {
        "day": 2,
        "week_code": 2,
        "time": "16:45 Четная",
        "discipline": "пр УНИРС",
        "classroom": "ТМП-2; ",
        "lecturer": "Саваровский А.А."
    },
    {
        "day": 3,
        "week_code": 1,
        "time": "12:40 Нечетная",
        "discipline": "пр ВЫСШ. МАТЕМАТ",
        "classroom": "492; ",
        "lecturer": "Гарынина С.В."
    },
    {
        "day": 3,
        "week_code": 2,
        "time": "12:40 Четная",
        "discipline": "пр ВЫСШ. МАТЕМАТ",
        "classroom": "492; ",
        "lecturer": "Гарынина С.В."
    },
    {
        "day": 3,
        "week_code": 1,
        "time": "14:55 Нечетная",
        "discipline": "пр ПРОЕКТИР. С ПРИМ.CAD",
        "classroom": "ВЦ 280; ",
        "lecturer": "Киршин А.Ю."
    },
    {
        "day": 3,
        "week_code": 2,
        "time": "14:55 Четная",
        "discipline": "пр ПРОЕКТИР. С ПРИМ.CAD",
        "classroom": "ВЦ 280; ",
        "lecturer": "Киршин А.Ю."
    },
    {
        "day": 3,
        "week_code": 1,
        "time": "16:45 Нечетная",
        "discipline": "пр ПРОЕКТИР. С ПРИМ.CAD",
        "classroom": "ВЦ 285; ",
        "lecturer": "Киршин А.Ю."
    },
    {
        "day": 3,
        "week_code": 2,
        "time": "16:45 Четная",
        "discipline": "пр ПРОЕКТИР. С ПРИМ.CAD",
        "classroom": "ВЦ 285; ",
        "lecturer": "Киршин А.Ю."
    },
    {
        "day": 4,
        "week_code": 1,
        "time": "9:00 Нечетная",
        "discipline": "лек ВЫСШ. МАТЕМАТ",
        "classroom": "493; ",
        "lecturer": "Брацлавский А.А."
    },
    {
        "day": 4,
        "week_code": 2,
        "time": "9:00 Четная",
        "discipline": "лек ВЫСШ. МАТЕМАТ",
        "classroom": "493; ",
        "lecturer": "Брацлавский А.А."
    },
    {
        "day": 4,
        "week_code": 1,
        "time": "10:50 Нечетная",
        "discipline": "пр ЭК ПО ФК И СПОРТУ",
        "classroom": null,
        "lecturer": null
    },
    {
        "day": 4,
        "week_code": 2,
        "time": "10:50 Четная",
        "discipline": "пр ЭК ПО ФК И СПОРТУ",
        "classroom": null,
        "lecturer": null
    },
    {
        "day": 4,
        "week_code": 1,
        "time": "12:40 Нечетная",
        "discipline": "лек ТЕРМОДИНАМИКА",
        "classroom": "450; ",
        "lecturer": "Савченко Г.Б."
    },
    {
        "day": 4,
        "week_code": 2,
        "time": "12:40 Четная",
        "discipline": "лек ТЕРМОДИНАМИКА",
        "classroom": "450; ",
        "lecturer": "Савченко Г.Б."
    },
    {
        "day": 4,
        "week_code": 1,
        "time": "14:55 Нечетная",
        "discipline": "лек ОСН.СИСТ.АНАЛИЗА",
        "classroom": "450; ",
        "lecturer": "Кулаков А.Ю."
    },
    {
        "day": 6,
        "week_code": 1,
        "time": "9:00 Нечетная",
        "discipline": "лек ЦИФР.ТЕХН.В ДВИГ.",
        "classroom": "434*; ",
        "lecturer": "Орлов О.В."
    },
    {
        "day": 6,
        "week_code": 2,
        "time": "9:00 Четная",
        "discipline": "лек ЦИФР.ТЕХН.В ДВИГ.",
        "classroom": "434*; ",
        "lecturer": "Орлов О.В."
    },
    {
        "day": 6,
        "week_code": 1,
        "time": "10:50 Нечетная",
        "discipline": "пр ЦИФР.ТЕХН.В ДВИГ.",
        "classroom": "219*а; ",
        "lecturer": "Орлов О.В."
    },
    {
        "day": 6,
        "week_code": 2,
        "time": "10:50 Четная",
        "discipline": "лаб ЦИФР.ТЕХН.В ДВИГ.",
        "classroom": "257*; ",
        "lecturer": "Орлов О.В."
    }
]