[
    {
        "day": 1,
        "week_code": 2,
        "time": "12:40 Четная",
        "discipline": "лек СИСТ.УПР.ЖЗИ",
        "classroom": "318; ",
        "lecturer": "Михайлов К.Н."
    },
    {
        "day": 1,
        "week_code": 2,
        "time": "14:55 Четная",
        "discipline": "лек СИСТ.УПР.ЖЗИ",
        "classroom": "450; ",
        "lecturer": "Михайлов К.Н."
    },
    {
        "day": 2,
        "week_code": 1,
        "time": "9:00 Нечетная",
        "discipline": "лек ОЦ.СОСТ.И ПАР.СТС",
        "classroom": "325; ",
        "lecturer": "Русина А.А."
    },
    {
        "day": 2,
        "week_code": 2,
        "time": "9:00 Четная",
        "discipline": "лек ОЦ.СОСТ.И ПАР.СТС",
        "classroom": "325; ",
        "lecturer": "Русина А.А."
    },
    {
        "day": 2,
        "week_code": 1,
        "time": "10:50 Нечетная",
        "discipline": "пр СИСТ.УПР.ЖЗИ",
        "classroom": "СК2а; ",
        "lecturer": "Михайлов К.Н."
    },
    {
        "day": 2,
        "week_code": 2,
        "time": "10:50 Четная",
        "discipline": "пр СИСТ.УПР.ЖЗИ",
        "classroom": "СК2а; ",
        "lecturer": "Михайлов К.Н."
    },
    {
        "day": 2,
        "week_code": 1,
        "time": "12:40 Нечетная",
        "discipline": "пр ОЦ.СОСТ.И ПАР.СТС",
        "classroom": "325; ",
        "lecturer": "Русина А.А."
    },
    {
        "day": 2,
        "week_code": 2,
        "time": "12:40 Четная",
        "discipline": "пр ОЦ.СОСТ.И ПАР.СТС",
        "classroom": "325; ",
        "lecturer": "Русина А.А."
    },
    {
        "day": 3,
        "week_code": 2,
        "time": "10:50 Четная",
        "discipline": "лек ЭКОЛ.БЕЗОП.ЭУ",
        "classroom": "318; ",
        "lecturer": "Ценёва С.Н."
    },
    {
        "day": 3,
        "week_code": 1,
        "time": "12:40 Нечетная",
        "discipline": "лек ЭКОН.ПРЕДПР-ТИЯ",
        "classroom": "440*; ",
        "lecturer": "Киселев Ю.В."
    },
    {
        "day": 3,
        "week_code": 2,
        "time": "12:40 Четная",
        "discipline": "лек ЭКОН.ПРЕДПР-ТИЯ",
        "classroom": "440*; ",
        "lecturer": "Киселев Ю.В."
    },
    {
        "day": 3,
        "week_code": 1,
        "time": "14:55 Нечетная",
        "discipline": "пр ЭКОЛ.БЕЗОП.ЭУ",
        "classroom": "СК2а; ",
        "lecturer": "Ценёва С.Н."
    },
    {
        "day": 3,
        "week_code": 2,
        "time": "14:55 Четная",
        "discipline": "пр ЭКОН.ПРЕДПР-ТИЯ",
        "classroom": "440*; ",
        "lecturer": "Киселев Ю.В."
    },
    {
        "day": 3,
        "week_code": 2,
        "time": "16:45 Четная",
        "discipline": "пр ОСН.МЕНЕДЖМЕНТ",
        "classroom": "422*; ",
        "lecturer": "Иванов К.В."
    },
    {
        "day": 4,
        "week_code": 1,
        "time": "16:45 Нечетная",
        "discipline": "пр ПР.И КОНСТР.РДТТ",
        "classroom": "ТМП-3; ",
        "lecturer": "Локтев Ю.В."
    },
    {
        "day": 4,
        "week_code": 2,
        "time": "16:45 Четная",
        "discipline": "пр ПР.И КОНСТР.РДТТ",
        "classroom": "ТМП-3; ",
        "lecturer": "Локтев Ю.В."
    },
    {
        "day": 4,
        "week_code": 1,
        "time": "18:30 Нечетная",
        "discipline": "лек ПР.И КОНСТР.РДТТ",
        "classroom": "455; ",
        "lecturer": "Локтев Ю.В."
    },
    {
        "day": 4,
        "week_code": 2,
        "time": "18:30 Четная",
        "discipline": "лек ПР.И КОНСТР.РДТТ",
        "classroom": "455; ",
        "lecturer": "Локтев Ю.В."
    },
    {
        "day": 4,
        "week_code": 1,
        "time": "20:05 Нечетная",
        "discipline": "пр РАСЧ.И ПР.АГР.ВРД",
        "classroom": "ауд.БК Климов; ",
        "lecturer": "Кудров А.Н."
    },
    {
        "day": 4,
        "week_code": 2,
        "time": "20:05 Четная",
        "discipline": "пр РАСЧ.И ПР.АГР.ВРД",
        "classroom": "ауд.БК Климов; ",
        "lecturer": "Кудров А.Н."
    },
    {
        "day": 5,
        "week_code": 2,
        "time": "14:55 Четная",
        "discipline": "лек ОСН.МЕНЕДЖМЕНТ",
        "classroom": "433*; ",
        "lecturer": "Иванов К.В."
    },
    {
        "day": 5,
        "week_code": 1,
        "time": "16:45 Нечетная",
        "discipline": "пр НИР",
        "classroom": "ТМП-3; ",
        "lecturer": "Ярошенко Н.Т."
    },
    {
        "day": 5,
        "week_code": 2,
        "time": "16:45 Четная",
        "discipline": "пр НИР",
        "classroom": "ТМП-3; ",
        "lecturer": "Ярошенко Н.Т."
    },
    {
        "day": 5,
        "week_code": 1,
        "time": "18:30 Нечетная",
        "discipline": "лек РАСЧ.И ПР.АГР.ВРД",
        "classroom": "455; ",
        "lecturer": "Кузьмин Г.Н."
    },
    {
        "day": 5,
        "week_code": 2,
        "time": "18:30 Четная",
        "discipline": "лек РАСЧ.И ПР.АГР.ВРД",
        "classroom": "455; ",
        "lecturer": "Кузьмин Г.Н."
    },
    {
        "day": 5,
        "week_code": 1,
        "time": "20:05 Нечетная",
        "discipline": "лек РАСЧ.И ПР.АГР.ВРД",
        "classroom": "455; ",
        "lecturer": "Кузьмин Г.Н."
    },
    {
        "day": 5,
        "week_code": 2,
        "time": "20:05 Четная",
        "discipline": "лек РАСЧ.И ПР.АГР.ВРД",
        "classroom": "455; ",
        "lecturer": "Кузьмин Г.Н."
    }
]