[
    {
        "day": "Понедельник",
        "week_code": "1",
        "time": "14:55 Нечетная",
        "discipline": "пр ОБОСН. ОБЛ. ВТУ",
        "classroom": "СК2; ",
        "lecturer": "Пинчук В.А."
    },
    {
        "day": "Понедельник",
        "week_code": "2",
        "time": "14:55 Четная",
        "discipline": "пр ОБОСН. ОБЛ. ВТУ",
        "classroom": "СК2; ",
        "lecturer": "Пинчук В.А."
    },
    {
        "day": "Понедельник",
        "week_code": "1",
        "time": "16:45 Нечетная",
        "discipline": "лек ОБОСН. ОБЛ. ВТУ",
        "classroom": "СК2; ",
        "lecturer": "Пинчук В.А."
    },
    {
        "day": "Понедельник",
        "week_code": "2",
        "time": "16:45 Четная",
        "discipline": "лек ОБОСН. ОБЛ. ВТУ",
        "classroom": "СК2; ",
        "lecturer": "Пинчук В.А."
    },
    {
        "day": "Понедельник",
        "week_code": "1",
        "time": "18:30 Нечетная",
        "discipline": "пр ПР. И КОНСТР.ВРД",
        "classroom": "ауд.БК Климов; ",
        "lecturer": "Каровецкий А.А."
    },
    {
        "day": "Вторник",
        "week_code": "1",
        "time": "14:55 Нечетная",
        "discipline": "лек ВЫСШ. МАТ. В НИ",
        "classroom": "450; ",
        "lecturer": "Солдаткин А.В."
    },
    {
        "day": "Вторник",
        "week_code": "2",
        "time": "14:55 Четная",
        "discipline": "лек ВЫСШ. МАТ. В НИ",
        "classroom": "450; ",
        "lecturer": "Солдаткин А.В."
    },
    {
        "day": "Вторник",
        "week_code": "1",
        "time": "16:45 Нечетная",
        "discipline": "лек МЕТ. НАУЧ. ИССЛЕД",
        "classroom": "429*; ",
        "lecturer": "Дрозд А.Л."
    },
    {
        "day": "Вторник",
        "week_code": "2",
        "time": "16:45 Четная",
        "discipline": "пр ВЫСШ. МАТ. В НИ",
        "classroom": "214*; ",
        "lecturer": "Чернусь П.П."
    },
    {
        "day": "Вторник",
        "week_code": "1",
        "time": "18:30 Нечетная",
        "discipline": "пр МЕТ. НАУЧ. ИССЛЕД",
        "classroom": "507*а; ",
        "lecturer": "Дрозд А.Л."
    },
    {
        "day": "Четверг",
        "week_code": "1",
        "time": "16:45 Нечетная",
        "discipline": "пр ИН. ЯЗ.",
        "classroom": "306*; ",
        "lecturer": "Дунаевская М.А."
    },
    {
        "day": "Четверг",
        "week_code": "2",
        "time": "16:45 Четная",
        "discipline": "пр ИН. ЯЗ.",
        "classroom": "306*; ",
        "lecturer": "Дунаевская М.А."
    },
    {
        "day": "Четверг",
        "week_code": "1",
        "time": "18:30 Нечетная",
        "discipline": "лек УПР.ПРОЕКТАМИ",
        "classroom": "331*; ",
        "lecturer": "Алёшкин Н.А."
    },
    {
        "day": "Четверг",
        "week_code": "1",
        "time": "20:05 Нечетная",
        "discipline": "пр УПР.ПРОЕКТАМИ",
        "classroom": "331*; ",
        "lecturer": "Алёшкин Н.А."
    },
    {
        "day": "Пятница",
        "week_code": "1",
        "time": "12:40 Нечетная",
        "discipline": "лек ПР. И КОНСТР.ВРД",
        "classroom": "СК2а; ",
        "lecturer": "Юнаков Л.П."
    },
    {
        "day": "Пятница",
        "week_code": "2",
        "time": "12:40 Четная",
        "discipline": "лек ПР. И КОНСТР.ВРД",
        "classroom": "СК2а; ",
        "lecturer": "Юнаков Л.П."
    },
    {
        "day": "Пятница",
        "week_code": "1",
        "time": "14:55 Нечетная",
        "discipline": "пр ЧИСЛ.МЕТ.ИССЛ.ТЕПЛ",
        "classroom": "ауд.БК Климов; ",
        "lecturer": "Мустейкис А.И."
    },
    {
        "day": "Пятница",
        "week_code": "2",
        "time": "14:55 Четная",
        "discipline": "пр ЧИСЛ.МЕТ.ИССЛ.ТЕПЛ",
        "classroom": "ауд.БК Климов; ",
        "lecturer": "Мустейкис А.И."
    },
    {
        "day": "Пятница",
        "week_code": "2",
        "time": "16:45 Четная",
        "discipline": "лек ЧИСЛ.МЕТ.ИССЛ.ТЕПЛ",
        "classroom": "ауд.БК Климов; ",
        "lecturer": "Мустейкис А.И."
    }
]