[
    {
        "day": "Понедельник",
        "week_code": "1",
        "time": "12:40 Нечетная",
        "discipline": "пр МЕНЕДЖМ.РАЗР",
        "classroom": "439; ",
        "lecturer": "Федосенко Н.Б."
    },
    {
        "day": "Понедельник",
        "week_code": "2",
        "time": "12:40 Четная",
        "discipline": "пр МЕНЕДЖМ.РАЗР",
        "classroom": "439; ",
        "lecturer": "Федосенко Н.Б."
    },
    {
        "day": "Понедельник",
        "week_code": "1",
        "time": "14:55 Нечетная",
        "discipline": "пр МОД.ВЫС-ИН. ПРОЦ",
        "classroom": "439; ",
        "lecturer": "Брыков Н.А."
    },
    {
        "day": "Понедельник",
        "week_code": "2",
        "time": "14:55 Четная",
        "discipline": "пр МОД.ВЫС-ИН. ПРОЦ",
        "classroom": "439; ",
        "lecturer": "Брыков Н.А."
    },
    {
        "day": "Понедельник",
        "week_code": "1",
        "time": "16:45 Нечетная",
        "discipline": "лек НЕСТАЦ.И АК.ПРОЦ",
        "classroom": "438; ",
        "lecturer": "Чернышов М.В."
    },
    {
        "day": "Понедельник",
        "week_code": "2",
        "time": "16:45 Четная",
        "discipline": "лек НЕСТАЦ.И АК.ПРОЦ",
        "classroom": "438; ",
        "lecturer": "Чернышов М.В."
    },
    {
        "day": "Понедельник",
        "week_code": "1",
        "time": "18:30 Нечетная",
        "discipline": "пр УНИРС",
        "classroom": "439; ",
        "lecturer": "Дегтярев Н.Д."
    },
    {
        "day": "Понедельник",
        "week_code": "2",
        "time": "18:30 Четная",
        "discipline": "пр УНИРС",
        "classroom": "439; ",
        "lecturer": "Дегтярев Н.Д."
    },
    {
        "day": "Вторник",
        "week_code": "1",
        "time": "14:55 Нечетная",
        "discipline": "лаб НЕСТАЦ.И АК.ПРОЦ",
        "classroom": "лаб г/дин; ",
        "lecturer": "Чернышов М.В."
    },
    {
        "day": "Вторник",
        "week_code": "1",
        "time": "16:45 Нечетная",
        "discipline": "пр НЕСТАЦ.И АК.ПРОЦ",
        "classroom": "ВЦ 285; ",
        "lecturer": "Чернышов М.В."
    },
    {
        "day": "Вторник",
        "week_code": "2",
        "time": "16:45 Четная",
        "discipline": "лек МОД.ВЫС-ИН. ПРОЦ",
        "classroom": "438; ",
        "lecturer": "Брыков Н.А."
    },
    {
        "day": "Вторник",
        "week_code": "2",
        "time": "18:30 Четная",
        "discipline": "лек МЕНЕДЖМ.РАЗР",
        "classroom": "438; ",
        "lecturer": "Федосенко Н.Б."
    },
    {
        "day": "Среда",
        "week_code": "1",
        "time": "9:00 Нечетная",
        "discipline": "пр ДОП. ПОДГОТОВКА",
        "classroom": null,
        "lecturer": null
    },
    {
        "day": "Среда",
        "week_code": "2",
        "time": "9:00 Четная",
        "discipline": "пр ДОП. ПОДГОТОВКА",
        "classroom": null,
        "lecturer": null
    },
    {
        "day": "Среда",
        "week_code": "1",
        "time": "10:50 Нечетная",
        "discipline": "пр ДОП. ПОДГОТОВКА",
        "classroom": null,
        "lecturer": null
    },
    {
        "day": "Среда",
        "week_code": "2",
        "time": "10:50 Четная",
        "discipline": "пр ДОП. ПОДГОТОВКА",
        "classroom": null,
        "lecturer": null
    },
    {
        "day": "Среда",
        "week_code": "1",
        "time": "12:40 Нечетная",
        "discipline": "пр ДОП. ПОДГОТОВКА",
        "classroom": null,
        "lecturer": null
    },
    {
        "day": "Среда",
        "week_code": "2",
        "time": "12:40 Четная",
        "discipline": "пр ДОП. ПОДГОТОВКА",
        "classroom": null,
        "lecturer": null
    },
    {
        "day": "Среда",
        "week_code": "1",
        "time": "14:55 Нечетная",
        "discipline": "пр ДОП. ПОДГОТОВКА",
        "classroom": null,
        "lecturer": null
    },
    {
        "day": "Среда",
        "week_code": "2",
        "time": "14:55 Четная",
        "discipline": "пр ДОП. ПОДГОТОВКА",
        "classroom": null,
        "lecturer": null
    },
    {
        "day": "Пятница",
        "week_code": "1",
        "time": "12:40 Нечетная",
        "discipline": "пр НАУЧ. ИССЛЕД. РАБОТА",
        "classroom": "439; ",
        "lecturer": "Лаптинская М.М."
    },
    {
        "day": "Пятница",
        "week_code": "2",
        "time": "12:40 Четная",
        "discipline": "пр НАУЧ. ИССЛЕД. РАБОТА",
        "classroom": "439; ",
        "lecturer": "Лаптинская М.М."
    },
    {
        "day": "Пятница",
        "week_code": "1",
        "time": "14:55 Нечетная",
        "discipline": "пр ПРАКТ.В ГИДРОАЭРОДИН.",
        "classroom": "439; ",
        "lecturer": "Овчинникова О.К."
    },
    {
        "day": "Пятница",
        "week_code": "2",
        "time": "14:55 Четная",
        "discipline": "пр ПРАКТ.В ГИДРОАЭРОДИН.",
        "classroom": "439; ",
        "lecturer": "Овчинникова О.К."
    },
    {
        "day": "Пятница",
        "week_code": "1",
        "time": "16:45 Нечетная",
        "discipline": "пр УНИРС",
        "classroom": "439; ",
        "lecturer": "Дегтярев Н.Д."
    },
    {
        "day": "Пятница",
        "week_code": "2",
        "time": "16:45 Четная",
        "discipline": "пр УНИРС",
        "classroom": "439; ",
        "lecturer": "Дегтярев Н.Д."
    }
]