[
    {
        "day": 1,
        "week_code": 1,
        "time": "16:45 Нечетная",
        "discipline": "лек НЕСТАЦ.И АК.ПРОЦ",
        "classroom": "438; ",
        "lecturer": "Чернышов М.В."
    },
    {
        "day": 1,
        "week_code": 2,
        "time": "16:45 Четная",
        "discipline": "лек НЕСТАЦ.И АК.ПРОЦ",
        "classroom": "438; ",
        "lecturer": "Чернышов М.В."
    },
    {
        "day": 1,
        "week_code": 1,
        "time": "18:30 Нечетная",
        "discipline": "пр НЕСТАЦ.И АК.ПРОЦ",
        "classroom": "ВЦ 285; ",
        "lecturer": "Чернышов М.В."
    },
    {
        "day": 1,
        "week_code": 2,
        "time": "18:30 Четная",
        "discipline": "лек ЭНЕРГОСБЕРЕЖЕН.",
        "classroom": "438; ",
        "lecturer": "Чернышов М.В."
    },
    {
        "day": 2,
        "week_code": 1,
        "time": "16:45 Нечетная",
        "discipline": "лек ВЫСОКОТЕМП.ТЕХН.ПР.",
        "classroom": "438; ",
        "lecturer": "Брыков Н.А."
    },
    {
        "day": 2,
        "week_code": 2,
        "time": "16:45 Четная",
        "discipline": "лек МОД.ВЫС-ИН. ПРОЦ",
        "classroom": "438; ",
        "lecturer": "Брыков Н.А."
    },
    {
        "day": 2,
        "week_code": 1,
        "time": "18:30 Нечетная",
        "discipline": "пр УНИРС",
        "classroom": "439; ",
        "lecturer": "Савелов В.А."
    },
    {
        "day": 2,
        "week_code": 2,
        "time": "18:30 Четная",
        "discipline": "пр УНИРС",
        "classroom": "439; ",
        "lecturer": "Савелов В.А."
    },
    {
        "day": 3,
        "week_code": 1,
        "time": "9:00 Нечетная",
        "discipline": "пр ДОП. ПОДГОТОВКА",
        "classroom": null,
        "lecturer": null
    },
    {
        "day": 3,
        "week_code": 2,
        "time": "9:00 Четная",
        "discipline": "пр ДОП. ПОДГОТОВКА",
        "classroom": null,
        "lecturer": null
    },
    {
        "day": 3,
        "week_code": 1,
        "time": "10:50 Нечетная",
        "discipline": "пр ДОП. ПОДГОТОВКА",
        "classroom": null,
        "lecturer": null
    },
    {
        "day": 3,
        "week_code": 2,
        "time": "10:50 Четная",
        "discipline": "пр ДОП. ПОДГОТОВКА",
        "classroom": null,
        "lecturer": null
    },
    {
        "day": 3,
        "week_code": 1,
        "time": "12:40 Нечетная",
        "discipline": "пр ДОП. ПОДГОТОВКА",
        "classroom": null,
        "lecturer": null
    },
    {
        "day": 3,
        "week_code": 2,
        "time": "12:40 Четная",
        "discipline": "пр ДОП. ПОДГОТОВКА",
        "classroom": null,
        "lecturer": null
    },
    {
        "day": 3,
        "week_code": 1,
        "time": "14:55 Нечетная",
        "discipline": "пр ДОП. ПОДГОТОВКА",
        "classroom": null,
        "lecturer": null
    },
    {
        "day": 3,
        "week_code": 2,
        "time": "14:55 Четная",
        "discipline": "пр ДОП. ПОДГОТОВКА",
        "classroom": null,
        "lecturer": null
    },
    {
        "day": 4,
        "week_code": 1,
        "time": "10:50 Нечетная",
        "discipline": "лаб НЕСТАЦ.И АК.ПРОЦ",
        "classroom": "лаб г/дин; ",
        "lecturer": "Чернышов М.В."
    },
    {
        "day": 4,
        "week_code": 2,
        "time": "10:50 Четная",
        "discipline": "лаб НЕСТАЦ.И АК.ПРОЦ",
        "classroom": "лаб г/дин; ",
        "lecturer": "Чернышов М.В."
    },
    {
        "day": 4,
        "week_code": 1,
        "time": "12:40 Нечетная",
        "discipline": "пр ЭНЕРГОСБЕРЕЖЕН.",
        "classroom": "438; ",
        "lecturer": "Чернышов М.В."
    },
    {
        "day": 4,
        "week_code": 2,
        "time": "12:40 Четная",
        "discipline": "пр ЭНЕРГОСБЕРЕЖЕН.",
        "classroom": "438; ",
        "lecturer": "Чернышов М.В."
    },
    {
        "day": 4,
        "week_code": 1,
        "time": "14:55 Нечетная",
        "discipline": "пр МОД.ВЫС-ИН. ПРОЦ",
        "classroom": "ВЦ 285; ",
        "lecturer": "Брыков Н.А."
    },
    {
        "day": 4,
        "week_code": 2,
        "time": "14:55 Четная",
        "discipline": "пр МОД.ВЫС-ИН. ПРОЦ",
        "classroom": "ВЦ 285; ",
        "lecturer": "Брыков Н.А."
    },
    {
        "day": 4,
        "week_code": 1,
        "time": "16:45 Нечетная",
        "discipline": "пр ВЫСОКОТЕМП.ТЕХН.ПР.",
        "classroom": "ВЦ 285; ",
        "lecturer": "Брыков Н.А."
    },
    {
        "day": 4,
        "week_code": 2,
        "time": "16:45 Четная",
        "discipline": "пр ВЫСОКОТЕМП.ТЕХН.ПР.",
        "classroom": "ВЦ 285; ",
        "lecturer": "Брыков Н.А."
    }
]