[
    {
        "day": "Понедельник",
        "week_code": "1",
        "time": "9:00 Нечетная",
        "discipline": "лек БЖД",
        "classroom": "374; ",
        "lecturer": "Тюрина Н.В."
    },
    {
        "day": "Понедельник",
        "week_code": "2",
        "time": "9:00 Четная",
        "discipline": "лек БЖД",
        "classroom": "374; ",
        "lecturer": "Тюрина Н.В."
    },
    {
        "day": "Понедельник",
        "week_code": "1",
        "time": "10:50 Нечетная",
        "discipline": "пр Т.ТЕПЛООБМ.ПРОЦ",
        "classroom": "456; ",
        "lecturer": "Шалимов В.П."
    },
    {
        "day": "Понедельник",
        "week_code": "2",
        "time": "10:50 Четная",
        "discipline": "пр Т.ТЕПЛООБМ.ПРОЦ",
        "classroom": "497; ",
        "lecturer": "Шалимов В.П."
    },
    {
        "day": "Понедельник",
        "week_code": "1",
        "time": "12:40 Нечетная",
        "discipline": "лек Т.ТЕПЛООБМ.ПРОЦ",
        "classroom": "438; ",
        "lecturer": "Шалимов В.П."
    },
    {
        "day": "Понедельник",
        "week_code": "2",
        "time": "12:40 Четная",
        "discipline": "лек Т.ТЕПЛООБМ.ПРОЦ",
        "classroom": "438; ",
        "lecturer": "Шалимов В.П."
    },
    {
        "day": "Понедельник",
        "week_code": "1",
        "time": "14:55 Нечетная",
        "discipline": "пр БЖД",
        "classroom": "444; ",
        "lecturer": "Фиев К.П."
    },
    {
        "day": "Понедельник",
        "week_code": "2",
        "time": "14:55 Четная",
        "discipline": "лаб БЖД",
        "classroom": "384б; ",
        "lecturer": "Фиев К.П."
    },
    {
        "day": "Вторник",
        "week_code": "1",
        "time": "9:00 Нечетная",
        "discipline": "лек МЕХ.ЖИДК.И ГАЗА",
        "classroom": "438; ",
        "lecturer": "Циркунов Ю.М."
    },
    {
        "day": "Вторник",
        "week_code": "2",
        "time": "9:00 Четная",
        "discipline": "лек МЕХ.ЖИДК.И ГАЗА",
        "classroom": "438; ",
        "lecturer": "Циркунов Ю.М."
    },
    {
        "day": "Вторник",
        "week_code": "1",
        "time": "10:50 Нечетная",
        "discipline": "пр МЕХ.ЖИДК.И ГАЗА",
        "classroom": "438; ",
        "lecturer": "Циркунов Ю.М."
    },
    {
        "day": "Вторник",
        "week_code": "2",
        "time": "10:50 Четная",
        "discipline": "лек АЭРОДИН.ПРОЕКТ",
        "classroom": "438; ",
        "lecturer": "Тетерина И.В."
    },
    {
        "day": "Вторник",
        "week_code": "1",
        "time": "12:40 Нечетная",
        "discipline": "лек СПЕЦ. ТЕРМОДИН",
        "classroom": "438; ",
        "lecturer": "Тетерина И.В."
    },
    {
        "day": "Вторник",
        "week_code": "2",
        "time": "12:40 Четная",
        "discipline": "лек СПЕЦ. ТЕРМОДИН",
        "classroom": "438; ",
        "lecturer": "Тетерина И.В."
    },
    {
        "day": "Вторник",
        "week_code": "1",
        "time": "14:55 Нечетная",
        "discipline": "пр РАЗНОСТН. МОДЕЛ",
        "classroom": "ВЦ 285; ",
        "lecturer": "Федосенко Н.Б."
    },
    {
        "day": "Вторник",
        "week_code": "2",
        "time": "14:55 Четная",
        "discipline": "лаб МЕХ.ЖИДК.И ГАЗА",
        "classroom": "лаб г/дин; ",
        "lecturer": "Веревкин А.А."
    },
    {
        "day": "Среда",
        "week_code": "1",
        "time": "10:50 Нечетная",
        "discipline": "пр ОСН,ДИНАМ. И ПР.ЛА",
        "classroom": "ВЦ 285; ",
        "lecturer": "Лаптинская М.М."
    },
    {
        "day": "Среда",
        "week_code": "1",
        "time": "12:40 Нечетная",
        "discipline": "лаб АЭРОДИН.ПРОЕКТ",
        "classroom": "439; ",
        "lecturer": "Лаптинская М.М."
    },
    {
        "day": "Среда",
        "week_code": "2",
        "time": "12:40 Четная",
        "discipline": "лаб АЭРОДИН.ПРОЕКТ",
        "classroom": "439; ",
        "lecturer": "Лаптинская М.М."
    },
    {
        "day": "Среда",
        "week_code": "1",
        "time": "14:55 Нечетная",
        "discipline": "лек РАЗНОСТН. МОДЕЛ",
        "classroom": "438; ",
        "lecturer": "Федосенко Н.Б."
    },
    {
        "day": "Среда",
        "week_code": "2",
        "time": "14:55 Четная",
        "discipline": "лек РАЗНОСТН. МОДЕЛ",
        "classroom": "438; ",
        "lecturer": "Федосенко Н.Б."
    },
    {
        "day": "Среда",
        "week_code": "1",
        "time": "16:45 Нечетная",
        "discipline": "лек ОСН,ДИНАМ. И ПР.ЛА",
        "classroom": "438; ",
        "lecturer": "Емельянов В.Н."
    },
    {
        "day": "Среда",
        "week_code": "2",
        "time": "16:45 Четная",
        "discipline": "лек ОСН,ДИНАМ. И ПР.ЛА",
        "classroom": "438; ",
        "lecturer": "Емельянов В.Н."
    },
    {
        "day": "Четверг",
        "week_code": "1",
        "time": "9:00 Нечетная",
        "discipline": "пр ДОП. ПОДГОТОВКА",
        "classroom": null,
        "lecturer": null
    },
    {
        "day": "Четверг",
        "week_code": "2",
        "time": "9:00 Четная",
        "discipline": "пр ДОП. ПОДГОТОВКА",
        "classroom": null,
        "lecturer": null
    },
    {
        "day": "Четверг",
        "week_code": "1",
        "time": "10:50 Нечетная",
        "discipline": "пр ДОП. ПОДГОТОВКА",
        "classroom": null,
        "lecturer": null
    },
    {
        "day": "Четверг",
        "week_code": "2",
        "time": "10:50 Четная",
        "discipline": "пр ДОП. ПОДГОТОВКА",
        "classroom": null,
        "lecturer": null
    },
    {
        "day": "Четверг",
        "week_code": "1",
        "time": "12:40 Нечетная",
        "discipline": "пр ДОП. ПОДГОТОВКА",
        "classroom": null,
        "lecturer": null
    },
    {
        "day": "Четверг",
        "week_code": "2",
        "time": "12:40 Четная",
        "discipline": "пр ДОП. ПОДГОТОВКА",
        "classroom": null,
        "lecturer": null
    },
    {
        "day": "Четверг",
        "week_code": "1",
        "time": "14:55 Нечетная",
        "discipline": "пр ДОП. ПОДГОТОВКА",
        "classroom": null,
        "lecturer": null
    },
    {
        "day": "Четверг",
        "week_code": "2",
        "time": "14:55 Четная",
        "discipline": "пр ДОП. ПОДГОТОВКА",
        "classroom": null,
        "lecturer": null
    },
    {
        "day": "Пятница",
        "week_code": "1",
        "time": "14:55 Нечетная",
        "discipline": "пр СПЕЦ. ТЕРМОДИН",
        "classroom": "456; ",
        "lecturer": "Ефремов А.В."
    },
    {
        "day": "Пятница",
        "week_code": "1",
        "time": "16:45 Нечетная",
        "discipline": "пр АЭРОДИН.ПРОЕКТ",
        "classroom": "ВЦ 285; ",
        "lecturer": "Лаптинский А.И."
    },
    {
        "day": "Пятница",
        "week_code": "2",
        "time": "16:45 Четная",
        "discipline": "пр АЭРОДИН.ПРОЕКТ",
        "classroom": "ВЦ 285; ",
        "lecturer": "Лаптинский А.И."
    },
    {
        "day": "Пятница",
        "week_code": "1",
        "time": "18:30 Нечетная",
        "discipline": "лаб МЕХ.ЖИДК.И ГАЗА",
        "classroom": "лаб г/дин; ",
        "lecturer": "Веревкин А.А."
    }
]