[
    {
        "day": 1,
        "week_code": 1,
        "time": "9:00 Нечетная",
        "discipline": "лек ГИДРАВЛ. В ТЕПЛОТЕХН.",
        "classroom": "438; ",
        "lecturer": "Шалимов В.П."
    },
    {
        "day": 1,
        "week_code": 2,
        "time": "9:00 Четная",
        "discipline": "лек ГИДРАВЛ. В ТЕПЛОТЕХН.",
        "classroom": "438; ",
        "lecturer": "Шалимов В.П."
    },
    {
        "day": 1,
        "week_code": 1,
        "time": "10:50 Нечетная",
        "discipline": "пр БЖД",
        "classroom": "487; ",
        "lecturer": "Храмов А.В."
    },
    {
        "day": 1,
        "week_code": 2,
        "time": "10:50 Четная",
        "discipline": "лаб АЭРОДИН.ПРОЕКТ",
        "classroom": "439; ",
        "lecturer": "Лаптинская М.М."
    },
    {
        "day": 1,
        "week_code": 1,
        "time": "12:40 Нечетная",
        "discipline": "лек Т.ТЕПЛООБМ.ПРОЦ",
        "classroom": "438; ",
        "lecturer": "Шалимов В.П."
    },
    {
        "day": 1,
        "week_code": 2,
        "time": "12:40 Четная",
        "discipline": "лек Т.ТЕПЛООБМ.ПРОЦ",
        "classroom": "438; ",
        "lecturer": "Шалимов В.П."
    },
    {
        "day": 2,
        "week_code": 1,
        "time": "9:00 Нечетная",
        "discipline": "лек БЖД",
        "classroom": "484; ",
        "lecturer": "Кудаев А.В."
    },
    {
        "day": 2,
        "week_code": 2,
        "time": "9:00 Четная",
        "discipline": "лек БЖД",
        "classroom": "486; ",
        "lecturer": "Кудаев А.В."
    },
    {
        "day": 2,
        "week_code": 1,
        "time": "10:50 Нечетная",
        "discipline": "пр РАЗНОСТН. МОДЕЛ",
        "classroom": "ВЦ 283; ",
        "lecturer": "Федосенко Н.Б."
    },
    {
        "day": 2,
        "week_code": 2,
        "time": "10:50 Четная",
        "discipline": "лек АЭРОДИН.ПРОЕКТ",
        "classroom": "438; ",
        "lecturer": "Тетерина И.В."
    },
    {
        "day": 2,
        "week_code": 1,
        "time": "12:40 Нечетная",
        "discipline": "пр ЭНЕРГОСБЕРЕЖЕН.",
        "classroom": "477; ",
        "lecturer": "Ефремов А.В."
    },
    {
        "day": 2,
        "week_code": 2,
        "time": "12:40 Четная",
        "discipline": "пр ЭНЕРГОСБЕРЕЖЕН.",
        "classroom": "477; ",
        "lecturer": "Ефремов А.В."
    },
    {
        "day": 2,
        "week_code": 1,
        "time": "14:55 Нечетная",
        "discipline": "пр ГИДРАВЛ. В ТЕПЛОТЕХН.",
        "classroom": "438; ",
        "lecturer": "Ефремов А.В."
    },
    {
        "day": 2,
        "week_code": 2,
        "time": "14:55 Четная",
        "discipline": "лек ЭНЕРГОСБЕРЕЖЕН.",
        "classroom": "438; ",
        "lecturer": "Ефремов А.В."
    },
    {
        "day": 3,
        "week_code": 1,
        "time": "9:00 Нечетная",
        "discipline": "пр УСТР И ДЕЙСТВ ОБЪЕКТ",
        "classroom": "438; ",
        "lecturer": "Ефремов А.В."
    },
    {
        "day": 3,
        "week_code": 2,
        "time": "9:00 Четная",
        "discipline": "пр УСТР И ДЕЙСТВ ОБЪЕКТ",
        "classroom": "438; ",
        "lecturer": "Ефремов А.В."
    },
    {
        "day": 3,
        "week_code": 1,
        "time": "10:50 Нечетная",
        "discipline": "лек УСТР И ДЕЙСТВ ОБЪЕКТ",
        "classroom": "438; ",
        "lecturer": "Ефремов А.В."
    },
    {
        "day": 3,
        "week_code": 2,
        "time": "10:50 Четная",
        "discipline": "лек УСТР И ДЕЙСТВ ОБЪЕКТ",
        "classroom": "438; ",
        "lecturer": "Ефремов А.В."
    },
    {
        "day": 3,
        "week_code": 1,
        "time": "12:40 Нечетная",
        "discipline": "лек АЭРОГИДР-ГАЗ-ДИН",
        "classroom": "438; ",
        "lecturer": "Циркунов Ю.М."
    },
    {
        "day": 3,
        "week_code": 2,
        "time": "12:40 Четная",
        "discipline": "лек АЭРОГИДР-ГАЗ-ДИН",
        "classroom": "438; ",
        "lecturer": "Циркунов Ю.М."
    },
    {
        "day": 3,
        "week_code": 1,
        "time": "14:55 Нечетная",
        "discipline": "лек РАЗНОСТН. МОДЕЛ",
        "classroom": "438; ",
        "lecturer": "Федосенко Н.Б."
    },
    {
        "day": 3,
        "week_code": 2,
        "time": "14:55 Четная",
        "discipline": "лек РАЗНОСТН. МОДЕЛ",
        "classroom": "438; ",
        "lecturer": "Федосенко Н.Б."
    },
    {
        "day": 4,
        "week_code": 1,
        "time": "9:00 Нечетная",
        "discipline": "пр ДОП. ПОДГОТОВКА",
        "classroom": null,
        "lecturer": null
    },
    {
        "day": 4,
        "week_code": 2,
        "time": "9:00 Четная",
        "discipline": "пр ДОП. ПОДГОТОВКА",
        "classroom": null,
        "lecturer": null
    },
    {
        "day": 4,
        "week_code": 1,
        "time": "10:50 Нечетная",
        "discipline": "пр ДОП. ПОДГОТОВКА",
        "classroom": null,
        "lecturer": null
    },
    {
        "day": 4,
        "week_code": 2,
        "time": "10:50 Четная",
        "discipline": "пр ДОП. ПОДГОТОВКА",
        "classroom": null,
        "lecturer": null
    },
    {
        "day": 4,
        "week_code": 1,
        "time": "12:40 Нечетная",
        "discipline": "пр ДОП. ПОДГОТОВКА",
        "classroom": null,
        "lecturer": null
    },
    {
        "day": 4,
        "week_code": 2,
        "time": "12:40 Четная",
        "discipline": "пр ДОП. ПОДГОТОВКА",
        "classroom": null,
        "lecturer": null
    },
    {
        "day": 4,
        "week_code": 1,
        "time": "14:55 Нечетная",
        "discipline": "пр ДОП. ПОДГОТОВКА",
        "classroom": null,
        "lecturer": null
    },
    {
        "day": 4,
        "week_code": 2,
        "time": "14:55 Четная",
        "discipline": "пр ДОП. ПОДГОТОВКА",
        "classroom": null,
        "lecturer": null
    },
    {
        "day": 5,
        "week_code": 1,
        "time": "12:40 Нечетная",
        "discipline": "лаб БЖД",
        "classroom": "384б; ",
        "lecturer": "Тюрина Н.В."
    },
    {
        "day": 5,
        "week_code": 1,
        "time": "14:55 Нечетная",
        "discipline": "пр Т.ТЕПЛООБМ.ПРОЦ",
        "classroom": "497; ",
        "lecturer": "Шалимов В.П."
    },
    {
        "day": 5,
        "week_code": 2,
        "time": "14:55 Четная",
        "discipline": "пр Т.ТЕПЛООБМ.ПРОЦ",
        "classroom": "456; ",
        "lecturer": "Шалимов В.П."
    },
    {
        "day": 5,
        "week_code": 1,
        "time": "16:45 Нечетная",
        "discipline": "лаб АЭРОГИДР-ГАЗ-ДИН",
        "classroom": "лаб г/дин; ",
        "lecturer": "Веревкин А.А."
    },
    {
        "day": 5,
        "week_code": 2,
        "time": "16:45 Четная",
        "discipline": "пр АЭРОГИДР-ГАЗ-ДИН",
        "classroom": "438; ",
        "lecturer": "Циркунов Ю.М."
    },
    {
        "day": 5,
        "week_code": 1,
        "time": "18:30 Нечетная",
        "discipline": "пр АЭРОДИН.ПРОЕКТ",
        "classroom": "439; ",
        "lecturer": "Лаптинский А.И."
    },
    {
        "day": 5,
        "week_code": 2,
        "time": "18:30 Четная",
        "discipline": "пр АЭРОДИН.ПРОЕКТ",
        "classroom": "439; ",
        "lecturer": "Лаптинский А.И."
    }
]