[
    {
        "day": 1,
        "week_code": 1,
        "time": "10:50 Нечетная",
        "discipline": "пр ФИЗИКА",
        "classroom": "338г*; ",
        "lecturer": null
    },
    {
        "day": 1,
        "week_code": 2,
        "time": "10:50 Четная",
        "discipline": "лек ОСН РОС ГОС",
        "classroom": "403*; ",
        "lecturer": "Клюев А.А."
    },
    {
        "day": 1,
        "week_code": 1,
        "time": "12:40 Нечетная",
        "discipline": "лек ИСТОРИЯ",
        "classroom": "443; ",
        "lecturer": "Егоренкова О.В."
    },
    {
        "day": 1,
        "week_code": 2,
        "time": "12:40 Четная",
        "discipline": "лек ИСТОРИЯ",
        "classroom": "443; ",
        "lecturer": "Егоренкова О.В."
    },
    {
        "day": 1,
        "week_code": 1,
        "time": "14:55 Нечетная",
        "discipline": "пр ЭК ПО ФК И СПОРТУ",
        "classroom": null,
        "lecturer": null
    },
    {
        "day": 1,
        "week_code": 2,
        "time": "14:55 Четная",
        "discipline": "пр ЭК ПО ФК И СПОРТУ",
        "classroom": null,
        "lecturer": null
    },
    {
        "day": 2,
        "week_code": 1,
        "time": "9:00 Нечетная",
        "discipline": "лек ХИМИЯ",
        "classroom": "433*; ",
        "lecturer": "Фатина А.А."
    },
    {
        "day": 2,
        "week_code": 2,
        "time": "9:00 Четная",
        "discipline": "лаб ФИЗИКА",
        "classroom": "323*; ",
        "lecturer": null
    },
    {
        "day": 2,
        "week_code": 1,
        "time": "10:50 Нечетная",
        "discipline": "лек ФИЗИКА",
        "classroom": "327*; ",
        "lecturer": "Бородина Е.Г."
    },
    {
        "day": 2,
        "week_code": 2,
        "time": "10:50 Четная",
        "discipline": "лек ФИЗИКА",
        "classroom": "327*; ",
        "lecturer": "Бородина Е.Г."
    },
    {
        "day": 2,
        "week_code": 1,
        "time": "12:40 Нечетная",
        "discipline": "пр ИНЖ.И КОМП. ГРАФ",
        "classroom": "503*; ",
        "lecturer": "Семенов В.А."
    },
    {
        "day": 2,
        "week_code": 2,
        "time": "12:40 Четная",
        "discipline": "пр ИНЖ.И КОМП. ГРАФ",
        "classroom": "503*; ",
        "lecturer": "Семенов В.А."
    },
    {
        "day": 3,
        "week_code": 2,
        "time": "10:50 Четная",
        "discipline": "пр ИСТОРИЯ",
        "classroom": "456; ",
        "lecturer": "Охочинский Д.М."
    },
    {
        "day": 3,
        "week_code": 1,
        "time": "12:40 Нечетная",
        "discipline": "пр ИНФ.ТЕХН. И ПРОГР.",
        "classroom": "ВЦ 282; ",
        "lecturer": "Землянская Е.Р."
    },
    {
        "day": 3,
        "week_code": 2,
        "time": "12:40 Четная",
        "discipline": "пр ИНФ.ТЕХН. И ПРОГР.",
        "classroom": "ВЦ 282; ",
        "lecturer": "Землянская Е.Р."
    },
    {
        "day": 3,
        "week_code": 1,
        "time": "14:55 Нечетная",
        "discipline": "пр ЭК ПО ФК И СПОРТУ",
        "classroom": null,
        "lecturer": null
    },
    {
        "day": 3,
        "week_code": 2,
        "time": "14:55 Четная",
        "discipline": "пр ЭК ПО ФК И СПОРТУ",
        "classroom": null,
        "lecturer": null
    },
    {
        "day": 3,
        "week_code": 1,
        "time": "16:45 Нечетная",
        "discipline": "лек ВЫСШ. МАТЕМАТ",
        "classroom": "443; ",
        "lecturer": "Тарасова Н.В."
    },
    {
        "day": 3,
        "week_code": 2,
        "time": "16:45 Четная",
        "discipline": "лек ВЫСШ. МАТЕМАТ",
        "classroom": "443; ",
        "lecturer": "Тарасова Н.В."
    },
    {
        "day": 4,
        "week_code": 1,
        "time": "10:50 Нечетная",
        "discipline": "пр ПСИХ-Я.ПРОФ.ДЕЯ-НИ",
        "classroom": "507*а; ",
        "lecturer": "Петрова Е.А."
    },
    {
        "day": 4,
        "week_code": 1,
        "time": "12:40 Нечетная",
        "discipline": "пр ВЫСШ. МАТЕМАТ",
        "classroom": "446; ",
        "lecturer": "Еськова Е.А."
    },
    {
        "day": 4,
        "week_code": 2,
        "time": "12:40 Четная",
        "discipline": "пр ВЫСШ. МАТЕМАТ",
        "classroom": "214*; ",
        "lecturer": "Еськова Е.А."
    },
    {
        "day": 4,
        "week_code": 1,
        "time": "14:55 Нечетная",
        "discipline": "пр ОСН РОС ГОС",
        "classroom": "422*; ",
        "lecturer": "Клюев А.А."
    },
    {
        "day": 4,
        "week_code": 2,
        "time": "14:55 Четная",
        "discipline": "пр ОСН РОС ГОС",
        "classroom": "422*; ",
        "lecturer": "Клюев А.А."
    },
    {
        "day": 5,
        "week_code": 1,
        "time": "10:50 Нечетная",
        "discipline": "пр ИН. ЯЗ.",
        "classroom": "310*; ",
        "lecturer": "Невзорова Н.Ф."
    },
    {
        "day": 5,
        "week_code": 2,
        "time": "10:50 Четная",
        "discipline": "пр ИН. ЯЗ.",
        "classroom": "310*; ",
        "lecturer": "Невзорова Н.Ф."
    },
    {
        "day": 5,
        "week_code": 1,
        "time": "12:40 Нечетная",
        "discipline": "лек ПСИХ-Я.ПРОФ.ДЕЯ-НИ",
        "classroom": "437*; ",
        "lecturer": "Кавера В.А."
    },
    {
        "day": 5,
        "week_code": 2,
        "time": "12:40 Четная",
        "discipline": "лек ПСИХ-Я.ПРОФ.ДЕЯ-НИ",
        "classroom": "437*; ",
        "lecturer": "Кавера В.А."
    },
    {
        "day": 5,
        "week_code": 1,
        "time": "14:55 Нечетная",
        "discipline": "лаб ХИМИЯ",
        "classroom": "559*; ",
        "lecturer": "Киселев А.П."
    },
    {
        "day": 5,
        "week_code": 2,
        "time": "14:55 Четная",
        "discipline": "лаб ХИМИЯ",
        "classroom": "559*; ",
        "lecturer": "Киселев А.П."
    },
    {
        "day": 5,
        "week_code": 1,
        "time": "16:45 Нечетная",
        "discipline": "лек ИНФ.ТЕХН. И ПРОГР.",
        "classroom": "316; ",
        "lecturer": "Заборовский И.С."
    },
    {
        "day": 5,
        "week_code": 2,
        "time": "16:45 Четная",
        "discipline": "лек ИНФ.ТЕХН. И ПРОГР.",
        "classroom": "316; ",
        "lecturer": "Заборовский И.С."
    }
]