[
    {
        "day": 2,
        "week_code": 1,
        "time": "10:50 Нечетная",
        "discipline": "лек ВНУТР.ГАЗОДИН.УСТ.",
        "classroom": "439; ",
        "lecturer": "Овчинникова О.К."
    },
    {
        "day": 2,
        "week_code": 2,
        "time": "10:50 Четная",
        "discipline": "лек ВНУТР.ГАЗОДИН.УСТ.",
        "classroom": "439; ",
        "lecturer": "Овчинникова О.К."
    },
    {
        "day": 2,
        "week_code": 1,
        "time": "12:40 Нечетная",
        "discipline": "пр ВНУТР.ГАЗОДИН.УСТ.",
        "classroom": "439; ",
        "lecturer": "Овчинникова О.К."
    },
    {
        "day": 2,
        "week_code": 2,
        "time": "12:40 Четная",
        "discipline": "пр ВНУТР.ГАЗОДИН.УСТ.",
        "classroom": "439; ",
        "lecturer": "Овчинникова О.К."
    },
    {
        "day": 2,
        "week_code": 1,
        "time": "14:55 Нечетная",
        "discipline": "лек ВЫСШ. МАТ. В НИ",
        "classroom": "450; ",
        "lecturer": "Солдаткин А.В."
    },
    {
        "day": 2,
        "week_code": 2,
        "time": "14:55 Четная",
        "discipline": "лек ВЫСШ. МАТ. В НИ",
        "classroom": "450; ",
        "lecturer": "Солдаткин А.В."
    },
    {
        "day": 2,
        "week_code": 1,
        "time": "16:45 Нечетная",
        "discipline": "лек МЕТ. НАУЧ. ИССЛЕД",
        "classroom": "429*; ",
        "lecturer": "Дрозд А.Л."
    },
    {
        "day": 3,
        "week_code": 1,
        "time": "16:45 Нечетная",
        "discipline": "пр МОДЕЛ.С ПРИМ.CAD",
        "classroom": "439; ",
        "lecturer": "Яковчук М.С."
    },
    {
        "day": 3,
        "week_code": 1,
        "time": "18:30 Нечетная",
        "discipline": "пр ИН. ЯЗ.",
        "classroom": "306*; ",
        "lecturer": "Максакова В.В."
    },
    {
        "day": 3,
        "week_code": 2,
        "time": "18:30 Четная",
        "discipline": "пр ИН. ЯЗ.",
        "classroom": "306*; ",
        "lecturer": "Максакова В.В."
    },
    {
        "day": 3,
        "week_code": 2,
        "time": "20:05 Четная",
        "discipline": "пр ВЫСШ. МАТ. В НИ",
        "classroom": "498; ",
        "lecturer": "Тарасова Н.В."
    },
    {
        "day": 4,
        "week_code": 1,
        "time": "16:45 Нечетная",
        "discipline": "лек ТТ ГИДРОАЭРОМЕХ",
        "classroom": "438; ",
        "lecturer": "Иголкин С.И."
    },
    {
        "day": 4,
        "week_code": 2,
        "time": "16:45 Четная",
        "discipline": "лек ТТ ГИДРОАЭРОМЕХ",
        "classroom": "438; ",
        "lecturer": "Иголкин С.И."
    },
    {
        "day": 4,
        "week_code": 1,
        "time": "18:30 Нечетная",
        "discipline": "лек УПР.ПРОЕКТАМИ",
        "classroom": "331*; ",
        "lecturer": "Алёшкин Н.А."
    },
    {
        "day": 4,
        "week_code": 2,
        "time": "18:30 Четная",
        "discipline": "пр МЕТ. НАУЧ. ИССЛЕД",
        "classroom": "422*; ",
        "lecturer": "Дрозд А.Л."
    },
    {
        "day": 4,
        "week_code": 1,
        "time": "20:05 Нечетная",
        "discipline": "пр УПР.ПРОЕКТАМИ",
        "classroom": "331*; ",
        "lecturer": "Алёшкин Н.А."
    },
    {
        "day": 5,
        "week_code": 1,
        "time": "9:00 Нечетная",
        "discipline": "лек МОДЕЛ.С ПРИМ.CAD",
        "classroom": "438; ",
        "lecturer": "Яковчук М.С."
    },
    {
        "day": 5,
        "week_code": 2,
        "time": "9:00 Четная",
        "discipline": "пр МОДЕЛ.С ПРИМ.CAD",
        "classroom": "439; ",
        "lecturer": "Яковчук М.С."
    },
    {
        "day": 5,
        "week_code": 2,
        "time": "10:50 Четная",
        "discipline": "пр ТТ ГИДРОАЭРОМЕХ",
        "classroom": "438; ",
        "lecturer": "Иголкин С.И."
    }
]