[
    {
        "day": "Понедельник",
        "week_code": "1",
        "time": "14:55 Нечетная",
        "discipline": "лаб ТЕХН.ПР-ВА СПАРО",
        "classroom": "Лаб.Е2-1; ",
        "lecturer": "Мартынович В.В."
    },
    {
        "day": "Понедельник",
        "week_code": "2",
        "time": "14:55 Четная",
        "discipline": "лаб ТЕХН.ПР-ВА СПАРО",
        "classroom": "Лаб.Е2-1; ",
        "lecturer": "Мартынович В.В."
    },
    {
        "day": "Понедельник",
        "week_code": "1",
        "time": "16:45 Нечетная",
        "discipline": "пр ИТ В НАУКЕ И ТЕХ",
        "classroom": "ВЦ КЕ1; ",
        "lecturer": "Новиков И.А."
    },
    {
        "day": "Понедельник",
        "week_code": "2",
        "time": "16:45 Четная",
        "discipline": "пр ИТ В НАУКЕ И ТЕХ",
        "classroom": "ВЦ КЕ1; ",
        "lecturer": "Новиков И.А."
    },
    {
        "day": "Вторник",
        "week_code": "1",
        "time": "10:50 Нечетная",
        "discipline": "лаб ОУ И КОНСТР. РАК",
        "classroom": "СК21; ",
        "lecturer": "Авферонок С.Э."
    },
    {
        "day": "Вторник",
        "week_code": "2",
        "time": "10:50 Четная",
        "discipline": "лаб ОУ И КОНСТР. РАК",
        "classroom": "СК21; ",
        "lecturer": "Авферонок С.Э."
    },
    {
        "day": "Вторник",
        "week_code": "1",
        "time": "12:40 Нечетная",
        "discipline": "лек ПРИБОРНЫЕ УСТР",
        "classroom": "СК-14; ",
        "lecturer": "Грецова Е.Б."
    },
    {
        "day": "Вторник",
        "week_code": "2",
        "time": "12:40 Четная",
        "discipline": "лек ПРИБОРНЫЕ УСТР",
        "classroom": "СК-14; ",
        "lecturer": "Грецова Е.Б."
    },
    {
        "day": "Среда",
        "week_code": "1",
        "time": "10:50 Нечетная",
        "discipline": "лаб ПРИБОРНЫЕ УСТР",
        "classroom": "СК-14; ",
        "lecturer": "Перов Л.Д."
    },
    {
        "day": "Среда",
        "week_code": "2",
        "time": "10:50 Четная",
        "discipline": "лаб ПРИБОРНЫЕ УСТР",
        "classroom": "СК-14; ",
        "lecturer": "Перов Л.Д."
    },
    {
        "day": "Среда",
        "week_code": "1",
        "time": "12:40 Нечетная",
        "discipline": "лек СТВОЛЫ И НАПР.УС",
        "classroom": "313а; ",
        "lecturer": "Зайцев А.С."
    },
    {
        "day": "Среда",
        "week_code": "2",
        "time": "12:40 Четная",
        "discipline": "лек СТВОЛЫ И НАПР.УС",
        "classroom": "313а; ",
        "lecturer": "Зайцев А.С."
    },
    {
        "day": "Среда",
        "week_code": "1",
        "time": "14:55 Нечетная",
        "discipline": "лаб ДЕТАЛИ МАШИН",
        "classroom": "453*; ",
        "lecturer": "Кротов Ю.В."
    },
    {
        "day": "Среда",
        "week_code": "2",
        "time": "14:55 Четная",
        "discipline": "пр ДЕТАЛИ МАШИН",
        "classroom": "453*; ",
        "lecturer": "Кротов Ю.В."
    },
    {
        "day": "Среда",
        "week_code": "1",
        "time": "16:45 Нечетная",
        "discipline": "лек ЭФФ. И НАДЕЖН",
        "classroom": "455; ",
        "lecturer": "Любимов И.В."
    },
    {
        "day": "Среда",
        "week_code": "2",
        "time": "16:45 Четная",
        "discipline": "лек ЭФФ. И НАДЕЖН",
        "classroom": "455; ",
        "lecturer": "Любимов И.В."
    },
    {
        "day": "Четверг",
        "week_code": "2",
        "time": "9:00 Четная",
        "discipline": "лек ТЕХН.ПР-ВА СПАРО",
        "classroom": "СК3; ",
        "lecturer": "Федосов А.В."
    },
    {
        "day": "Четверг",
        "week_code": "1",
        "time": "10:50 Нечетная",
        "discipline": "лаб СТВОЛЫ И НАПР.УС",
        "classroom": "ВЦ КЕ1; ",
        "lecturer": "Егоров  В.В."
    },
    {
        "day": "Четверг",
        "week_code": "2",
        "time": "10:50 Четная",
        "discipline": "лек ФО УСТ.И ФУН.СПО",
        "classroom": "313; ",
        "lecturer": "Кудрявцев С.И."
    },
    {
        "day": "Четверг",
        "week_code": "1",
        "time": "12:40 Нечетная",
        "discipline": "пр ЭФФ. И НАДЕЖН",
        "classroom": "КАБ.Е1; ",
        "lecturer": "Мелехин А.А."
    },
    {
        "day": "Четверг",
        "week_code": "2",
        "time": "12:40 Четная",
        "discipline": "лек ОУ И КОНСТР. РАК",
        "classroom": "313а; ",
        "lecturer": "Авферонок С.Э."
    },
    {
        "day": "Четверг",
        "week_code": "1",
        "time": "14:55 Нечетная",
        "discipline": "лаб ФО УСТ.И ФУН.СПО",
        "classroom": "Мкаб.Е1; ",
        "lecturer": "Маилян Г.Э."
    },
    {
        "day": "Четверг",
        "week_code": "2",
        "time": "14:55 Четная",
        "discipline": "лаб ФО УСТ.И ФУН.СПО",
        "classroom": "Мкаб.Е1; ",
        "lecturer": "Маилян Г.Э."
    },
    {
        "day": "Пятница",
        "week_code": "1",
        "time": "9:00 Нечетная",
        "discipline": "лек ДЕТАЛИ МАШИН",
        "classroom": "460*; ",
        "lecturer": "Кротов Ю.В."
    },
    {
        "day": "Пятница",
        "week_code": "2",
        "time": "9:00 Четная",
        "discipline": "лек ДЕТАЛИ МАШИН",
        "classroom": "460*; ",
        "lecturer": "Кротов Ю.В."
    },
    {
        "day": "Пятница",
        "week_code": "1",
        "time": "10:50 Нечетная",
        "discipline": "пр ИТ В НАУКЕ И ТЕХ",
        "classroom": "ВЦ КЕ1; ",
        "lecturer": "Новиков И.А."
    },
    {
        "day": "Пятница",
        "week_code": "2",
        "time": "10:50 Четная",
        "discipline": "лек ИТ В НАУКЕ И ТЕХ",
        "classroom": "313; ",
        "lecturer": "Новиков И.А."
    },
    {
        "day": "Пятница",
        "week_code": "2",
        "time": "12:40 Четная",
        "discipline": "лек СТВОЛЫ И НАПР.УС",
        "classroom": "477; ",
        "lecturer": "Зайцев А.С."
    }
]