[
    {
        "day": 1,
        "week_code": 1,
        "time": "9:00 Нечетная",
        "discipline": "пр ДОП. ПОДГОТОВКА",
        "classroom": null,
        "lecturer": null
    },
    {
        "day": 1,
        "week_code": 2,
        "time": "9:00 Четная",
        "discipline": "пр ДОП. ПОДГОТОВКА",
        "classroom": null,
        "lecturer": null
    },
    {
        "day": 1,
        "week_code": 1,
        "time": "10:50 Нечетная",
        "discipline": "пр ДОП. ПОДГОТОВКА",
        "classroom": null,
        "lecturer": null
    },
    {
        "day": 1,
        "week_code": 2,
        "time": "10:50 Четная",
        "discipline": "пр ДОП. ПОДГОТОВКА",
        "classroom": null,
        "lecturer": null
    },
    {
        "day": 1,
        "week_code": 1,
        "time": "12:40 Нечетная",
        "discipline": "пр ДОП. ПОДГОТОВКА",
        "classroom": null,
        "lecturer": null
    },
    {
        "day": 1,
        "week_code": 2,
        "time": "12:40 Четная",
        "discipline": "пр ДОП. ПОДГОТОВКА",
        "classroom": null,
        "lecturer": null
    },
    {
        "day": 1,
        "week_code": 1,
        "time": "14:55 Нечетная",
        "discipline": "пр ДОП. ПОДГОТОВКА",
        "classroom": null,
        "lecturer": null
    },
    {
        "day": 1,
        "week_code": 2,
        "time": "14:55 Четная",
        "discipline": "пр ДОП. ПОДГОТОВКА",
        "classroom": null,
        "lecturer": null
    },
    {
        "day": 2,
        "week_code": 1,
        "time": "10:50 Нечетная",
        "discipline": "лек ОСН.ФИЗ.ПРОЧН.",
        "classroom": "106*; ",
        "lecturer": "Крыжевич Г.Б."
    },
    {
        "day": 2,
        "week_code": 1,
        "time": "12:40 Нечетная",
        "discipline": "пр ТЕОР.УП.И ПЛАС.",
        "classroom": "453*; ",
        "lecturer": "Крыжевич Г.Б."
    },
    {
        "day": 2,
        "week_code": 2,
        "time": "12:40 Четная",
        "discipline": "лек ТЕОР.УП.И ПЛАС.",
        "classroom": "460*; ",
        "lecturer": "Крыжевич Г.Б."
    },
    {
        "day": 2,
        "week_code": 1,
        "time": "14:55 Нечетная",
        "discipline": "лаб ТЕОР.УП.И ПЛАС.",
        "classroom": "106*; ",
        "lecturer": "Крыжевич Г.Б."
    },
    {
        "day": 2,
        "week_code": 2,
        "time": "14:55 Четная",
        "discipline": "пр АВТОМАТИКА СПЕЦМАШ",
        "classroom": "ВЦ КЕ1; ",
        "lecturer": "Яковлев С.А."
    },
    {
        "day": 2,
        "week_code": 1,
        "time": "16:45 Нечетная",
        "discipline": "лаб АВТОМАТИКА СПЕЦМАШ",
        "classroom": "ВЦ КЕ1; ",
        "lecturer": "Яковлев С.А."
    },
    {
        "day": 2,
        "week_code": 2,
        "time": "16:45 Четная",
        "discipline": "лаб АВТОМАТИКА СПЕЦМАШ",
        "classroom": "ВЦ КЕ1; ",
        "lecturer": "Яковлев С.А."
    },
    {
        "day": 3,
        "week_code": 1,
        "time": "10:50 Нечетная",
        "discipline": "лек ОСН.ИНЖ.РЕШЕНИЙ",
        "classroom": "445; ",
        "lecturer": "Новиков И.А."
    },
    {
        "day": 3,
        "week_code": 2,
        "time": "10:50 Четная",
        "discipline": "лек ОСН.ИНЖ.РЕШЕНИЙ",
        "classroom": "313; ",
        "lecturer": "Новиков И.А."
    },
    {
        "day": 3,
        "week_code": 1,
        "time": "12:40 Нечетная",
        "discipline": "пр ОСН.ИНЖ.РЕШЕНИЙ",
        "classroom": "КАБ.Е1; ",
        "lecturer": "Новиков И.А."
    },
    {
        "day": 3,
        "week_code": 2,
        "time": "12:40 Четная",
        "discipline": "пр ОСН.ИНЖ.РЕШЕНИЙ",
        "classroom": "КАБ.Е1; ",
        "lecturer": "Новиков И.А."
    },
    {
        "day": 3,
        "week_code": 2,
        "time": "14:55 Четная",
        "discipline": "пр ОСН.ФИЗ.ПРОЧН.",
        "classroom": "106*; ",
        "lecturer": "Крыжевич Г.Б."
    },
    {
        "day": 3,
        "week_code": 2,
        "time": "16:45 Четная",
        "discipline": "лаб ОСН.ФИЗ.ПРОЧН.",
        "classroom": "106*; ",
        "lecturer": "Крыжевич Г.Б."
    },
    {
        "day": 4,
        "week_code": 1,
        "time": "16:45 Нечетная",
        "discipline": "лек ДОЛГОВЕЧН.МАШИН",
        "classroom": "КАБ.Е1; ",
        "lecturer": "Любимов И.В."
    },
    {
        "day": 4,
        "week_code": 2,
        "time": "16:45 Четная",
        "discipline": "лек ДОЛГОВЕЧН.МАШИН",
        "classroom": "КАБ.Е1; ",
        "lecturer": "Любимов И.В."
    },
    {
        "day": 4,
        "week_code": 1,
        "time": "18:30 Нечетная",
        "discipline": "пр ДОЛГОВЕЧН.МАШИН",
        "classroom": "КАБ.Е1; ",
        "lecturer": "Любимов И.В."
    },
    {
        "day": 4,
        "week_code": 2,
        "time": "18:30 Четная",
        "discipline": "лек АВТОМАТИКА СПЕЦМАШ",
        "classroom": "КАБ.Е1; ",
        "lecturer": "Цепелев В.С."
    }
]