[
    {
        "day": 1,
        "week_code": 1,
        "time": "12:40 Нечетная",
        "discipline": "пр МОД.ФУНКЦ.О И СВ",
        "classroom": "ВЦ КЕ1; ",
        "lecturer": "Егоров  В.В."
    },
    {
        "day": 1,
        "week_code": 1,
        "time": "14:55 Нечетная",
        "discipline": "лек ОСН.ПРОЕК.СПАРО",
        "classroom": "316; ",
        "lecturer": "Митряева О.В."
    },
    {
        "day": 1,
        "week_code": 2,
        "time": "14:55 Четная",
        "discipline": "пр УНИРС",
        "classroom": "Мкаб.Е1; ",
        "lecturer": "Митряева О.В."
    },
    {
        "day": 1,
        "week_code": 1,
        "time": "16:45 Нечетная",
        "discipline": "лек ЭКСП. ИССЛЕД. ВТ",
        "classroom": "313а; ",
        "lecturer": "Митряева О.В."
    },
    {
        "day": 1,
        "week_code": 2,
        "time": "16:45 Четная",
        "discipline": "лек ЭКСП. ИССЛЕД. ВТ",
        "classroom": "313а; ",
        "lecturer": "Митряева О.В."
    },
    {
        "day": 2,
        "week_code": 1,
        "time": "12:40 Нечетная",
        "discipline": "лаб ЭКСП. ИССЛЕД. ВТ",
        "classroom": "ВЦ КЕ1; ",
        "lecturer": "Валов В.Ю."
    },
    {
        "day": 2,
        "week_code": 1,
        "time": "14:55 Нечетная",
        "discipline": "лек МЕХ.И АВ.ОРУЖ.",
        "classroom": "КАБ.Е1; ",
        "lecturer": "Цепелев В.С."
    },
    {
        "day": 2,
        "week_code": 2,
        "time": "14:55 Четная",
        "discipline": "лек МЕХ.И АВ.ОРУЖ.",
        "classroom": "КАБ.Е1; ",
        "lecturer": "Цепелев В.С."
    },
    {
        "day": 3,
        "week_code": 1,
        "time": "14:55 Нечетная",
        "discipline": "лаб ОСН.ПРОЕК.СПАРО",
        "classroom": "ВЦ КЕ1; ",
        "lecturer": "Митряева О.В."
    },
    {
        "day": 3,
        "week_code": 1,
        "time": "16:45 Нечетная",
        "discipline": "пр УНИРС",
        "classroom": "Мкаб.Е1; ",
        "lecturer": "Митряева О.В."
    },
    {
        "day": 3,
        "week_code": 2,
        "time": "16:45 Четная",
        "discipline": "пр УНИРС",
        "classroom": "Мкаб.Е1; ",
        "lecturer": "Митряева О.В."
    },
    {
        "day": 3,
        "week_code": 1,
        "time": "18:30 Нечетная",
        "discipline": "пр ОСН.ПРОЕК.СПАРО",
        "classroom": "ВЦ КЕ1; ",
        "lecturer": "Митряева О.В."
    },
    {
        "day": 3,
        "week_code": 2,
        "time": "18:30 Четная",
        "discipline": "пр ОСН.ПРОЕК.СПАРО",
        "classroom": "ВЦ КЕ1; ",
        "lecturer": "Митряева О.В."
    },
    {
        "day": 4,
        "week_code": 1,
        "time": "9:00 Нечетная",
        "discipline": "лаб МЕХ.И АВ.ОРУЖ.",
        "classroom": "ВЦ КЕ1; ",
        "lecturer": "Яковлев С.А."
    },
    {
        "day": 4,
        "week_code": 2,
        "time": "9:00 Четная",
        "discipline": "лаб МЕХ.И АВ.ОРУЖ.",
        "classroom": "ВЦ КЕ1; ",
        "lecturer": "Яковлев С.А."
    },
    {
        "day": 4,
        "week_code": 2,
        "time": "10:50 Четная",
        "discipline": "лек ЧИСЛ.МОДЕЛИР.ПРОЧН.ЗАД. ANSYS",
        "classroom": "453*; ",
        "lecturer": "Харитонов А.В."
    },
    {
        "day": 5,
        "week_code": 1,
        "time": "9:00 Нечетная",
        "discipline": "лаб ЧИСЛ.МОДЕЛИР.ПРОЧН.ЗАД. ANSYS",
        "classroom": "ВЦ 281; ",
        "lecturer": "Харитонов А.В."
    },
    {
        "day": 5,
        "week_code": 2,
        "time": "9:00 Четная",
        "discipline": "пр ЧИСЛ.МОДЕЛИР.ПРОЧН.ЗАД. ANSYS",
        "classroom": "ВЦ 283; ",
        "lecturer": "Харитонов А.В."
    },
    {
        "day": 5,
        "week_code": 1,
        "time": "10:50 Нечетная",
        "discipline": "лек МОД.ФУНКЦ.О И СВ",
        "classroom": "Мкаб.Е1; ",
        "lecturer": "Егоров  В.В."
    },
    {
        "day": 5,
        "week_code": 2,
        "time": "10:50 Четная",
        "discipline": "лек МОД.ФУНКЦ.О И СВ",
        "classroom": "Мкаб.Е1; ",
        "lecturer": "Егоров  В.В."
    },
    {
        "day": 5,
        "week_code": 1,
        "time": "12:40 Нечетная",
        "discipline": "лек СИСТ.ПР.ПРОЕКТИР",
        "classroom": "Мкаб.Е1; ",
        "lecturer": "Вященко Ю.Л."
    },
    {
        "day": 5,
        "week_code": 2,
        "time": "12:40 Четная",
        "discipline": "лек СИСТ.ПР.ПРОЕКТИР",
        "classroom": "Мкаб.Е1; ",
        "lecturer": "Вященко Ю.Л."
    },
    {
        "day": 5,
        "week_code": 2,
        "time": "14:55 Четная",
        "discipline": "пр СИСТ.ПР.ПРОЕКТИР",
        "classroom": "Мкаб.Е1; ",
        "lecturer": "Вященко Ю.Л."
    }
]