[
    {
        "day": "Понедельник",
        "week_code": "1",
        "time": "14:55 Нечетная",
        "discipline": "лек ОСН.ПРОЕК.СПАРО",
        "classroom": "316; ",
        "lecturer": "Митряева О.В."
    },
    {
        "day": "Понедельник",
        "week_code": "1",
        "time": "16:45 Нечетная",
        "discipline": "лек ЭКСП. ИССЛЕД. ВТ",
        "classroom": "313а; ",
        "lecturer": "Митряева О.В."
    },
    {
        "day": "Понедельник",
        "week_code": "2",
        "time": "16:45 Четная",
        "discipline": "лек ЭКСП. ИССЛЕД. ВТ",
        "classroom": "313а; ",
        "lecturer": "Митряева О.В."
    },
    {
        "day": "Понедельник",
        "week_code": "1",
        "time": "18:30 Нечетная",
        "discipline": "пр ОСН.ПРОЕК.СПАРО",
        "classroom": "ВЦ КЕ1; ",
        "lecturer": "Митряева О.В."
    },
    {
        "day": "Понедельник",
        "week_code": "2",
        "time": "18:30 Четная",
        "discipline": "пр ОСН.ПРОЕК.СПАРО",
        "classroom": "ВЦ КЕ1; ",
        "lecturer": "Митряева О.В."
    },
    {
        "day": "Вторник",
        "week_code": "1",
        "time": "10:50 Нечетная",
        "discipline": "пр НИРС В СЕМЕСТРЕ",
        "classroom": "СК1; ",
        "lecturer": "Мешков С.А."
    },
    {
        "day": "Вторник",
        "week_code": "2",
        "time": "10:50 Четная",
        "discipline": "пр НИРС В СЕМЕСТРЕ",
        "classroom": "СК1; ",
        "lecturer": "Мешков С.А."
    },
    {
        "day": "Вторник",
        "week_code": "1",
        "time": "12:40 Нечетная",
        "discipline": "пр УНИРС",
        "classroom": "Мкаб.Е1; ",
        "lecturer": "Мешков С.А."
    },
    {
        "day": "Вторник",
        "week_code": "2",
        "time": "12:40 Четная",
        "discipline": "пр УНИРС",
        "classroom": "Мкаб.Е1; ",
        "lecturer": "Мешков С.А."
    },
    {
        "day": "Вторник",
        "week_code": "2",
        "time": "14:55 Четная",
        "discipline": "пр УНИРС",
        "classroom": "СК1; ",
        "lecturer": "Мешков С.А."
    },
    {
        "day": "Среда",
        "week_code": "1",
        "time": "14:55 Нечетная",
        "discipline": "лек ТЕХНОЛ.ОБСЛУЖИВ",
        "classroom": "455; ",
        "lecturer": "Погудин Е.В."
    },
    {
        "day": "Среда",
        "week_code": "2",
        "time": "14:55 Четная",
        "discipline": "лек ТЕХНОЛ.ОБСЛУЖИВ",
        "classroom": "455; ",
        "lecturer": "Погудин Е.В."
    },
    {
        "day": "Среда",
        "week_code": "1",
        "time": "16:45 Нечетная",
        "discipline": "лаб ТЕХНОЛ.ОБСЛУЖИВ",
        "classroom": "КАБ.Е1; ",
        "lecturer": "Погудин Е.В."
    },
    {
        "day": "Среда",
        "week_code": "2",
        "time": "16:45 Четная",
        "discipline": "лаб ТЕХНОЛ.ОБСЛУЖИВ",
        "classroom": "КАБ.Е1; ",
        "lecturer": "Погудин Е.В."
    },
    {
        "day": "Среда",
        "week_code": "1",
        "time": "18:30 Нечетная",
        "discipline": "лек АВТОМ.ЗАРЯЖАНИЯ",
        "classroom": "КАБ.Е1; ",
        "lecturer": "Любимов И.В."
    },
    {
        "day": "Среда",
        "week_code": "2",
        "time": "18:30 Четная",
        "discipline": "лек АВТОМ.ЗАРЯЖАНИЯ",
        "classroom": "КАБ.Е1; ",
        "lecturer": "Любимов И.В."
    },
    {
        "day": "Среда",
        "week_code": "2",
        "time": "20:05 Четная",
        "discipline": "лаб АВТОМ.ЗАРЯЖАНИЯ",
        "classroom": "КАБ.Е1; ",
        "lecturer": "Чалый  Р.В."
    },
    {
        "day": "Четверг",
        "week_code": "1",
        "time": "16:45 Нечетная",
        "discipline": "пр СИСТ.ПР.ПРОЕКТИР",
        "classroom": "Мкаб.Е1; ",
        "lecturer": "Вященко Ю.Л."
    },
    {
        "day": "Четверг",
        "week_code": "1",
        "time": "18:30 Нечетная",
        "discipline": "лаб ОСН.ПРОЕК.СПАРО",
        "classroom": "ВЦ КЕ1; ",
        "lecturer": "Митряева О.В."
    },
    {
        "day": "Пятница",
        "week_code": "1",
        "time": "9:00 Нечетная",
        "discipline": "пр МОД.ФУНКЦ.О И СВ",
        "classroom": "ВЦ КЕ1; ",
        "lecturer": "Егоров  В.В."
    },
    {
        "day": "Пятница",
        "week_code": "2",
        "time": "9:00 Четная",
        "discipline": "пр ЭКСП. ИССЛЕД. ВТ",
        "classroom": "ВЦ КЕ1; ",
        "lecturer": "Митряева О.В."
    },
    {
        "day": "Пятница",
        "week_code": "1",
        "time": "10:50 Нечетная",
        "discipline": "лек МОД.ФУНКЦ.О И СВ",
        "classroom": "Мкаб.Е1; ",
        "lecturer": "Егоров  В.В."
    },
    {
        "day": "Пятница",
        "week_code": "2",
        "time": "10:50 Четная",
        "discipline": "лек МОД.ФУНКЦ.О И СВ",
        "classroom": "Мкаб.Е1; ",
        "lecturer": "Егоров  В.В."
    },
    {
        "day": "Пятница",
        "week_code": "1",
        "time": "12:40 Нечетная",
        "discipline": "лек СИСТ.ПР.ПРОЕКТИР",
        "classroom": "Мкаб.Е1; ",
        "lecturer": "Вященко Ю.Л."
    },
    {
        "day": "Пятница",
        "week_code": "2",
        "time": "12:40 Четная",
        "discipline": "лек СИСТ.ПР.ПРОЕКТИР",
        "classroom": "Мкаб.Е1; ",
        "lecturer": "Вященко Ю.Л."
    }
]