[
    {
        "day": 1,
        "week_code": 1,
        "time": "12:40 Нечетная",
        "discipline": "лек СИСТ. ПРОЕКТИР",
        "classroom": "КАБ.Е1; ",
        "lecturer": "Вященко Ю.Л."
    },
    {
        "day": 1,
        "week_code": 1,
        "time": "14:55 Нечетная",
        "discipline": "пр МЕТ. НАУЧ. ИССЛЕД",
        "classroom": "401*; ",
        "lecturer": "Дрозд А.Л."
    },
    {
        "day": 1,
        "week_code": 1,
        "time": "16:45 Нечетная",
        "discipline": "лек МЕТ. НАУЧ. ИССЛЕД",
        "classroom": "526*; ",
        "lecturer": "Дрозд А.Л."
    },
    {
        "day": 2,
        "week_code": 1,
        "time": "14:55 Нечетная",
        "discipline": "лек МСП CAD/CAM/CAE",
        "classroom": "202*а(К.кл); ",
        "lecturer": "Александров  А.С."
    },
    {
        "day": 2,
        "week_code": 1,
        "time": "16:45 Нечетная",
        "discipline": "пр СИСТ. ПРОЕКТИР",
        "classroom": "КАБ.Е1; ",
        "lecturer": "Вященко Ю.Л."
    },
    {
        "day": 2,
        "week_code": 2,
        "time": "16:45 Четная",
        "discipline": "пр СИСТ. ПРОЕКТИР",
        "classroom": "КАБ.Е1; ",
        "lecturer": "Вященко Ю.Л."
    },
    {
        "day": 2,
        "week_code": 1,
        "time": "18:30 Нечетная",
        "discipline": "лек ВЫСШ. МАТ. В НИ",
        "classroom": "450; ",
        "lecturer": "Павлов Ю.В."
    },
    {
        "day": 2,
        "week_code": 2,
        "time": "18:30 Четная",
        "discipline": "лек ВЫСШ. МАТ. В НИ",
        "classroom": "450; ",
        "lecturer": "Павлов Ю.В."
    },
    {
        "day": 3,
        "week_code": 1,
        "time": "16:45 Нечетная",
        "discipline": "пр ИН. ЯЗ.",
        "classroom": "304*; ",
        "lecturer": "Швед Д.А."
    },
    {
        "day": 3,
        "week_code": 2,
        "time": "16:45 Четная",
        "discipline": "пр ИН. ЯЗ.",
        "classroom": "304*; ",
        "lecturer": "Швед Д.А."
    },
    {
        "day": 3,
        "week_code": 1,
        "time": "18:30 Нечетная",
        "discipline": "пр МСП CAD/CAM/CAE",
        "classroom": "202*а(К.кл); ",
        "lecturer": "Александров  А.С."
    },
    {
        "day": 3,
        "week_code": 2,
        "time": "18:30 Четная",
        "discipline": "пр МСП CAD/CAM/CAE",
        "classroom": "202*а(К.кл); ",
        "lecturer": "Александров  А.С."
    },
    {
        "day": 4,
        "week_code": 1,
        "time": "16:45 Нечетная",
        "discipline": "пр ВЫСШ. МАТ. В НИ",
        "classroom": "444; ",
        "lecturer": "Солдаткин А.В."
    },
    {
        "day": 4,
        "week_code": 1,
        "time": "18:30 Нечетная",
        "discipline": "лек УПР.ПРОЕКТАМИ",
        "classroom": "331*; ",
        "lecturer": "Алёшкин Н.А."
    },
    {
        "day": 4,
        "week_code": 1,
        "time": "20:05 Нечетная",
        "discipline": "пр УПР.ПРОЕКТАМИ",
        "classroom": "331*; ",
        "lecturer": "Алёшкин Н.А."
    },
    {
        "day": 5,
        "week_code": 1,
        "time": "16:45 Нечетная",
        "discipline": "лек ПРОЕКТ. ТЕРМ. МАШ.",
        "classroom": "КАБ.Е1; ",
        "lecturer": "Цепелев В.С."
    },
    {
        "day": 5,
        "week_code": 2,
        "time": "16:45 Четная",
        "discipline": "пр НАУЧ.ИССЛ.РАБ.",
        "classroom": "ВЦ КЕ1; ",
        "lecturer": "Егоров  В.В."
    },
    {
        "day": 5,
        "week_code": 1,
        "time": "18:30 Нечетная",
        "discipline": "пр ПРОЕКТ. ТЕРМ. МАШ.",
        "classroom": "ВЦ КЕ1; ",
        "lecturer": "Цепелев В.С."
    },
    {
        "day": 5,
        "week_code": 2,
        "time": "18:30 Четная",
        "discipline": "пр ПРОЕКТ. ТЕРМ. МАШ.",
        "classroom": "ВЦ КЕ1; ",
        "lecturer": "Цепелев В.С."
    }
]