[
    {
        "day": 1,
        "week_code": 1,
        "time": "9:00 Нечетная",
        "discipline": "пр ДОП. ПОДГОТОВКА",
        "classroom": null,
        "lecturer": null
    },
    {
        "day": 1,
        "week_code": 2,
        "time": "9:00 Четная",
        "discipline": "пр ДОП. ПОДГОТОВКА",
        "classroom": null,
        "lecturer": null
    },
    {
        "day": 1,
        "week_code": 1,
        "time": "10:50 Нечетная",
        "discipline": "пр ДОП. ПОДГОТОВКА",
        "classroom": null,
        "lecturer": null
    },
    {
        "day": 1,
        "week_code": 2,
        "time": "10:50 Четная",
        "discipline": "пр ДОП. ПОДГОТОВКА",
        "classroom": null,
        "lecturer": null
    },
    {
        "day": 1,
        "week_code": 1,
        "time": "12:40 Нечетная",
        "discipline": "пр ДОП. ПОДГОТОВКА",
        "classroom": null,
        "lecturer": null
    },
    {
        "day": 1,
        "week_code": 2,
        "time": "12:40 Четная",
        "discipline": "пр ДОП. ПОДГОТОВКА",
        "classroom": null,
        "lecturer": null
    },
    {
        "day": 1,
        "week_code": 1,
        "time": "14:55 Нечетная",
        "discipline": "пр ДОП. ПОДГОТОВКА",
        "classroom": null,
        "lecturer": null
    },
    {
        "day": 1,
        "week_code": 2,
        "time": "14:55 Четная",
        "discipline": "пр ДОП. ПОДГОТОВКА",
        "classroom": null,
        "lecturer": null
    },
    {
        "day": 2,
        "week_code": 1,
        "time": "12:40 Нечетная",
        "discipline": "лаб ВИБР.ТЕХНОЛ.СИСТ",
        "classroom": "Лаб.Е2-1; ",
        "lecturer": "Кижняев Ю.И."
    },
    {
        "day": 2,
        "week_code": 2,
        "time": "12:40 Четная",
        "discipline": "лек ВИБР.ТЕХНОЛ.СИСТ",
        "classroom": "СК3; ",
        "lecturer": "Кижняев Ю.И."
    },
    {
        "day": 2,
        "week_code": 1,
        "time": "14:55 Нечетная",
        "discipline": "пр ВИБР.ТЕХНОЛ.СИСТ",
        "classroom": "290; ",
        "lecturer": "Кижняев Ю.И."
    },
    {
        "day": 2,
        "week_code": 2,
        "time": "14:55 Четная",
        "discipline": "пр ВИБР.ТЕХНОЛ.СИСТ",
        "classroom": "290; ",
        "lecturer": "Кижняев Ю.И."
    },
    {
        "day": 3,
        "week_code": 1,
        "time": "10:50 Нечетная",
        "discipline": "лек ГИДРОПНЕВМОАВТ",
        "classroom": "268*(фесто); ",
        "lecturer": "Морозов  М.В."
    },
    {
        "day": 3,
        "week_code": 2,
        "time": "10:50 Четная",
        "discipline": "лек ГИДРОПНЕВМОАВТ",
        "classroom": "268*(фесто); ",
        "lecturer": "Морозов  М.В."
    },
    {
        "day": 3,
        "week_code": 1,
        "time": "12:40 Нечетная",
        "discipline": "лаб ГИДРОПНЕВМОАВТ",
        "classroom": "269*(фесто); ",
        "lecturer": "Морозов  М.В."
    },
    {
        "day": 3,
        "week_code": 2,
        "time": "12:40 Четная",
        "discipline": "лаб ГИДРОПНЕВМОАВТ",
        "classroom": "269*(фесто); ",
        "lecturer": "Морозов  М.В."
    },
    {
        "day": 3,
        "week_code": 1,
        "time": "14:55 Нечетная",
        "discipline": "пр КОМП.ПР.СП.ИНСТР.",
        "classroom": "202*а(К.кл); ",
        "lecturer": "Александров  А.С."
    },
    {
        "day": 3,
        "week_code": 2,
        "time": "14:55 Четная",
        "discipline": "пр КОМП.ПР.СП.ИНСТР.",
        "classroom": "202*а(К.кл); ",
        "lecturer": "Александров  А.С."
    },
    {
        "day": 3,
        "week_code": 1,
        "time": "16:45 Нечетная",
        "discipline": "пр КОМП.ПР.СП.ИНСТР.",
        "classroom": "202*а(К.кл); ",
        "lecturer": "Александров  А.С."
    },
    {
        "day": 3,
        "week_code": 2,
        "time": "16:45 Четная",
        "discipline": "пр КОМП.ПР.СП.ИНСТР.",
        "classroom": "202*а(К.кл); ",
        "lecturer": "Александров  А.С."
    },
    {
        "day": 4,
        "week_code": 1,
        "time": "9:00 Нечетная",
        "discipline": "лек ТЕХН.ПР-ВА СПАРО",
        "classroom": "СК3; ",
        "lecturer": "Федосов А.В."
    },
    {
        "day": 4,
        "week_code": 1,
        "time": "10:50 Нечетная",
        "discipline": "пр ТЕХН.ПР-ВА СПАРО",
        "classroom": "СК3; ",
        "lecturer": "Федосов А.В."
    },
    {
        "day": 4,
        "week_code": 2,
        "time": "10:50 Четная",
        "discipline": "пр ТЕХН.ПР-ВА СПАРО",
        "classroom": "СК3; ",
        "lecturer": "Федосов А.В."
    },
    {
        "day": 4,
        "week_code": 2,
        "time": "12:40 Четная",
        "discipline": "лек СБ,ИС,РЕМ.СПАРО",
        "classroom": "СК3; ",
        "lecturer": "Федосов А.В."
    },
    {
        "day": 4,
        "week_code": 2,
        "time": "14:55 Четная",
        "discipline": "лаб ТЕХН.ПР-ВА СПАРО",
        "classroom": "Лаб.Е2-1; ",
        "lecturer": "Серов С.Л."
    },
    {
        "day": 5,
        "week_code": 1,
        "time": "10:50 Нечетная",
        "discipline": "лаб СБ,ИС,РЕМ.СПАРО",
        "classroom": "Лаб.Е2-1; ",
        "lecturer": "Серов С.Л."
    },
    {
        "day": 5,
        "week_code": 1,
        "time": "12:40 Нечетная",
        "discipline": "лаб ТЕХН.ПР-ВА СПАРО",
        "classroom": "Лаб.Е2-1; ",
        "lecturer": "Серов С.Л."
    },
    {
        "day": 5,
        "week_code": 1,
        "time": "14:55 Нечетная",
        "discipline": "пр СБ,ИС,РЕМ.СПАРО",
        "classroom": "112*; ",
        "lecturer": "Федосов А.В."
    },
    {
        "day": 5,
        "week_code": 2,
        "time": "14:55 Четная",
        "discipline": "пр СБ,ИС,РЕМ.СПАРО",
        "classroom": "112*; ",
        "lecturer": "Федосов А.В."
    },
    {
        "day": 5,
        "week_code": 2,
        "time": "16:45 Четная",
        "discipline": "пр СБ,ИС,РЕМ.СПАРО",
        "classroom": "112*; ",
        "lecturer": "Федосов А.В."
    }
]