[
    {
        "day": 1,
        "week_code": 1,
        "time": "9:00 Нечетная",
        "discipline": "пр ДОП. ПОДГОТОВКА",
        "classroom": null,
        "lecturer": null
    },
    {
        "day": 1,
        "week_code": 2,
        "time": "9:00 Четная",
        "discipline": "пр ДОП. ПОДГОТОВКА",
        "classroom": null,
        "lecturer": null
    },
    {
        "day": 1,
        "week_code": 1,
        "time": "10:50 Нечетная",
        "discipline": "пр ДОП. ПОДГОТОВКА",
        "classroom": null,
        "lecturer": null
    },
    {
        "day": 1,
        "week_code": 2,
        "time": "10:50 Четная",
        "discipline": "пр ДОП. ПОДГОТОВКА",
        "classroom": null,
        "lecturer": null
    },
    {
        "day": 1,
        "week_code": 1,
        "time": "12:40 Нечетная",
        "discipline": "пр ДОП. ПОДГОТОВКА",
        "classroom": null,
        "lecturer": null
    },
    {
        "day": 1,
        "week_code": 2,
        "time": "12:40 Четная",
        "discipline": "пр ДОП. ПОДГОТОВКА",
        "classroom": null,
        "lecturer": null
    },
    {
        "day": 1,
        "week_code": 1,
        "time": "14:55 Нечетная",
        "discipline": "пр ДОП. ПОДГОТОВКА",
        "classroom": null,
        "lecturer": null
    },
    {
        "day": 1,
        "week_code": 2,
        "time": "14:55 Четная",
        "discipline": "пр ДОП. ПОДГОТОВКА",
        "classroom": null,
        "lecturer": null
    },
    {
        "day": 2,
        "week_code": 1,
        "time": "12:40 Нечетная",
        "discipline": "лек ТЕХНОЛ.КОВКИ И ОШ",
        "classroom": "319; ",
        "lecturer": "Филин Д.С."
    },
    {
        "day": 2,
        "week_code": 2,
        "time": "12:40 Четная",
        "discipline": "лек ТЕХНОЛ.КОВКИ И ОШ",
        "classroom": "319; ",
        "lecturer": "Филин Д.С."
    },
    {
        "day": 2,
        "week_code": 1,
        "time": "14:55 Нечетная",
        "discipline": "лек ПР.ТП ХОЛ.ШТАМП",
        "classroom": "319; ",
        "lecturer": "Нестеров Н.И."
    },
    {
        "day": 2,
        "week_code": 2,
        "time": "14:55 Четная",
        "discipline": "лек ПР.ТП ХОЛ.ШТАМП",
        "classroom": "319; ",
        "lecturer": "Нестеров Н.И."
    },
    {
        "day": 2,
        "week_code": 1,
        "time": "16:45 Нечетная",
        "discipline": "пр АВТ.КУЗ-ШТ.ПР-ВА",
        "classroom": "478; ",
        "lecturer": "Василенко Д.А."
    },
    {
        "day": 2,
        "week_code": 2,
        "time": "16:45 Четная",
        "discipline": "пр АВТ.КУЗ-ШТ.ПР-ВА",
        "classroom": "478; ",
        "lecturer": "Василенко Д.А."
    },
    {
        "day": 2,
        "week_code": 1,
        "time": "18:30 Нечетная",
        "discipline": "пр ОСНОВЫ ПР ШТАМПОВ",
        "classroom": "319; ",
        "lecturer": "Жуков С.А."
    },
    {
        "day": 2,
        "week_code": 2,
        "time": "18:30 Четная",
        "discipline": "пр ОСНОВЫ ПР ШТАМПОВ",
        "classroom": "319; ",
        "lecturer": "Жуков С.А."
    },
    {
        "day": 3,
        "week_code": 1,
        "time": "16:45 Нечетная",
        "discipline": "лек ТЕХ. ПРОИЗ. ШТАМ.",
        "classroom": "102; ",
        "lecturer": "Силаев М.Ю."
    },
    {
        "day": 3,
        "week_code": 2,
        "time": "16:45 Четная",
        "discipline": "лек ТЕХ. ПРОИЗ. ШТАМ.",
        "classroom": "102; ",
        "lecturer": "Силаев М.Ю."
    },
    {
        "day": 4,
        "week_code": 1,
        "time": "10:50 Нечетная",
        "discipline": "пр НИР",
        "classroom": "102; ",
        "lecturer": "Расулов З.Н."
    },
    {
        "day": 4,
        "week_code": 1,
        "time": "12:40 Нечетная",
        "discipline": "пр МАТ.МОД.ПРОЦ.ОМД",
        "classroom": "320; ",
        "lecturer": "Олехвер А.И."
    },
    {
        "day": 4,
        "week_code": 2,
        "time": "12:40 Четная",
        "discipline": "пр МАТ.МОД.ПРОЦ.ОМД",
        "classroom": "320; ",
        "lecturer": "Олехвер А.И."
    },
    {
        "day": 4,
        "week_code": 1,
        "time": "14:55 Нечетная",
        "discipline": "лек Р.ЯЗ. И КУЛ.РЕЧИ",
        "classroom": "316*; ",
        "lecturer": "Градовцева Е.К."
    },
    {
        "day": 4,
        "week_code": 2,
        "time": "14:55 Четная",
        "discipline": "пр Р.ЯЗ. И КУЛ.РЕЧИ",
        "classroom": "317*; ",
        "lecturer": "Градовцева Е.К."
    },
    {
        "day": 4,
        "week_code": 2,
        "time": "16:45 Четная",
        "discipline": "пр ТЕХНОЛ.КОВКИ И ОШ",
        "classroom": "108; ",
        "lecturer": "Соболев И.А."
    }
]