[
    {
        "day": "Понедельник",
        "week_code": "1",
        "time": "12:40 Нечетная",
        "discipline": "пр ОСН.БАЛ.И АЭРОД.СП",
        "classroom": "БЦ; ",
        "lecturer": "Дороничев Д.М."
    },
    {
        "day": "Понедельник",
        "week_code": "2",
        "time": "12:40 Четная",
        "discipline": "пр ОСН.БАЛ.И АЭРОД.СП",
        "classroom": "БЦ; ",
        "lecturer": "Дороничев Д.М."
    },
    {
        "day": "Понедельник",
        "week_code": "1",
        "time": "14:55 Нечетная",
        "discipline": "пр ОСН. АВТ. ПРОЕКТ",
        "classroom": "320; ",
        "lecturer": "Фролова Е.О."
    },
    {
        "day": "Понедельник",
        "week_code": "2",
        "time": "14:55 Четная",
        "discipline": "пр ОСН. АВТ. ПРОЕКТ",
        "classroom": "320; ",
        "lecturer": "Фролова Е.О."
    },
    {
        "day": "Понедельник",
        "week_code": "1",
        "time": "16:45 Нечетная",
        "discipline": "пр ТЕОР. ПЛАСТИЧН.",
        "classroom": "319; ",
        "lecturer": "Жукова А.В."
    },
    {
        "day": "Вторник",
        "week_code": "1",
        "time": "9:00 Нечетная",
        "discipline": "пр ДОП. ПОДГОТОВКА",
        "classroom": null,
        "lecturer": null
    },
    {
        "day": "Вторник",
        "week_code": "2",
        "time": "9:00 Четная",
        "discipline": "пр ДОП. ПОДГОТОВКА",
        "classroom": null,
        "lecturer": null
    },
    {
        "day": "Вторник",
        "week_code": "1",
        "time": "10:50 Нечетная",
        "discipline": "пр ДОП. ПОДГОТОВКА",
        "classroom": null,
        "lecturer": null
    },
    {
        "day": "Вторник",
        "week_code": "2",
        "time": "10:50 Четная",
        "discipline": "пр ДОП. ПОДГОТОВКА",
        "classroom": null,
        "lecturer": null
    },
    {
        "day": "Вторник",
        "week_code": "1",
        "time": "12:40 Нечетная",
        "discipline": "пр ДОП. ПОДГОТОВКА",
        "classroom": null,
        "lecturer": null
    },
    {
        "day": "Вторник",
        "week_code": "2",
        "time": "12:40 Четная",
        "discipline": "пр ДОП. ПОДГОТОВКА",
        "classroom": null,
        "lecturer": null
    },
    {
        "day": "Вторник",
        "week_code": "1",
        "time": "14:55 Нечетная",
        "discipline": "пр ДОП. ПОДГОТОВКА",
        "classroom": null,
        "lecturer": null
    },
    {
        "day": "Вторник",
        "week_code": "2",
        "time": "14:55 Четная",
        "discipline": "пр ДОП. ПОДГОТОВКА",
        "classroom": null,
        "lecturer": null
    },
    {
        "day": "Среда",
        "week_code": "1",
        "time": "10:50 Нечетная",
        "discipline": "лек ОСН. АВТ. ПРОЕКТ",
        "classroom": "319; ",
        "lecturer": "Фанифатов А.О."
    },
    {
        "day": "Среда",
        "week_code": "2",
        "time": "10:50 Четная",
        "discipline": "пр МЕХ.ДЕФ.ТВ.ТЕЛА",
        "classroom": "453*; ",
        "lecturer": "Санников В.А."
    },
    {
        "day": "Среда",
        "week_code": "1",
        "time": "12:40 Нечетная",
        "discipline": "лек УСТР. БОЕПРИПАСОВ",
        "classroom": "СК11; ",
        "lecturer": "Филимон С.В."
    },
    {
        "day": "Среда",
        "week_code": "2",
        "time": "12:40 Четная",
        "discipline": "пр УСТР. БОЕПРИПАСОВ",
        "classroom": "СК11; ",
        "lecturer": "Филимон С.В."
    },
    {
        "day": "Среда",
        "week_code": "1",
        "time": "14:55 Нечетная",
        "discipline": "лек ОБР.МЕТ.ДАВЛ-ЕМ",
        "classroom": "319; ",
        "lecturer": "Киреев О.Л."
    },
    {
        "day": "Среда",
        "week_code": "1",
        "time": "16:45 Нечетная",
        "discipline": "пр ОБР.МЕТ.ДАВЛ-ЕМ",
        "classroom": "478; ",
        "lecturer": "Киреев О.Л."
    },
    {
        "day": "Четверг",
        "week_code": "1",
        "time": "10:50 Нечетная",
        "discipline": "лек МЕТР.И ОСН.ВЗАИМ",
        "classroom": "492; ",
        "lecturer": "Кочеткова Т.П."
    },
    {
        "day": "Четверг",
        "week_code": "2",
        "time": "10:50 Четная",
        "discipline": "лек МЕТР.И ОСН.ВЗАИМ",
        "classroom": "493; ",
        "lecturer": "Кочеткова Т.П."
    },
    {
        "day": "Четверг",
        "week_code": "1",
        "time": "12:40 Нечетная",
        "discipline": "лек ТЕОР. ПЛАСТИЧН.",
        "classroom": "319; ",
        "lecturer": "Филин Д.С."
    },
    {
        "day": "Четверг",
        "week_code": "2",
        "time": "12:40 Четная",
        "discipline": "лек ТЕОР. ПЛАСТИЧН.",
        "classroom": "319; ",
        "lecturer": "Филин Д.С."
    },
    {
        "day": "Четверг",
        "week_code": "1",
        "time": "14:55 Нечетная",
        "discipline": "лек МЕХ.ДЕФ.ТВ.ТЕЛА",
        "classroom": "477; ",
        "lecturer": "Санников В.А."
    },
    {
        "day": "Четверг",
        "week_code": "2",
        "time": "14:55 Четная",
        "discipline": "лек МЕХ.ДЕФ.ТВ.ТЕЛА",
        "classroom": "477; ",
        "lecturer": "Санников В.А."
    },
    {
        "day": "Четверг",
        "week_code": "1",
        "time": "16:45 Нечетная",
        "discipline": "пр МЕХ.ДЕФ.ТВ.ТЕЛА",
        "classroom": "ВЦ 281; ",
        "lecturer": "Санников В.А."
    },
    {
        "day": "Четверг",
        "week_code": "2",
        "time": "16:45 Четная",
        "discipline": "пр МЕТР.И ОСН.ВЗАИМ",
        "classroom": "201*; ",
        "lecturer": "Голикова В.В."
    },
    {
        "day": "Пятница",
        "week_code": "1",
        "time": "9:00 Нечетная",
        "discipline": "лаб ДЕТАЛИ МАШИН",
        "classroom": "456*; ",
        "lecturer": "Герасимов И.М."
    },
    {
        "day": "Пятница",
        "week_code": "2",
        "time": "9:00 Четная",
        "discipline": "пр ДЕТАЛИ МАШИН",
        "classroom": "456*; ",
        "lecturer": "Герасимов И.М."
    },
    {
        "day": "Пятница",
        "week_code": "1",
        "time": "10:50 Нечетная",
        "discipline": "лек ДЕТАЛИ МАШИН",
        "classroom": "460*; ",
        "lecturer": "Кротов Ю.В."
    },
    {
        "day": "Пятница",
        "week_code": "2",
        "time": "10:50 Четная",
        "discipline": "лек ДЕТАЛИ МАШИН",
        "classroom": "460*; ",
        "lecturer": "Кротов Ю.В."
    },
    {
        "day": "Пятница",
        "week_code": "1",
        "time": "12:40 Нечетная",
        "discipline": "лек ОСН.БАЛ.И АЭРОД.СП",
        "classroom": "243; ",
        "lecturer": "Знаменский Е.А."
    },
    {
        "day": "Пятница",
        "week_code": "2",
        "time": "12:40 Четная",
        "discipline": "лек ОСН.БАЛ.И АЭРОД.СП",
        "classroom": "243; ",
        "lecturer": "Знаменский Е.А."
    },
    {
        "day": "Пятница",
        "week_code": "1",
        "time": "14:55 Нечетная",
        "discipline": "пр ИНЖЕНЕР.РАСЧЕТ.",
        "classroom": "320; ",
        "lecturer": "Соболев И.А."
    },
    {
        "day": "Пятница",
        "week_code": "2",
        "time": "14:55 Четная",
        "discipline": "пр ИНЖЕНЕР.РАСЧЕТ.",
        "classroom": "320; ",
        "lecturer": "Соболев И.А."
    }
]