[
    {
        "day": "Понедельник",
        "week_code": "1",
        "time": "9:00 Нечетная",
        "discipline": "лаб ФИЗИКА",
        "classroom": "323*; ",
        "lecturer": null
    },
    {
        "day": "Понедельник",
        "week_code": "2",
        "time": "9:00 Четная",
        "discipline": "пр ФИЗИКА",
        "classroom": "338г*; ",
        "lecturer": null
    },
    {
        "day": "Понедельник",
        "week_code": "1",
        "time": "10:50 Нечетная",
        "discipline": "лек ИСТОРИЯ",
        "classroom": "403*; ",
        "lecturer": "Курочкин С.С."
    },
    {
        "day": "Понедельник",
        "week_code": "2",
        "time": "10:50 Четная",
        "discipline": "лек ИСТОРИЯ",
        "classroom": "402*; ",
        "lecturer": "Курочкин С.С."
    },
    {
        "day": "Понедельник",
        "week_code": "1",
        "time": "12:40 Нечетная",
        "discipline": "пр ЭК ПО ФК И СПОРТУ",
        "classroom": null,
        "lecturer": null
    },
    {
        "day": "Понедельник",
        "week_code": "2",
        "time": "12:40 Четная",
        "discipline": "пр ЭК ПО ФК И СПОРТУ",
        "classroom": null,
        "lecturer": null
    },
    {
        "day": "Понедельник",
        "week_code": "1",
        "time": "14:55 Нечетная",
        "discipline": "лек ИНФ.ТЕХН. И ПРОГР.",
        "classroom": "403*; ",
        "lecturer": "Жарова С.С."
    },
    {
        "day": "Понедельник",
        "week_code": "2",
        "time": "14:55 Четная",
        "discipline": "лек ФИЛОСОФИЯ",
        "classroom": "403*; ",
        "lecturer": "Хомелев Г.В."
    },
    {
        "day": "Вторник",
        "week_code": "1",
        "time": "9:00 Нечетная",
        "discipline": "лек ФИЗИКА",
        "classroom": "327*; ",
        "lecturer": "Лазарева Ю.Н."
    },
    {
        "day": "Вторник",
        "week_code": "2",
        "time": "9:00 Четная",
        "discipline": "лек ФИЗИКА",
        "classroom": "327*; ",
        "lecturer": "Лазарева Ю.Н."
    },
    {
        "day": "Вторник",
        "week_code": "1",
        "time": "10:50 Нечетная",
        "discipline": "пр ИСТОРИЯ",
        "classroom": "376; ",
        "lecturer": "Егоренкова О.В."
    },
    {
        "day": "Вторник",
        "week_code": "2",
        "time": "10:50 Четная",
        "discipline": "пр ИСТОРИЯ",
        "classroom": "448; ",
        "lecturer": "Егоренкова О.В."
    },
    {
        "day": "Вторник",
        "week_code": "1",
        "time": "12:40 Нечетная",
        "discipline": "пр ВЫСШ. МАТЕМАТ",
        "classroom": "455; ",
        "lecturer": "Мартынова Т.Е."
    },
    {
        "day": "Вторник",
        "week_code": "2",
        "time": "12:40 Четная",
        "discipline": "пр ВЫСШ. МАТЕМАТ",
        "classroom": "456; ",
        "lecturer": "Мартынова Т.Е."
    },
    {
        "day": "Среда",
        "week_code": "1",
        "time": "12:40 Нечетная",
        "discipline": "пр ЭК ПО ФК И СПОРТУ",
        "classroom": null,
        "lecturer": null
    },
    {
        "day": "Среда",
        "week_code": "2",
        "time": "12:40 Четная",
        "discipline": "пр ЭК ПО ФК И СПОРТУ",
        "classroom": null,
        "lecturer": null
    },
    {
        "day": "Среда",
        "week_code": "1",
        "time": "14:55 Нечетная",
        "discipline": "пр ИНЖ.И КОМП. ГРАФ",
        "classroom": "502*; ",
        "lecturer": "Шкварцов (М6) В.В."
    },
    {
        "day": "Среда",
        "week_code": "2",
        "time": "14:55 Четная",
        "discipline": "пр ИНЖ.И КОМП. ГРАФ",
        "classroom": "502*; ",
        "lecturer": "Шкварцов (М6) В.В."
    },
    {
        "day": "Четверг",
        "week_code": "1",
        "time": "9:00 Нечетная",
        "discipline": "лаб ЭКОЛОГИЯ",
        "classroom": "384а; ",
        "lecturer": "Пименов А.Н."
    },
    {
        "day": "Четверг",
        "week_code": "1",
        "time": "10:50 Нечетная",
        "discipline": "лек ЭКОЛОГИЯ",
        "classroom": "484; ",
        "lecturer": "Пименов А.Н."
    },
    {
        "day": "Четверг",
        "week_code": "2",
        "time": "10:50 Четная",
        "discipline": "пр ПРАВОВЕДЕНИЕ",
        "classroom": "448; ",
        "lecturer": "Дмитриева А.П."
    },
    {
        "day": "Четверг",
        "week_code": "2",
        "time": "12:40 Четная",
        "discipline": "лек ПРАВОВЕДЕНИЕ",
        "classroom": "484; ",
        "lecturer": "Диденко Л.Г."
    },
    {
        "day": "Четверг",
        "week_code": "2",
        "time": "14:55 Четная",
        "discipline": "пр ФИЛОСОФИЯ",
        "classroom": "448; ",
        "lecturer": "Хомелев Г.В."
    },
    {
        "day": "Пятница",
        "week_code": "1",
        "time": "9:00 Нечетная",
        "discipline": "лек ВЫСШ. МАТЕМАТ",
        "classroom": "429*; ",
        "lecturer": "Чернигин Л.В."
    },
    {
        "day": "Пятница",
        "week_code": "2",
        "time": "9:00 Четная",
        "discipline": "лек ВЫСШ. МАТЕМАТ",
        "classroom": "429*; ",
        "lecturer": "Чернигин Л.В."
    },
    {
        "day": "Пятница",
        "week_code": "1",
        "time": "10:50 Нечетная",
        "discipline": "пр ИНФ.ТЕХН. И ПРОГР.",
        "classroom": "ВЦ 280; ",
        "lecturer": "Жарова С.С."
    },
    {
        "day": "Пятница",
        "week_code": "2",
        "time": "10:50 Четная",
        "discipline": "пр ИНФ.ТЕХН. И ПРОГР.",
        "classroom": "ВЦ 280; ",
        "lecturer": "Жарова С.С."
    },
    {
        "day": "Пятница",
        "week_code": "1",
        "time": "12:40 Нечетная",
        "discipline": "пр ИН. ЯЗ.",
        "classroom": "308*; ",
        "lecturer": "Булдакова Е.В."
    },
    {
        "day": "Пятница",
        "week_code": "2",
        "time": "12:40 Четная",
        "discipline": "пр ИН. ЯЗ.",
        "classroom": "308*; ",
        "lecturer": "Булдакова Е.В."
    }
]