[
    {
        "day": 1,
        "week_code": 1,
        "time": "14:55 Нечетная",
        "discipline": "пр МЕТ. НАУЧ. ИССЛЕД",
        "classroom": "401*; ",
        "lecturer": "Дрозд А.Л."
    },
    {
        "day": 1,
        "week_code": 1,
        "time": "16:45 Нечетная",
        "discipline": "лек МЕТ. НАУЧ. ИССЛЕД",
        "classroom": "526*; ",
        "lecturer": "Дрозд А.Л."
    },
    {
        "day": 1,
        "week_code": 1,
        "time": "18:30 Нечетная",
        "discipline": "пр ИН. ЯЗ.",
        "classroom": "309*; ",
        "lecturer": "Седых Л.В."
    },
    {
        "day": 1,
        "week_code": 2,
        "time": "18:30 Четная",
        "discipline": "пр ИН. ЯЗ.",
        "classroom": "309*; ",
        "lecturer": "Седых Л.В."
    },
    {
        "day": 2,
        "week_code": 1,
        "time": "16:45 Нечетная",
        "discipline": "лек ПРОЕК.ВЫСТРЕЛОВ",
        "classroom": "102; ",
        "lecturer": "Фанифатов А.О."
    },
    {
        "day": 2,
        "week_code": 2,
        "time": "16:45 Четная",
        "discipline": "пр ПРОЕК.ВЫСТРЕЛОВ",
        "classroom": "102; ",
        "lecturer": "Фанифатов А.О."
    },
    {
        "day": 2,
        "week_code": 1,
        "time": "18:30 Нечетная",
        "discipline": "лек ВЫСШ. МАТ. В НИ",
        "classroom": "450; ",
        "lecturer": "Павлов Ю.В."
    },
    {
        "day": 2,
        "week_code": 2,
        "time": "18:30 Четная",
        "discipline": "лек ВЫСШ. МАТ. В НИ",
        "classroom": "450; ",
        "lecturer": "Павлов Ю.В."
    },
    {
        "day": 3,
        "week_code": 1,
        "time": "12:40 Нечетная",
        "discipline": "лек ОСН. ЗАКОНОДАТ.",
        "classroom": "320; ",
        "lecturer": "Нестеров Н.И."
    },
    {
        "day": 3,
        "week_code": 2,
        "time": "12:40 Четная",
        "discipline": "лек ОСН. ЗАКОНОДАТ.",
        "classroom": "320; ",
        "lecturer": "Нестеров Н.И."
    },
    {
        "day": 3,
        "week_code": 1,
        "time": "14:55 Нечетная",
        "discipline": "пр МЕХ.КУЗН-ШТАМП.ОБ.",
        "classroom": "102; ",
        "lecturer": "Лобов В.А."
    },
    {
        "day": 3,
        "week_code": 2,
        "time": "14:55 Четная",
        "discipline": "лек МЕХ.КУЗН-ШТАМП.ОБ.",
        "classroom": "319; ",
        "lecturer": "Лобов В.А."
    },
    {
        "day": 3,
        "week_code": 1,
        "time": "16:45 Нечетная",
        "discipline": "пр МАТ.МОД.ПРОЦ.ОМД",
        "classroom": "ВЦ 280; ",
        "lecturer": "Олехвер А.И."
    },
    {
        "day": 3,
        "week_code": 2,
        "time": "16:45 Четная",
        "discipline": "пр МАТ.МОД.ПРОЦ.ОМД",
        "classroom": "ВЦ 280; ",
        "lecturer": "Олехвер А.И."
    },
    {
        "day": 3,
        "week_code": 1,
        "time": "18:30 Нечетная",
        "discipline": "пр АЛГОРИТМ. И ПРОГР.",
        "classroom": "ВЦ 285; ",
        "lecturer": "Сидоренко Т.В."
    },
    {
        "day": 3,
        "week_code": 2,
        "time": "18:30 Четная",
        "discipline": "пр АЛГОРИТМ. И ПРОГР.",
        "classroom": "ВЦ 285; ",
        "lecturer": "Сидоренко Т.В."
    },
    {
        "day": 4,
        "week_code": 1,
        "time": "16:45 Нечетная",
        "discipline": "пр ВЫСШ. МАТ. В НИ",
        "classroom": "444; ",
        "lecturer": "Солдаткин А.В."
    },
    {
        "day": 4,
        "week_code": 1,
        "time": "18:30 Нечетная",
        "discipline": "лек УПР.ПРОЕКТАМИ",
        "classroom": "331*; ",
        "lecturer": "Алёшкин Н.А."
    },
    {
        "day": 4,
        "week_code": 1,
        "time": "20:05 Нечетная",
        "discipline": "пр УПР.ПРОЕКТАМИ",
        "classroom": "331*; ",
        "lecturer": "Алёшкин Н.А."
    }
]