[
    {
        "day": 1,
        "week_code": 1,
        "time": "9:00 Нечетная",
        "discipline": "пр ДОП. ПОДГОТОВКА",
        "classroom": null,
        "lecturer": null
    },
    {
        "day": 1,
        "week_code": 2,
        "time": "9:00 Четная",
        "discipline": "пр ДОП. ПОДГОТОВКА",
        "classroom": null,
        "lecturer": null
    },
    {
        "day": 1,
        "week_code": 1,
        "time": "10:50 Нечетная",
        "discipline": "пр ДОП. ПОДГОТОВКА",
        "classroom": null,
        "lecturer": null
    },
    {
        "day": 1,
        "week_code": 2,
        "time": "10:50 Четная",
        "discipline": "пр ДОП. ПОДГОТОВКА",
        "classroom": null,
        "lecturer": null
    },
    {
        "day": 1,
        "week_code": 1,
        "time": "12:40 Нечетная",
        "discipline": "пр ДОП. ПОДГОТОВКА",
        "classroom": null,
        "lecturer": null
    },
    {
        "day": 1,
        "week_code": 2,
        "time": "12:40 Четная",
        "discipline": "пр ДОП. ПОДГОТОВКА",
        "classroom": null,
        "lecturer": null
    },
    {
        "day": 1,
        "week_code": 1,
        "time": "14:55 Нечетная",
        "discipline": "пр ДОП. ПОДГОТОВКА",
        "classroom": null,
        "lecturer": null
    },
    {
        "day": 1,
        "week_code": 2,
        "time": "14:55 Четная",
        "discipline": "пр ДОП. ПОДГОТОВКА",
        "classroom": null,
        "lecturer": null
    },
    {
        "day": 2,
        "week_code": 2,
        "time": "12:40 Четная",
        "discipline": "пр ПРОИЗВ.БЕЗОП.",
        "classroom": "451; ",
        "lecturer": "Васильев А.П."
    },
    {
        "day": 2,
        "week_code": 2,
        "time": "14:55 Четная",
        "discipline": "лек ЭКОН.БЕЗОП.ТРУДА",
        "classroom": "486; ",
        "lecturer": "Борцова С.С."
    },
    {
        "day": 2,
        "week_code": 1,
        "time": "16:45 Нечетная",
        "discipline": "пр ЭКОН.БЕЗОП.ТРУДА",
        "classroom": "376; ",
        "lecturer": "Борцова С.С."
    },
    {
        "day": 2,
        "week_code": 2,
        "time": "16:45 Четная",
        "discipline": "пр ЭКОН.БЕЗОП.ТРУДА",
        "classroom": "488; ",
        "lecturer": "Борцова С.С."
    },
    {
        "day": 3,
        "week_code": 1,
        "time": "12:40 Нечетная",
        "discipline": "лек ОСН.ПРОМ.ЭКОЛОГ",
        "classroom": "318; ",
        "lecturer": "Петров С.К."
    },
    {
        "day": 3,
        "week_code": 2,
        "time": "12:40 Четная",
        "discipline": "лек ПРОИЗВ.БЕЗОП.",
        "classroom": "313; ",
        "lecturer": "Петров С.К."
    },
    {
        "day": 3,
        "week_code": 1,
        "time": "14:55 Нечетная",
        "discipline": "пр ОСН.ПРОМ.ЭКОЛОГ",
        "classroom": "ВЦ 283; ",
        "lecturer": "Шабарова А.В."
    },
    {
        "day": 3,
        "week_code": 2,
        "time": "14:55 Четная",
        "discipline": "пр ОСН.ПРОМ.ЭКОЛОГ",
        "classroom": "ВЦ 283; ",
        "lecturer": "Шабарова А.В."
    },
    {
        "day": 4,
        "week_code": 1,
        "time": "12:40 Нечетная",
        "discipline": "пр УНИРС",
        "classroom": "313; ",
        "lecturer": "Патрушева Т.Н."
    },
    {
        "day": 4,
        "week_code": 2,
        "time": "12:40 Четная",
        "discipline": "пр УНИРС",
        "classroom": "313; ",
        "lecturer": "Патрушева Т.Н."
    },
    {
        "day": 4,
        "week_code": 1,
        "time": "14:55 Нечетная",
        "discipline": "пр ОЦ.УСЛ.ТРУДА",
        "classroom": "486; ",
        "lecturer": "Куклин Д.А."
    },
    {
        "day": 4,
        "week_code": 2,
        "time": "14:55 Четная",
        "discipline": "пр ОЦ.УСЛ.ТРУДА",
        "classroom": "445; ",
        "lecturer": "Куклин Д.А."
    },
    {
        "day": 4,
        "week_code": 1,
        "time": "16:45 Нечетная",
        "discipline": "пр ВОЕН.ЭКОЛОГ.",
        "classroom": "497; ",
        "lecturer": "Олейников А.Ю."
    },
    {
        "day": 4,
        "week_code": 2,
        "time": "16:45 Четная",
        "discipline": "пр ВОЕН.ЭКОЛОГ.",
        "classroom": "484; ",
        "lecturer": "Олейников А.Ю."
    },
    {
        "day": 4,
        "week_code": 1,
        "time": "18:30 Нечетная",
        "discipline": "лек ВОЕН.ЭКОЛОГ.",
        "classroom": "484; ",
        "lecturer": "Олейников А.Ю."
    },
    {
        "day": 5,
        "week_code": 2,
        "time": "14:55 Четная",
        "discipline": "пр УНИРС",
        "classroom": "484; ",
        "lecturer": "Патрушева Т.Н."
    },
    {
        "day": 5,
        "week_code": 1,
        "time": "16:45 Нечетная",
        "discipline": "лек ОСН.ВИБРОАКУСТ",
        "classroom": "484; ",
        "lecturer": "Иванов Н.И."
    },
    {
        "day": 5,
        "week_code": 2,
        "time": "16:45 Четная",
        "discipline": "пр ОСН.ПРОМ.ЭКОЛОГ",
        "classroom": "ВЦ 283; ",
        "lecturer": "Шабарова А.В."
    },
    {
        "day": 5,
        "week_code": 1,
        "time": "18:30 Нечетная",
        "discipline": "пр ОСН.ВИБРОАКУСТ",
        "classroom": "ВЦ 283; ",
        "lecturer": "Шабарова А.В."
    },
    {
        "day": 5,
        "week_code": 2,
        "time": "18:30 Четная",
        "discipline": "пр ОСН.ВИБРОАКУСТ",
        "classroom": "ВЦ 283; ",
        "lecturer": "Шабарова А.В."
    }
]