[
    {
        "day": 1,
        "week_code": 1,
        "time": "10:50 Нечетная",
        "discipline": "пр ИН. ЯЗ.",
        "classroom": "309*; ",
        "lecturer": "Панкратова С.А."
    },
    {
        "day": 1,
        "week_code": 2,
        "time": "10:50 Четная",
        "discipline": "пр ИН. ЯЗ.",
        "classroom": "309*; ",
        "lecturer": "Панкратова С.А."
    },
    {
        "day": 1,
        "week_code": 1,
        "time": "12:40 Нечетная",
        "discipline": "пр ВЫСШ. МАТЕМАТ",
        "classroom": "376; ",
        "lecturer": "Барт Е.Л."
    },
    {
        "day": 1,
        "week_code": 2,
        "time": "12:40 Четная",
        "discipline": "пр ВЫСШ. МАТЕМАТ",
        "classroom": "376; ",
        "lecturer": "Барт Е.Л."
    },
    {
        "day": 1,
        "week_code": 1,
        "time": "14:55 Нечетная",
        "discipline": "пр М-Б. ОСНОВЫ БЖД",
        "classroom": "486; ",
        "lecturer": "Храмов А.В."
    },
    {
        "day": 1,
        "week_code": 1,
        "time": "16:45 Нечетная",
        "discipline": "пр М-Б. ОСНОВЫ БЖД",
        "classroom": "498; ",
        "lecturer": "Храмов А.В."
    },
    {
        "day": 2,
        "week_code": 1,
        "time": "9:00 Нечетная",
        "discipline": "лек ВЫСШ. МАТЕМАТ",
        "classroom": "451; ",
        "lecturer": "Барт Е.Л."
    },
    {
        "day": 2,
        "week_code": 2,
        "time": "9:00 Четная",
        "discipline": "лек ВЫСШ. МАТЕМАТ",
        "classroom": "451; ",
        "lecturer": "Барт Е.Л."
    },
    {
        "day": 2,
        "week_code": 1,
        "time": "10:50 Нечетная",
        "discipline": "пр ЭК ПО ФК И СПОРТУ",
        "classroom": null,
        "lecturer": null
    },
    {
        "day": 2,
        "week_code": 2,
        "time": "10:50 Четная",
        "discipline": "пр ЭК ПО ФК И СПОРТУ",
        "classroom": null,
        "lecturer": null
    },
    {
        "day": 2,
        "week_code": 1,
        "time": "12:40 Нечетная",
        "discipline": "пр ТЕОР. МЕХАНИКА",
        "classroom": "ВЦ 285; ",
        "lecturer": "Зимин Б.А."
    },
    {
        "day": 2,
        "week_code": 2,
        "time": "12:40 Четная",
        "discipline": "пр ТЕОР. МЕХАНИКА",
        "classroom": "ВЦ 285; ",
        "lecturer": "Зимин Б.А."
    },
    {
        "day": 2,
        "week_code": 1,
        "time": "14:55 Нечетная",
        "discipline": "лек ТЕРМОДИНАМИКА",
        "classroom": "310; ",
        "lecturer": "Саваровский А.А."
    },
    {
        "day": 2,
        "week_code": 2,
        "time": "14:55 Четная",
        "discipline": "лек ТЕРМОДИНАМИКА",
        "classroom": "310; ",
        "lecturer": "Саваровский А.А."
    },
    {
        "day": 3,
        "week_code": 1,
        "time": "12:40 Нечетная",
        "discipline": "пр ПРОМ.БЕЗ-ТЬ.ПП",
        "classroom": "486; ",
        "lecturer": "Васильев А.П."
    },
    {
        "day": 3,
        "week_code": 2,
        "time": "12:40 Четная",
        "discipline": "пр ОСН.СИСТ.АНАЛ.",
        "classroom": "Мкаб.Е1; ",
        "lecturer": "Мелехин А.А."
    },
    {
        "day": 3,
        "week_code": 1,
        "time": "14:55 Нечетная",
        "discipline": "лек ОСН.СИСТ.АНАЛ.",
        "classroom": "310; ",
        "lecturer": "Афанасьев А.С."
    },
    {
        "day": 3,
        "week_code": 2,
        "time": "14:55 Четная",
        "discipline": "лек ПРОМ.БЕЗ-ТЬ.ПП",
        "classroom": "484; ",
        "lecturer": "Петров С.К."
    },
    {
        "day": 4,
        "week_code": 1,
        "time": "10:50 Нечетная",
        "discipline": "пр ЭК ПО ФК И СПОРТУ",
        "classroom": null,
        "lecturer": null
    },
    {
        "day": 4,
        "week_code": 2,
        "time": "10:50 Четная",
        "discipline": "пр ЭК ПО ФК И СПОРТУ",
        "classroom": null,
        "lecturer": null
    },
    {
        "day": 4,
        "week_code": 2,
        "time": "12:40 Четная",
        "discipline": "пр М-Б. ОСНОВЫ БЖД",
        "classroom": "486; ",
        "lecturer": "Храмов А.В."
    },
    {
        "day": 4,
        "week_code": 2,
        "time": "14:55 Четная",
        "discipline": "лаб ТЕРМОДИНАМИКА",
        "classroom": "ТМП-3; ТМП-4; ТМП-6; ",
        "lecturer": "Ценёва С.Н."
    },
    {
        "day": 5,
        "week_code": 2,
        "time": "10:50 Четная",
        "discipline": "пр ЭКОНОМИКА",
        "classroom": "432*; ",
        "lecturer": "Катаев С.Е."
    },
    {
        "day": 5,
        "week_code": 1,
        "time": "12:40 Нечетная",
        "discipline": "лек ЭКОНОМИКА",
        "classroom": "440*; ",
        "lecturer": "Катаев С.Е."
    },
    {
        "day": 5,
        "week_code": 2,
        "time": "12:40 Четная",
        "discipline": "лек ЭКОНОМИКА",
        "classroom": "440*; ",
        "lecturer": "Катаев С.Е."
    },
    {
        "day": 5,
        "week_code": 1,
        "time": "14:55 Нечетная",
        "discipline": "лек ТЕОР. МЕХАНИКА",
        "classroom": "493; ",
        "lecturer": "Зимин Б.А."
    },
    {
        "day": 5,
        "week_code": 2,
        "time": "14:55 Четная",
        "discipline": "лек ТЕОР. МЕХАНИКА",
        "classroom": "493; ",
        "lecturer": "Зимин Б.А."
    }
]