[
    {
        "day": "Понедельник",
        "week_code": "1",
        "time": "10:50 Нечетная",
        "discipline": "пр ИН. ЯЗ.",
        "classroom": "304*; ",
        "lecturer": "Максакова В.В."
    },
    {
        "day": "Понедельник",
        "week_code": "2",
        "time": "10:50 Четная",
        "discipline": "пр ИН. ЯЗ.",
        "classroom": "304*; ",
        "lecturer": "Максакова В.В."
    },
    {
        "day": "Понедельник",
        "week_code": "1",
        "time": "12:40 Нечетная",
        "discipline": "пр СОПР.МАТЕРИАЛОВ",
        "classroom": "102*; ",
        "lecturer": "Спиридонов Д.В."
    },
    {
        "day": "Понедельник",
        "week_code": "2",
        "time": "12:40 Четная",
        "discipline": "пр ОСН.СИСТ.АНАЛ.",
        "classroom": "Мкаб.Е1; ",
        "lecturer": "Мелехин А.А."
    },
    {
        "day": "Понедельник",
        "week_code": "1",
        "time": "14:55 Нечетная",
        "discipline": "лек ЦИФ.ТЕХ.ОТР.ПРОМ.",
        "classroom": "313а; ",
        "lecturer": "Логунова Т.В."
    },
    {
        "day": "Понедельник",
        "week_code": "2",
        "time": "14:55 Четная",
        "discipline": "лек ЦИФ.ТЕХ.ОТР.ПРОМ.",
        "classroom": "313а; ",
        "lecturer": "Логунова Т.В."
    },
    {
        "day": "Вторник",
        "week_code": "1",
        "time": "9:00 Нечетная",
        "discipline": "лек ВЫСШ. МАТЕМАТ",
        "classroom": "451; ",
        "lecturer": "Барт Е.Л."
    },
    {
        "day": "Вторник",
        "week_code": "2",
        "time": "9:00 Четная",
        "discipline": "лек ВЫСШ. МАТЕМАТ",
        "classroom": "451; ",
        "lecturer": "Барт Е.Л."
    },
    {
        "day": "Вторник",
        "week_code": "1",
        "time": "10:50 Нечетная",
        "discipline": "пр ЭК ПО ФК И СПОРТУ",
        "classroom": null,
        "lecturer": null
    },
    {
        "day": "Вторник",
        "week_code": "2",
        "time": "10:50 Четная",
        "discipline": "пр ЭК ПО ФК И СПОРТУ",
        "classroom": null,
        "lecturer": null
    },
    {
        "day": "Вторник",
        "week_code": "1",
        "time": "12:40 Нечетная",
        "discipline": "лек СОПР.МАТЕРИАЛОВ",
        "classroom": "313; ",
        "lecturer": "Спиридонов Д.В."
    },
    {
        "day": "Вторник",
        "week_code": "2",
        "time": "12:40 Четная",
        "discipline": "лек СОПР.МАТЕРИАЛОВ",
        "classroom": "313; ",
        "lecturer": "Спиридонов Д.В."
    },
    {
        "day": "Вторник",
        "week_code": "1",
        "time": "14:55 Нечетная",
        "discipline": "пр ПРОМ.БЕЗ-ТЬ.ПП",
        "classroom": "486; ",
        "lecturer": "Васильев А.П."
    },
    {
        "day": "Среда",
        "week_code": "2",
        "time": "10:50 Четная",
        "discipline": "лаб ТЕОР. МЕХ. И МАШ",
        "classroom": "372*; ",
        "lecturer": "Кузьмин А.О."
    },
    {
        "day": "Среда",
        "week_code": "1",
        "time": "12:40 Нечетная",
        "discipline": "пр ВЫСШ. МАТЕМАТ",
        "classroom": "219*; ",
        "lecturer": "Олейникова Ю.В."
    },
    {
        "day": "Среда",
        "week_code": "2",
        "time": "12:40 Четная",
        "discipline": "пр ВЫСШ. МАТЕМАТ",
        "classroom": "219*; ",
        "lecturer": "Олейникова Ю.В."
    },
    {
        "day": "Среда",
        "week_code": "1",
        "time": "14:55 Нечетная",
        "discipline": "лек ОСН.СИСТ.АНАЛ.",
        "classroom": "310; ",
        "lecturer": "Афанасьев А.С."
    },
    {
        "day": "Четверг",
        "week_code": "2",
        "time": "9:00 Четная",
        "discipline": "лек ПРОМ.БЕЗ-ТЬ.ПП",
        "classroom": "374; ",
        "lecturer": "Петров С.К."
    },
    {
        "day": "Четверг",
        "week_code": "1",
        "time": "10:50 Нечетная",
        "discipline": "пр ЭК ПО ФК И СПОРТУ",
        "classroom": null,
        "lecturer": null
    },
    {
        "day": "Четверг",
        "week_code": "2",
        "time": "10:50 Четная",
        "discipline": "пр ЭК ПО ФК И СПОРТУ",
        "classroom": null,
        "lecturer": null
    },
    {
        "day": "Четверг",
        "week_code": "1",
        "time": "12:40 Нечетная",
        "discipline": "лек ТЕОР. МЕХ. И МАШ",
        "classroom": "270*(фесто); ",
        "lecturer": "Мельников Р.В."
    },
    {
        "day": "Четверг",
        "week_code": "2",
        "time": "12:40 Четная",
        "discipline": "лек ТЕОР. МЕХ. И МАШ",
        "classroom": "270*(фесто); ",
        "lecturer": "Мельников Р.В."
    },
    {
        "day": "Четверг",
        "week_code": "1",
        "time": "14:55 Нечетная",
        "discipline": "пр ТЕОР. МЕХ. И МАШ",
        "classroom": "373*; ",
        "lecturer": "Мельников Р.В."
    },
    {
        "day": "Пятница",
        "week_code": "1",
        "time": "10:50 Нечетная",
        "discipline": "пр ЦИФ.ТЕХ.ОТР.ПРОМ.",
        "classroom": "256*; ",
        "lecturer": "Логунова Т.В."
    },
    {
        "day": "Пятница",
        "week_code": "2",
        "time": "10:50 Четная",
        "discipline": "пр ЭКОНОМИКА",
        "classroom": "436*; ",
        "lecturer": "Становая А.А."
    },
    {
        "day": "Пятница",
        "week_code": "1",
        "time": "12:40 Нечетная",
        "discipline": "лек ЭКОНОМИКА",
        "classroom": "401*; ",
        "lecturer": "Становая А.А."
    },
    {
        "day": "Пятница",
        "week_code": "2",
        "time": "12:40 Четная",
        "discipline": "лек ЭКОНОМИКА",
        "classroom": "401*; ",
        "lecturer": "Становая А.А."
    }
]