[
    {
        "day": "Понедельник",
        "week_code": "2",
        "time": "9:00 Четная",
        "discipline": "пр УПР.ПРОЕКТ.РАЗР. АС",
        "classroom": "484; ",
        "lecturer": "Смирнова М.С."
    },
    {
        "day": "Понедельник",
        "week_code": "2",
        "time": "10:50 Четная",
        "discipline": "пр УПР.ПРОЕКТ.РАЗР. АС",
        "classroom": "486; ",
        "lecturer": "Смирнова М.С."
    },
    {
        "day": "Понедельник",
        "week_code": "1",
        "time": "12:40 Нечетная",
        "discipline": "пр УПР. РИС. И СИСТ. АНАЛ.",
        "classroom": "325; ",
        "lecturer": "Смирнова М.С."
    },
    {
        "day": "Понедельник",
        "week_code": "1",
        "time": "14:55 Нечетная",
        "discipline": "лек УПР. РИС. И СИСТ. АНАЛ.",
        "classroom": "325; ",
        "lecturer": "Смирнова М.С."
    },
    {
        "day": "Понедельник",
        "week_code": "1",
        "time": "16:45 Нечетная",
        "discipline": "лек МЕТ. НАУЧ. ИССЛЕД",
        "classroom": "526*; ",
        "lecturer": "Дрозд А.Л."
    },
    {
        "day": "Понедельник",
        "week_code": "1",
        "time": "18:30 Нечетная",
        "discipline": "пр МЕТ. НАУЧ. ИССЛЕД",
        "classroom": "403*; ",
        "lecturer": "Дрозд А.Л."
    },
    {
        "day": "Вторник",
        "week_code": "1",
        "time": "9:00 Нечетная",
        "discipline": "пр ГА П И А",
        "classroom": "ПП ОкП; ",
        "lecturer": "Махов В.И."
    },
    {
        "day": "Вторник",
        "week_code": "2",
        "time": "9:00 Четная",
        "discipline": "пр ГА П И А",
        "classroom": "ПП ОкП; ",
        "lecturer": "Махов В.И."
    },
    {
        "day": "Вторник",
        "week_code": "1",
        "time": "10:50 Нечетная",
        "discipline": "лек ПР.СР.И ОБР.РЕЗ. АИ",
        "classroom": "ПП ОкП; ",
        "lecturer": "Горелов А.А."
    },
    {
        "day": "Вторник",
        "week_code": "2",
        "time": "10:50 Четная",
        "discipline": "лек ГА П И А",
        "classroom": "ПП ОкП; ",
        "lecturer": "Жуков В.Б."
    },
    {
        "day": "Вторник",
        "week_code": "1",
        "time": "12:40 Нечетная",
        "discipline": "пр ПР.СР.И ОБР.РЕЗ. АИ",
        "classroom": "ПП ОкП; ",
        "lecturer": "Горелов А.А."
    },
    {
        "day": "Вторник",
        "week_code": "2",
        "time": "12:40 Четная",
        "discipline": "пр ПР.СР.И ОБР.РЕЗ. АИ",
        "classroom": "ПП ОкП; ",
        "lecturer": "Горелов А.А."
    },
    {
        "day": "Вторник",
        "week_code": "1",
        "time": "18:30 Нечетная",
        "discipline": "лек ВЫСШ. МАТ. В НИ",
        "classroom": "450; ",
        "lecturer": "Павлов Ю.В."
    },
    {
        "day": "Вторник",
        "week_code": "2",
        "time": "18:30 Четная",
        "discipline": "лек ВЫСШ. МАТ. В НИ",
        "classroom": "450; ",
        "lecturer": "Павлов Ю.В."
    },
    {
        "day": "Вторник",
        "week_code": "2",
        "time": "20:05 Четная",
        "discipline": "пр ВЫСШ. МАТ. В НИ",
        "classroom": "492; ",
        "lecturer": "Павлов Ю.В."
    },
    {
        "day": "Четверг",
        "week_code": "1",
        "time": "18:30 Нечетная",
        "discipline": "лек УПР.ПРОЕКТАМИ",
        "classroom": "331*; ",
        "lecturer": "Алёшкин Н.А."
    },
    {
        "day": "Четверг",
        "week_code": "1",
        "time": "20:05 Нечетная",
        "discipline": "пр УПР.ПРОЕКТАМИ",
        "classroom": "331*; ",
        "lecturer": "Алёшкин Н.А."
    },
    {
        "day": "Пятница",
        "week_code": "1",
        "time": "14:55 Нечетная",
        "discipline": "пр ИН. ЯЗ.",
        "classroom": "304*; ",
        "lecturer": "Логинова Н.К."
    },
    {
        "day": "Пятница",
        "week_code": "2",
        "time": "14:55 Четная",
        "discipline": "пр ИН. ЯЗ.",
        "classroom": "304*; ",
        "lecturer": "Логинова Н.К."
    }
]