[
    {
        "day": 1,
        "week_code": 1,
        "time": "16:45 Нечетная",
        "discipline": "лек МЕТ. НАУЧ. ИССЛЕД",
        "classroom": "526*; ",
        "lecturer": "Дрозд А.Л."
    },
    {
        "day": 1,
        "week_code": 1,
        "time": "18:30 Нечетная",
        "discipline": "пр МЕТ. НАУЧ. ИССЛЕД",
        "classroom": "403*; ",
        "lecturer": "Дрозд А.Л."
    },
    {
        "day": 2,
        "week_code": 2,
        "time": "14:55 Четная",
        "discipline": "лек ИНЖ. АКУСТ.",
        "classroom": "445; ",
        "lecturer": "Иванов Н.И."
    },
    {
        "day": 2,
        "week_code": 1,
        "time": "16:45 Нечетная",
        "discipline": "пр ИНЖ. АКУСТ.",
        "classroom": "484; ",
        "lecturer": "Олейников А.Ю."
    },
    {
        "day": 2,
        "week_code": 2,
        "time": "16:45 Четная",
        "discipline": "пр ИНЖ. АКУСТ.",
        "classroom": "484; ",
        "lecturer": "Олейников А.Ю."
    },
    {
        "day": 2,
        "week_code": 1,
        "time": "18:30 Нечетная",
        "discipline": "лек ВЫСШ. МАТ. В НИ",
        "classroom": "450; ",
        "lecturer": "Павлов Ю.В."
    },
    {
        "day": 2,
        "week_code": 2,
        "time": "18:30 Четная",
        "discipline": "лек ВЫСШ. МАТ. В НИ",
        "classroom": "450; ",
        "lecturer": "Павлов Ю.В."
    },
    {
        "day": 2,
        "week_code": 2,
        "time": "20:05 Четная",
        "discipline": "пр ВЫСШ. МАТ. В НИ",
        "classroom": "492; ",
        "lecturer": "Павлов Ю.В."
    },
    {
        "day": 4,
        "week_code": 2,
        "time": "9:00 Четная",
        "discipline": "пр ЗАЩ.В ЧРЕЗВ. СИТ",
        "classroom": "497; ",
        "lecturer": "Храмов А.В."
    },
    {
        "day": 4,
        "week_code": 2,
        "time": "10:50 Четная",
        "discipline": "лек ЗАЩ.В ЧРЕЗВ. СИТ",
        "classroom": "318; ",
        "lecturer": "Храмов А.В."
    },
    {
        "day": 4,
        "week_code": 1,
        "time": "16:45 Нечетная",
        "discipline": "лек ИНЖ. МЕТ. ЗАЩ. АТМ.",
        "classroom": "486; ",
        "lecturer": "Петров С.К."
    },
    {
        "day": 4,
        "week_code": 1,
        "time": "18:30 Нечетная",
        "discipline": "лек УПР.ПРОЕКТАМИ",
        "classroom": "331*; ",
        "lecturer": "Алёшкин Н.А."
    },
    {
        "day": 4,
        "week_code": 1,
        "time": "20:05 Нечетная",
        "discipline": "пр УПР.ПРОЕКТАМИ",
        "classroom": "331*; ",
        "lecturer": "Алёшкин Н.А."
    },
    {
        "day": 5,
        "week_code": 1,
        "time": "16:45 Нечетная",
        "discipline": "пр ИН. ЯЗ.",
        "classroom": "310*; ",
        "lecturer": "Кузнецова И.Т."
    },
    {
        "day": 5,
        "week_code": 2,
        "time": "16:45 Четная",
        "discipline": "пр ИН. ЯЗ.",
        "classroom": "310*; ",
        "lecturer": "Кузнецова И.Т."
    },
    {
        "day": 5,
        "week_code": 1,
        "time": "18:30 Нечетная",
        "discipline": "пр ВИБР.ТЕХНОЛ.СИСТ",
        "classroom": "202*а(К.кл); ",
        "lecturer": "Васильков Д.В."
    },
    {
        "day": 5,
        "week_code": 2,
        "time": "18:30 Четная",
        "discipline": "лаб ВИБР.ТЕХНОЛ.СИСТ",
        "classroom": "202*а(К.кл); ",
        "lecturer": "Васильков Д.В."
    },
    {
        "day": 5,
        "week_code": 1,
        "time": "20:05 Нечетная",
        "discipline": "пр ИНЖ. МЕТ. ЗАЩ. АТМ.",
        "classroom": "ВЦ 285; ",
        "lecturer": "Шабарова А.В."
    },
    {
        "day": 5,
        "week_code": 2,
        "time": "20:05 Четная",
        "discipline": "пр ИНЖ. МЕТ. ЗАЩ. АТМ.",
        "classroom": "ВЦ 285; ",
        "lecturer": "Шабарова А.В."
    }
]