[
    {
        "day": 2,
        "week_code": 1,
        "time": "14:55 Нечетная",
        "discipline": "лек ПР. И КОНСТ.ВЗР.",
        "classroom": "440; ",
        "lecturer": "Егоренков Л.С."
    },
    {
        "day": 2,
        "week_code": 2,
        "time": "14:55 Четная",
        "discipline": "лек ПР. И КОНСТ.ВЗР.",
        "classroom": "440; ",
        "lecturer": "Егоренков Л.С."
    },
    {
        "day": 2,
        "week_code": 1,
        "time": "16:45 Нечетная",
        "discipline": "пр ПР. И КОНСТ.ВЗР.",
        "classroom": "440; ",
        "lecturer": "Тимербулатов Р.Р."
    },
    {
        "day": 2,
        "week_code": 2,
        "time": "16:45 Четная",
        "discipline": "пр ПР. И КОНСТ.ВЗР.",
        "classroom": "440; ",
        "lecturer": "Тимербулатов Р.Р."
    },
    {
        "day": 2,
        "week_code": 1,
        "time": "18:30 Нечетная",
        "discipline": "пр С.ВОПР.ПР-ВА ВЗР",
        "classroom": "Лаб. 250; ",
        "lecturer": "Смирнов А.А."
    },
    {
        "day": 2,
        "week_code": 2,
        "time": "18:30 Четная",
        "discipline": "пр С.ВОПР.ПР-ВА ВЗР",
        "classroom": "Лаб. 250; ",
        "lecturer": "Смирнов А.А."
    },
    {
        "day": 3,
        "week_code": 1,
        "time": "12:40 Нечетная",
        "discipline": "пр ПРОГ.СР.РЕШ. ИЗ",
        "classroom": "Лаб. 250; ",
        "lecturer": "Смирнов А.А."
    },
    {
        "day": 3,
        "week_code": 2,
        "time": "12:40 Четная",
        "discipline": "пр ПРОГ.СР.РЕШ. ИЗ",
        "classroom": "Лаб. 250; ",
        "lecturer": "Смирнов А.А."
    },
    {
        "day": 3,
        "week_code": 1,
        "time": "14:55 Нечетная",
        "discipline": "лек С.ВОПР.ПР-ВА ВЗР",
        "classroom": "Лаб. 250; ",
        "lecturer": "Смирнов А.А."
    },
    {
        "day": 3,
        "week_code": 2,
        "time": "14:55 Четная",
        "discipline": "лек С.ВОПР.ПР-ВА ВЗР",
        "classroom": "Лаб. 250; ",
        "lecturer": "Смирнов А.А."
    },
    {
        "day": 3,
        "week_code": 1,
        "time": "16:45 Нечетная",
        "discipline": "пр ДИСК.ЭЛ.УСТР.ВЗР.",
        "classroom": "Лаб. 250; ",
        "lecturer": "Бережнов С.Д."
    },
    {
        "day": 3,
        "week_code": 2,
        "time": "16:45 Четная",
        "discipline": "пр ДИСК.ЭЛ.УСТР.ВЗР.",
        "classroom": "Лаб. 250; ",
        "lecturer": "Бережнов С.Д."
    },
    {
        "day": 3,
        "week_code": 1,
        "time": "18:30 Нечетная",
        "discipline": "лаб ДИСК.ЭЛ.УСТР.ВЗР.",
        "classroom": "Лаб. 250; ",
        "lecturer": "Бережнов С.Д."
    },
    {
        "day": 3,
        "week_code": 2,
        "time": "18:30 Четная",
        "discipline": "лаб ДИСК.ЭЛ.УСТР.ВЗР.",
        "classroom": "Лаб. 250; ",
        "lecturer": "Бережнов С.Д."
    },
    {
        "day": 4,
        "week_code": 1,
        "time": "12:40 Нечетная",
        "discipline": "лек Т.ОБРАБ.ИНФ. БРЛ",
        "classroom": "114; ",
        "lecturer": "Митюшов А.И."
    },
    {
        "day": 4,
        "week_code": 2,
        "time": "12:40 Четная",
        "discipline": "лек Т.ОБРАБ.ИНФ. БРЛ",
        "classroom": "114; ",
        "lecturer": "Митюшов А.И."
    },
    {
        "day": 4,
        "week_code": 1,
        "time": "14:55 Нечетная",
        "discipline": "пр ОСН. НАВЕДЕНИЯ",
        "classroom": "259; ",
        "lecturer": "Захаров А.Ю."
    },
    {
        "day": 4,
        "week_code": 2,
        "time": "14:55 Четная",
        "discipline": "пр Т.ОБРАБ.ИНФ. БРЛ",
        "classroom": "115; ",
        "lecturer": "Митюшов А.И."
    },
    {
        "day": 4,
        "week_code": 1,
        "time": "16:45 Нечетная",
        "discipline": "лаб Т.ОБРАБ.ИНФ. БРЛ",
        "classroom": "Лаб. 250; ",
        "lecturer": "Митюшов А.И."
    },
    {
        "day": 4,
        "week_code": 2,
        "time": "16:45 Четная",
        "discipline": "лаб Т.ОБРАБ.ИНФ. БРЛ",
        "classroom": "Лаб. 250; ",
        "lecturer": "Митюшов А.И."
    },
    {
        "day": 4,
        "week_code": 1,
        "time": "18:30 Нечетная",
        "discipline": "лек ДИСК.ЭЛ.УСТР.ВЗР.",
        "classroom": "Лаб. 250; ",
        "lecturer": "Илларионов Е.Ю."
    },
    {
        "day": 4,
        "week_code": 2,
        "time": "18:30 Четная",
        "discipline": "лек ДИСК.ЭЛ.УСТР.ВЗР.",
        "classroom": "Лаб. 250; ",
        "lecturer": "Илларионов Е.Ю."
    },
    {
        "day": 5,
        "week_code": 2,
        "time": "10:50 Четная",
        "discipline": "пр С.ВОПР.ПР-ВА ВЗР",
        "classroom": "Лаб. 250; ",
        "lecturer": "Смирнов А.А."
    },
    {
        "day": 5,
        "week_code": 1,
        "time": "12:40 Нечетная",
        "discipline": "пр ПРОГР.И ОСН.АЛГ",
        "classroom": "Лаб. 250; ",
        "lecturer": "Чич С.В."
    },
    {
        "day": 5,
        "week_code": 2,
        "time": "12:40 Четная",
        "discipline": "пр ПРОГР.И ОСН.АЛГ",
        "classroom": "Лаб. 250; ",
        "lecturer": "Чич С.В."
    },
    {
        "day": 5,
        "week_code": 1,
        "time": "14:55 Нечетная",
        "discipline": "лаб ОСН. НАВЕДЕНИЯ",
        "classroom": "277; ",
        "lecturer": "Захаров А.Ю."
    },
    {
        "day": 5,
        "week_code": 2,
        "time": "14:55 Четная",
        "discipline": "пр ПРОГР.И ОСН.АЛГ",
        "classroom": "Лаб. 250; ",
        "lecturer": "Чич С.В."
    },
    {
        "day": 5,
        "week_code": 1,
        "time": "16:45 Нечетная",
        "discipline": "лек ОСН. НАВЕДЕНИЯ",
        "classroom": "259; ",
        "lecturer": "Захаров А.Ю."
    },
    {
        "day": 5,
        "week_code": 2,
        "time": "16:45 Четная",
        "discipline": "лек ОСН. НАВЕДЕНИЯ",
        "classroom": "346; ",
        "lecturer": "Захаров А.Ю."
    },
    {
        "day": 6,
        "week_code": 1,
        "time": "12:40 Нечетная",
        "discipline": "лек ЧИСЛ.МЕТ.МОД.ПР.",
        "classroom": "115; 251; ",
        "lecturer": "Павлов А.С."
    },
    {
        "day": 6,
        "week_code": 2,
        "time": "12:40 Четная",
        "discipline": "лек ЧИСЛ.МЕТ.МОД.ПР.",
        "classroom": "115; 251; ",
        "lecturer": "Павлов А.С."
    },
    {
        "day": 6,
        "week_code": 2,
        "time": "14:55 Четная",
        "discipline": "пр ЧИСЛ.МЕТ.МОД.ПР.",
        "classroom": "115; 251; ",
        "lecturer": "Павлов А.С."
    }
]