[
    {
        "day": 1,
        "week_code": 1,
        "time": "10:50 Нечетная",
        "discipline": "лек АРТИЛЛ. ТЕХНИКА",
        "classroom": "СК1; ",
        "lecturer": "Егоров  В.В."
    },
    {
        "day": 1,
        "week_code": 1,
        "time": "12:40 Нечетная",
        "discipline": "лаб БЖД",
        "classroom": "384б; ",
        "lecturer": "Тюрина Н.В."
    },
    {
        "day": 1,
        "week_code": 1,
        "time": "14:55 Нечетная",
        "discipline": "пр ВРЕМ.УСТРОЙСТВА",
        "classroom": "Лаб. 250; ",
        "lecturer": "Ялыч Е.С."
    },
    {
        "day": 2,
        "week_code": 1,
        "time": "10:50 Нечетная",
        "discipline": "пр БЖД",
        "classroom": "484; ",
        "lecturer": "Шабарова А.В."
    },
    {
        "day": 2,
        "week_code": 2,
        "time": "10:50 Четная",
        "discipline": "лаб РАДИОФИЗИКА",
        "classroom": "Лаб. 250; Лаб. 323; ",
        "lecturer": "Перов Л.Д."
    },
    {
        "day": 2,
        "week_code": 1,
        "time": "12:40 Нечетная",
        "discipline": "лаб ВРЕМ.УСТРОЙСТВА",
        "classroom": "114; ",
        "lecturer": "Ялыч Е.С."
    },
    {
        "day": 2,
        "week_code": 2,
        "time": "12:40 Четная",
        "discipline": "лаб АРТИЛЛ. ТЕХНИКА",
        "classroom": "СК1; ",
        "lecturer": "Мелехин А.А."
    },
    {
        "day": 3,
        "week_code": 1,
        "time": "12:40 Нечетная",
        "discipline": "пр ФИЗИКА ГОР.И ВЗР.",
        "classroom": "440; ",
        "lecturer": "Грецова Е.Б."
    },
    {
        "day": 3,
        "week_code": 2,
        "time": "12:40 Четная",
        "discipline": "пр ФИЗИКА ГОР.И ВЗР.",
        "classroom": "440; ",
        "lecturer": "Грецова Е.Б."
    },
    {
        "day": 3,
        "week_code": 1,
        "time": "14:55 Нечетная",
        "discipline": "пр РАДИОФИЗИКА",
        "classroom": "115; ",
        "lecturer": "Митюшов А.И."
    },
    {
        "day": 3,
        "week_code": 2,
        "time": "14:55 Четная",
        "discipline": "пр РАДИОФИЗИКА",
        "classroom": "115; ",
        "lecturer": "Митюшов А.И."
    },
    {
        "day": 3,
        "week_code": 1,
        "time": "16:45 Нечетная",
        "discipline": "лек РАДИОФИЗИКА",
        "classroom": "115; ",
        "lecturer": "Митюшов А.И."
    },
    {
        "day": 3,
        "week_code": 2,
        "time": "16:45 Четная",
        "discipline": "лек РАДИОФИЗИКА",
        "classroom": "115; ",
        "lecturer": "Митюшов А.И."
    },
    {
        "day": 3,
        "week_code": 1,
        "time": "18:30 Нечетная",
        "discipline": "лек ВРЕМ.УСТРОЙСТВА",
        "classroom": "115; ",
        "lecturer": "Жилин В.Н."
    },
    {
        "day": 3,
        "week_code": 2,
        "time": "18:30 Четная",
        "discipline": "лек ВРЕМ.УСТРОЙСТВА",
        "classroom": "115; ",
        "lecturer": "Жилин В.Н."
    },
    {
        "day": 4,
        "week_code": 1,
        "time": "10:50 Нечетная",
        "discipline": "лек БЖД",
        "classroom": "318; ",
        "lecturer": "Тюрина Н.В."
    },
    {
        "day": 4,
        "week_code": 2,
        "time": "10:50 Четная",
        "discipline": "лек БЖД",
        "classroom": "374; ",
        "lecturer": "Тюрина Н.В."
    },
    {
        "day": 4,
        "week_code": 1,
        "time": "12:40 Нечетная",
        "discipline": "лек ФИЗИКА ГОР.И ВЗР.",
        "classroom": "440; ",
        "lecturer": "Грецова Е.Б."
    },
    {
        "day": 4,
        "week_code": 2,
        "time": "12:40 Четная",
        "discipline": "лек ФИЗИКА ГОР.И ВЗР.",
        "classroom": "440; ",
        "lecturer": "Грецова Е.Б."
    },
    {
        "day": 4,
        "week_code": 1,
        "time": "14:55 Нечетная",
        "discipline": "лек СОВР. ВООРУЖ.",
        "classroom": "251; ",
        "lecturer": "Оськин И.А."
    },
    {
        "day": 4,
        "week_code": 2,
        "time": "14:55 Четная",
        "discipline": "лек СОВР. ВООРУЖ.",
        "classroom": "251; ",
        "lecturer": "Оськин И.А."
    },
    {
        "day": 4,
        "week_code": 2,
        "time": "16:45 Четная",
        "discipline": "пр СОВР. ВООРУЖ.",
        "classroom": "251; ",
        "lecturer": "Оськин И.А."
    },
    {
        "day": 5,
        "week_code": 1,
        "time": "12:40 Нечетная",
        "discipline": "лек АНАЛ.КОНСТР. АИУС",
        "classroom": "СК-14; ",
        "lecturer": "Маслов Д.В."
    },
    {
        "day": 5,
        "week_code": 2,
        "time": "12:40 Четная",
        "discipline": "лек АНАЛ.КОНСТР. АИУС",
        "classroom": "СК-14; ",
        "lecturer": "Маслов Д.В."
    },
    {
        "day": 5,
        "week_code": 1,
        "time": "14:55 Нечетная",
        "discipline": "лаб АНАЛ.КОНСТР. АИУС",
        "classroom": "СК-14; ",
        "lecturer": "Гусев А.А."
    },
    {
        "day": 5,
        "week_code": 2,
        "time": "14:55 Четная",
        "discipline": "лаб АНАЛ.КОНСТР. АИУС",
        "classroom": "СК-14; ",
        "lecturer": "Гусев А.А."
    },
    {
        "day": 6,
        "week_code": 1,
        "time": "9:00 Нечетная",
        "discipline": "лек ЧИСЛ.МЕТ.МОД.ПР.",
        "classroom": "115; 251; ",
        "lecturer": "Павлов А.С."
    },
    {
        "day": 6,
        "week_code": 2,
        "time": "9:00 Четная",
        "discipline": "лек ЧИСЛ.МЕТ.МОД.ПР.",
        "classroom": "115; 251; ",
        "lecturer": "Павлов А.С."
    },
    {
        "day": 6,
        "week_code": 1,
        "time": "10:50 Нечетная",
        "discipline": "пр ЧИСЛ.МЕТ.МОД.ПР.",
        "classroom": "115; 251; ",
        "lecturer": "Павлов А.С."
    },
    {
        "day": 6,
        "week_code": 2,
        "time": "10:50 Четная",
        "discipline": "пр ЧИСЛ.МЕТ.МОД.ПР.",
        "classroom": "115; 251; ",
        "lecturer": "Павлов А.С."
    }
]