[
    {
        "day": 1,
        "week_code": 1,
        "time": "10:50 Нечетная",
        "discipline": "лаб ФИЗИКА",
        "classroom": "322*; ",
        "lecturer": null
    },
    {
        "day": 1,
        "week_code": 1,
        "time": "12:40 Нечетная",
        "discipline": "пр ИН. ЯЗ.",
        "classroom": "304*; ",
        "lecturer": "Николаева О.В."
    },
    {
        "day": 1,
        "week_code": 2,
        "time": "12:40 Четная",
        "discipline": "пр ИН. ЯЗ.",
        "classroom": "304*; ",
        "lecturer": "Николаева О.В."
    },
    {
        "day": 1,
        "week_code": 1,
        "time": "14:55 Нечетная",
        "discipline": "пр ОСН.СИСТ.АНАЛИЗА",
        "classroom": "КАБ.2; ",
        "lecturer": "Кулаков А.Ю."
    },
    {
        "day": 1,
        "week_code": 2,
        "time": "14:55 Четная",
        "discipline": "лаб ЭЛ-ТЕХ И ЭЛЕКТР",
        "classroom": "360*; ",
        "lecturer": "Оробинский А.М."
    },
    {
        "day": 1,
        "week_code": 1,
        "time": "16:45 Нечетная",
        "discipline": "пр ТЕОР. МЕХАНИКА",
        "classroom": "487; ",
        "lecturer": "Чирков В.Ю."
    },
    {
        "day": 1,
        "week_code": 2,
        "time": "16:45 Четная",
        "discipline": "пр ТЕОР. МЕХАНИКА",
        "classroom": "487; ",
        "lecturer": "Чирков В.Ю."
    },
    {
        "day": 2,
        "week_code": 1,
        "time": "9:00 Нечетная",
        "discipline": "пр ЭК ПО ФК И СПОРТУ",
        "classroom": null,
        "lecturer": null
    },
    {
        "day": 2,
        "week_code": 2,
        "time": "9:00 Четная",
        "discipline": "пр ЭК ПО ФК И СПОРТУ",
        "classroom": null,
        "lecturer": null
    },
    {
        "day": 2,
        "week_code": 1,
        "time": "10:50 Нечетная",
        "discipline": "лек ФИЗ.ОСН.МИКРОЭЛ",
        "classroom": "436; ",
        "lecturer": "Стукалова А.С."
    },
    {
        "day": 2,
        "week_code": 2,
        "time": "10:50 Четная",
        "discipline": "лек ФИЗ.ОСН.МИКРОЭЛ",
        "classroom": "436; ",
        "lecturer": "Стукалова А.С."
    },
    {
        "day": 2,
        "week_code": 1,
        "time": "12:40 Нечетная",
        "discipline": "пр КОМП. ПРАК.",
        "classroom": "Лаб. 250; ",
        "lecturer": "Смирнов А.А."
    },
    {
        "day": 2,
        "week_code": 2,
        "time": "12:40 Четная",
        "discipline": "пр КОМП. ПРАК.",
        "classroom": "Лаб. 250; ",
        "lecturer": "Смирнов А.А."
    },
    {
        "day": 2,
        "week_code": 1,
        "time": "14:55 Нечетная",
        "discipline": "лаб ФИЗ.ОСН.МИКРОЭЛ",
        "classroom": "430; ",
        "lecturer": "Волкова М.В."
    },
    {
        "day": 3,
        "week_code": 2,
        "time": "9:00 Четная",
        "discipline": "пр ФИЗИКА",
        "classroom": "328*; ",
        "lecturer": null
    },
    {
        "day": 3,
        "week_code": 2,
        "time": "10:50 Четная",
        "discipline": "пр ЭЛ-ТЕХ И ЭЛЕКТР",
        "classroom": "403*; ",
        "lecturer": "Усольцев А.А."
    },
    {
        "day": 3,
        "week_code": 1,
        "time": "12:40 Нечетная",
        "discipline": "пр ОБЩ.ТЕОР.ИЗМЕР",
        "classroom": "332; ",
        "lecturer": "Левицкий М.В."
    },
    {
        "day": 3,
        "week_code": 1,
        "time": "14:55 Нечетная",
        "discipline": "лек ОБЩ.ТЕОР.ИЗМЕР",
        "classroom": "372; ",
        "lecturer": "Левицкий М.В."
    },
    {
        "day": 4,
        "week_code": 1,
        "time": "9:00 Нечетная",
        "discipline": "пр ЭК ПО ФК И СПОРТУ",
        "classroom": null,
        "lecturer": null
    },
    {
        "day": 4,
        "week_code": 2,
        "time": "9:00 Четная",
        "discipline": "пр ЭК ПО ФК И СПОРТУ",
        "classroom": null,
        "lecturer": null
    },
    {
        "day": 4,
        "week_code": 1,
        "time": "10:50 Нечетная",
        "discipline": "лек ЭЛ-ТЕХ И ЭЛЕКТР",
        "classroom": "331*; ",
        "lecturer": "Лошицкий А.С."
    },
    {
        "day": 4,
        "week_code": 2,
        "time": "10:50 Четная",
        "discipline": "лек ЭЛ-ТЕХ И ЭЛЕКТР",
        "classroom": "331*; ",
        "lecturer": "Лошицкий А.С."
    },
    {
        "day": 4,
        "week_code": 2,
        "time": "12:40 Четная",
        "discipline": "лек ОСН.СИСТ.АНАЛИЗА",
        "classroom": "445; ",
        "lecturer": "Кириллов А.В."
    },
    {
        "day": 5,
        "week_code": 1,
        "time": "10:50 Нечетная",
        "discipline": "лек ВЫСШ. МАТЕМАТ",
        "classroom": "214*; ",
        "lecturer": "Исакова Е.А."
    },
    {
        "day": 5,
        "week_code": 2,
        "time": "10:50 Четная",
        "discipline": "лек ВЫСШ. МАТЕМАТ",
        "classroom": "214*; ",
        "lecturer": "Исакова Е.А."
    },
    {
        "day": 5,
        "week_code": 1,
        "time": "12:40 Нечетная",
        "discipline": "пр ВЫСШ. МАТЕМАТ",
        "classroom": "219*; ",
        "lecturer": "Гришина О.А."
    },
    {
        "day": 5,
        "week_code": 2,
        "time": "12:40 Четная",
        "discipline": "пр ВЫСШ. МАТЕМАТ",
        "classroom": "219*; ",
        "lecturer": "Гришина О.А."
    },
    {
        "day": 5,
        "week_code": 1,
        "time": "14:55 Нечетная",
        "discipline": "лек ФИЗИКА",
        "classroom": "331*; ",
        "lecturer": "Арешкин А.Г."
    },
    {
        "day": 5,
        "week_code": 2,
        "time": "14:55 Четная",
        "discipline": "лек ФИЗИКА",
        "classroom": "331*; ",
        "lecturer": "Арешкин А.Г."
    },
    {
        "day": 5,
        "week_code": 1,
        "time": "16:45 Нечетная",
        "discipline": "лек ТЕОР. МЕХАНИКА",
        "classroom": "443; ",
        "lecturer": "Чирков В.Ю."
    },
    {
        "day": 5,
        "week_code": 2,
        "time": "16:45 Четная",
        "discipline": "лек ТЕОР. МЕХАНИКА",
        "classroom": "443; ",
        "lecturer": "Чирков В.Ю."
    }
]