[
    {
        "day": "Понедельник",
        "week_code": "1",
        "time": "14:55 Нечетная",
        "discipline": "пр МЕТ. НАУЧ. ИССЛЕД",
        "classroom": "401*; ",
        "lecturer": "Дрозд А.Л."
    },
    {
        "day": "Понедельник",
        "week_code": "1",
        "time": "16:45 Нечетная",
        "discipline": "лек МЕТ. НАУЧ. ИССЛЕД",
        "classroom": "526*; ",
        "lecturer": "Дрозд А.Л."
    },
    {
        "day": "Понедельник",
        "week_code": "2",
        "time": "16:45 Четная",
        "discipline": "лек ТЕОРИЯ ПОМЕХ. УС",
        "classroom": "Лаб. 250; ",
        "lecturer": "Черенок Н.Г."
    },
    {
        "day": "Понедельник",
        "week_code": "1",
        "time": "18:30 Нечетная",
        "discipline": "пр ТЕОРИЯ ПОМЕХ. УС",
        "classroom": "Лаб. 250; ",
        "lecturer": "Черенок Н.Г."
    },
    {
        "day": "Понедельник",
        "week_code": "2",
        "time": "18:30 Четная",
        "discipline": "пр ТЕОРИЯ ПОМЕХ. УС",
        "classroom": "Лаб. 250; ",
        "lecturer": "Черенок Н.Г."
    },
    {
        "day": "Понедельник",
        "week_code": "1",
        "time": "20:05 Нечетная",
        "discipline": "пр ПРОГР.ОБЕС.СРВ",
        "classroom": "277; ",
        "lecturer": "Карасев А.А."
    },
    {
        "day": "Понедельник",
        "week_code": "2",
        "time": "20:05 Четная",
        "discipline": "лек ПРОГР.ОБЕС.СРВ",
        "classroom": "277; ",
        "lecturer": "Карасев А.А."
    },
    {
        "day": "Вторник",
        "week_code": "1",
        "time": "18:30 Нечетная",
        "discipline": "лек ВЫСШ. МАТ. В НИ",
        "classroom": "450; ",
        "lecturer": "Павлов Ю.В."
    },
    {
        "day": "Вторник",
        "week_code": "2",
        "time": "18:30 Четная",
        "discipline": "лек ВЫСШ. МАТ. В НИ",
        "classroom": "450; ",
        "lecturer": "Павлов Ю.В."
    },
    {
        "day": "Среда",
        "week_code": "1",
        "time": "14:55 Нечетная",
        "discipline": "пр СОВ. ТЕОР. УПРАВ.",
        "classroom": "КАБ.2; ",
        "lecturer": "Толпегин О.А."
    },
    {
        "day": "Среда",
        "week_code": "1",
        "time": "16:45 Нечетная",
        "discipline": "пр ИН. ЯЗ.",
        "classroom": "312*; ",
        "lecturer": "Орлова Д.С."
    },
    {
        "day": "Среда",
        "week_code": "2",
        "time": "16:45 Четная",
        "discipline": "пр ИН. ЯЗ.",
        "classroom": "312*; ",
        "lecturer": "Орлова Д.С."
    },
    {
        "day": "Среда",
        "week_code": "1",
        "time": "18:30 Нечетная",
        "discipline": "лек СОВ. ТЕОР. УПРАВ.",
        "classroom": "КАБ.2; ",
        "lecturer": "Толпегин О.А."
    },
    {
        "day": "Среда",
        "week_code": "2",
        "time": "18:30 Четная",
        "discipline": "лек СОВ. ТЕОР. УПРАВ.",
        "classroom": "КАБ.2; ",
        "lecturer": "Толпегин О.А."
    },
    {
        "day": "Четверг",
        "week_code": "1",
        "time": "16:45 Нечетная",
        "discipline": "пр ВЫСШ. МАТ. В НИ",
        "classroom": "444; ",
        "lecturer": "Солдаткин А.В."
    },
    {
        "day": "Четверг",
        "week_code": "1",
        "time": "18:30 Нечетная",
        "discipline": "лек УПР.ПРОЕКТАМИ",
        "classroom": "331*; ",
        "lecturer": "Алёшкин Н.А."
    },
    {
        "day": "Четверг",
        "week_code": "1",
        "time": "20:05 Нечетная",
        "discipline": "пр УПР.ПРОЕКТАМИ",
        "classroom": "331*; ",
        "lecturer": "Алёшкин Н.А."
    },
    {
        "day": "Пятница",
        "week_code": "1",
        "time": "14:55 Нечетная",
        "discipline": "пр ММ. ОБЪЕКТ. И СУ",
        "classroom": "440; ",
        "lecturer": "Павлов А.С."
    },
    {
        "day": "Пятница",
        "week_code": "2",
        "time": "14:55 Четная",
        "discipline": "пр ММ. ОБЪЕКТ. И СУ",
        "classroom": "440; ",
        "lecturer": "Павлов А.С."
    },
    {
        "day": "Пятница",
        "week_code": "1",
        "time": "16:45 Нечетная",
        "discipline": "лек ММ. ОБЪЕКТ. И СУ",
        "classroom": "440; ",
        "lecturer": "Павлов А.С."
    }
]