[
    {
        "day": "Понедельник",
        "week_code": "1",
        "time": "9:00 Нечетная",
        "discipline": "пр ДОП. ПОДГОТОВКА",
        "classroom": null,
        "lecturer": null
    },
    {
        "day": "Понедельник",
        "week_code": "2",
        "time": "9:00 Четная",
        "discipline": "пр ДОП. ПОДГОТОВКА",
        "classroom": null,
        "lecturer": null
    },
    {
        "day": "Понедельник",
        "week_code": "1",
        "time": "10:50 Нечетная",
        "discipline": "пр ДОП. ПОДГОТОВКА",
        "classroom": null,
        "lecturer": null
    },
    {
        "day": "Понедельник",
        "week_code": "2",
        "time": "10:50 Четная",
        "discipline": "пр ДОП. ПОДГОТОВКА",
        "classroom": null,
        "lecturer": null
    },
    {
        "day": "Понедельник",
        "week_code": "1",
        "time": "12:40 Нечетная",
        "discipline": "пр ДОП. ПОДГОТОВКА",
        "classroom": null,
        "lecturer": null
    },
    {
        "day": "Понедельник",
        "week_code": "2",
        "time": "12:40 Четная",
        "discipline": "пр ДОП. ПОДГОТОВКА",
        "classroom": null,
        "lecturer": null
    },
    {
        "day": "Понедельник",
        "week_code": "1",
        "time": "14:55 Нечетная",
        "discipline": "пр ДОП. ПОДГОТОВКА",
        "classroom": null,
        "lecturer": null
    },
    {
        "day": "Понедельник",
        "week_code": "2",
        "time": "14:55 Четная",
        "discipline": "пр ДОП. ПОДГОТОВКА",
        "classroom": null,
        "lecturer": null
    },
    {
        "day": "Среда",
        "week_code": "1",
        "time": "10:50 Нечетная",
        "discipline": "пр ЭКСП. МЕХАНИКА",
        "classroom": "106*; ",
        "lecturer": "Буткарева Н.Г."
    },
    {
        "day": "Среда",
        "week_code": "2",
        "time": "10:50 Четная",
        "discipline": "пр ЭКСП. МЕХАНИКА",
        "classroom": "106*; ",
        "lecturer": "Буткарева Н.Г."
    },
    {
        "day": "Среда",
        "week_code": "1",
        "time": "12:40 Нечетная",
        "discipline": "лаб ЭКСП. МЕХАНИКА",
        "classroom": "106*; ",
        "lecturer": "Буткарева Н.Г."
    },
    {
        "day": "Среда",
        "week_code": "2",
        "time": "12:40 Четная",
        "discipline": "лек ЭКСП. МЕХАНИКА",
        "classroom": "106*; ",
        "lecturer": "Буткарева Н.Г."
    },
    {
        "day": "Четверг",
        "week_code": "1",
        "time": "16:45 Нечетная",
        "discipline": "пр ВЫЧИСЛ.МЕХАНИКА",
        "classroom": "ВЦ 282; ",
        "lecturer": "Шевчук Р.Э."
    },
    {
        "day": "Четверг",
        "week_code": "2",
        "time": "16:45 Четная",
        "discipline": "пр ВЫЧИСЛ.МЕХАНИКА",
        "classroom": "ВЦ 281; ",
        "lecturer": "Шевчук Р.Э."
    },
    {
        "day": "Четверг",
        "week_code": "1",
        "time": "18:30 Нечетная",
        "discipline": "лек Т.ПЛАСТ.И ПОЛЗУЧ",
        "classroom": "102*; ",
        "lecturer": "Титух И.Н."
    },
    {
        "day": "Пятница",
        "week_code": "1",
        "time": "12:40 Нечетная",
        "discipline": "пр ЧИСЛ.РЕШ.ЗАД.МЕХ",
        "classroom": "453*; ",
        "lecturer": "Брытков Е.В."
    },
    {
        "day": "Пятница",
        "week_code": "2",
        "time": "12:40 Четная",
        "discipline": "пр ЧИСЛ.РЕШ.ЗАД.МЕХ",
        "classroom": "453*; ",
        "lecturer": "Брытков Е.В."
    },
    {
        "day": "Пятница",
        "week_code": "1",
        "time": "14:55 Нечетная",
        "discipline": "пр Т.ПЛАСТ.И ПОЛЗУЧ",
        "classroom": "453*; ",
        "lecturer": "Титух И.Н."
    },
    {
        "day": "Пятница",
        "week_code": "2",
        "time": "14:55 Четная",
        "discipline": "пр Т.ПЛАСТ.И ПОЛЗУЧ",
        "classroom": "453*; ",
        "lecturer": "Титух И.Н."
    }
]