[
    {
        "day": 1,
        "week_code": 1,
        "time": "10:50 Нечетная",
        "discipline": "лаб ДЕТАЛИ МАШИН",
        "classroom": "452*; ",
        "lecturer": "Кротов Ю.В."
    },
    {
        "day": 1,
        "week_code": 2,
        "time": "10:50 Четная",
        "discipline": "лаб ДЕТАЛИ МАШИН",
        "classroom": "452*; ",
        "lecturer": "Кротов Ю.В."
    },
    {
        "day": 1,
        "week_code": 2,
        "time": "12:40 Четная",
        "discipline": "лек МЕТ-РЕЖ. СТАНКИ",
        "classroom": "202*а(К.кл); ",
        "lecturer": "Александров  А.С."
    },
    {
        "day": 2,
        "week_code": 1,
        "time": "10:50 Нечетная",
        "discipline": "пр СТРОИТ.МЕХ.МАШ",
        "classroom": "453*; ",
        "lecturer": "Титух И.Н."
    },
    {
        "day": 2,
        "week_code": 1,
        "time": "12:40 Нечетная",
        "discipline": "пр СТРОИТ.МЕХ.МАШ",
        "classroom": "102*; ",
        "lecturer": "Титух И.Н."
    },
    {
        "day": 2,
        "week_code": 2,
        "time": "12:40 Четная",
        "discipline": "пр СТРОИТ.МЕХ.МАШ",
        "classroom": "102*; ",
        "lecturer": "Титух И.Н."
    },
    {
        "day": 2,
        "week_code": 1,
        "time": "14:55 Нечетная",
        "discipline": "пр УПРАВЛЕНИЕ В ТС",
        "classroom": "Лаб. 250; ",
        "lecturer": "Борисов С.В."
    },
    {
        "day": 2,
        "week_code": 2,
        "time": "14:55 Четная",
        "discipline": "пр УПРАВЛЕНИЕ В ТС",
        "classroom": "Лаб. 250; ",
        "lecturer": "Борисов С.В."
    },
    {
        "day": 2,
        "week_code": 1,
        "time": "16:45 Нечетная",
        "discipline": "лек УПРАВЛЕНИЕ В ТС",
        "classroom": "Лаб. 250; ",
        "lecturer": "Борисов С.В."
    },
    {
        "day": 2,
        "week_code": 2,
        "time": "16:45 Четная",
        "discipline": "лек УПРАВЛЕНИЕ В ТС",
        "classroom": "Лаб. 250; ",
        "lecturer": "Борисов С.В."
    },
    {
        "day": 3,
        "week_code": 1,
        "time": "14:55 Нечетная",
        "discipline": "лек ЭФФЕКТ И НАДЕЖ СТС",
        "classroom": "КАБ.Е1; ",
        "lecturer": "Любимов И.В."
    },
    {
        "day": 3,
        "week_code": 2,
        "time": "14:55 Четная",
        "discipline": "лек ЭФФЕКТ И НАДЕЖ СТС",
        "classroom": "КАБ.Е1; ",
        "lecturer": "Любимов И.В."
    },
    {
        "day": 3,
        "week_code": 1,
        "time": "16:45 Нечетная",
        "discipline": "лек МИКРОЭЛ. СИСТ.",
        "classroom": "440; ",
        "lecturer": "Курицын А.Н."
    },
    {
        "day": 3,
        "week_code": 2,
        "time": "16:45 Четная",
        "discipline": "лаб МИКРОЭЛ. СИСТ.",
        "classroom": "114; ",
        "lecturer": "Курицын А.Н."
    },
    {
        "day": 3,
        "week_code": 2,
        "time": "18:30 Четная",
        "discipline": "пр МИКРОЭЛ. СИСТ.",
        "classroom": "440; ",
        "lecturer": "Курицын А.Н."
    },
    {
        "day": 5,
        "week_code": 1,
        "time": "10:50 Нечетная",
        "discipline": "лек СТРОИТ.МЕХ.МАШ",
        "classroom": "492; ",
        "lecturer": "Титух И.Н."
    },
    {
        "day": 5,
        "week_code": 1,
        "time": "12:40 Нечетная",
        "discipline": "лаб ЭФФЕКТ И НАДЕЖ СТС",
        "classroom": "КАБ.Е1; ",
        "lecturer": "Мелехин А.А."
    },
    {
        "day": 5,
        "week_code": 1,
        "time": "14:55 Нечетная",
        "discipline": "пр ЭФФЕКТ И НАДЕЖ СТС",
        "classroom": "КАБ.Е1; ",
        "lecturer": "Мелехин А.А."
    },
    {
        "day": 5,
        "week_code": 2,
        "time": "14:55 Четная",
        "discipline": "пр ЭФФЕКТ И НАДЕЖ СТС",
        "classroom": "КАБ.Е1; ",
        "lecturer": "Мелехин А.А."
    },
    {
        "day": 5,
        "week_code": 1,
        "time": "16:45 Нечетная",
        "discipline": "пр ДЕТАЛИ МАШИН",
        "classroom": "452*; ",
        "lecturer": "Ли В.А."
    },
    {
        "day": 5,
        "week_code": 2,
        "time": "16:45 Четная",
        "discipline": "пр ДЕТАЛИ МАШИН",
        "classroom": "452*; ",
        "lecturer": "Ли В.А."
    }
]