[
    {
        "day": 1,
        "week_code": 1,
        "time": "10:50 Нечетная",
        "discipline": "пр СОПР.МАТЕРИАЛОВ",
        "classroom": "456*; ",
        "lecturer": "Спиридонов Д.В."
    },
    {
        "day": 1,
        "week_code": 2,
        "time": "10:50 Четная",
        "discipline": "пр ЭКОНОМИКА",
        "classroom": "432*; ",
        "lecturer": "Становая А.А."
    },
    {
        "day": 1,
        "week_code": 1,
        "time": "12:40 Нечетная",
        "discipline": "пр ИН. ЯЗ.",
        "classroom": "308*; ",
        "lecturer": "Логинова Н.К."
    },
    {
        "day": 1,
        "week_code": 2,
        "time": "12:40 Четная",
        "discipline": "пр ИН. ЯЗ.",
        "classroom": "308*; ",
        "lecturer": "Логинова Н.К."
    },
    {
        "day": 2,
        "week_code": 1,
        "time": "9:00 Нечетная",
        "discipline": "лек ВЫСШ. МАТЕМАТ",
        "classroom": "451; ",
        "lecturer": "Барт Е.Л."
    },
    {
        "day": 2,
        "week_code": 2,
        "time": "9:00 Четная",
        "discipline": "лек ВЫСШ. МАТЕМАТ",
        "classroom": "451; ",
        "lecturer": "Барт Е.Л."
    },
    {
        "day": 2,
        "week_code": 1,
        "time": "10:50 Нечетная",
        "discipline": "пр ЭК ПО ФК И СПОРТУ",
        "classroom": null,
        "lecturer": null
    },
    {
        "day": 2,
        "week_code": 2,
        "time": "10:50 Четная",
        "discipline": "пр ЭК ПО ФК И СПОРТУ",
        "classroom": null,
        "lecturer": null
    },
    {
        "day": 2,
        "week_code": 1,
        "time": "12:40 Нечетная",
        "discipline": "лек СОПР.МАТЕРИАЛОВ",
        "classroom": "313; ",
        "lecturer": "Спиридонов Д.В."
    },
    {
        "day": 2,
        "week_code": 2,
        "time": "12:40 Четная",
        "discipline": "лек СОПР.МАТЕРИАЛОВ",
        "classroom": "313; ",
        "lecturer": "Спиридонов Д.В."
    },
    {
        "day": 2,
        "week_code": 2,
        "time": "14:55 Четная",
        "discipline": "пр ОСН.СИСТ.АНАЛ.",
        "classroom": "Мкаб.Е1; ",
        "lecturer": "Мелехин А.А."
    },
    {
        "day": 3,
        "week_code": 1,
        "time": "12:40 Нечетная",
        "discipline": "пр УЧЕБНЫЙ ПРАКТИКУМ",
        "classroom": "456*; ",
        "lecturer": "Расчупкина Т.В."
    },
    {
        "day": 3,
        "week_code": 2,
        "time": "12:40 Четная",
        "discipline": "пр УЧЕБНЫЙ ПРАКТИКУМ",
        "classroom": "456*; ",
        "lecturer": "Расчупкина Т.В."
    },
    {
        "day": 3,
        "week_code": 1,
        "time": "14:55 Нечетная",
        "discipline": "лаб ТЕОР. МЕХ. И МАШ",
        "classroom": "372*; ",
        "lecturer": "Кузьмин А.О."
    },
    {
        "day": 3,
        "week_code": 2,
        "time": "14:55 Четная",
        "discipline": "пр ЦИФ.ТЕХ.ОТР.ПРОМ.",
        "classroom": "257*; ",
        "lecturer": "Щербакова Л.В."
    },
    {
        "day": 4,
        "week_code": 1,
        "time": "9:00 Нечетная",
        "discipline": "лек ОСН.СИСТ.АНАЛ.",
        "classroom": "313а; ",
        "lecturer": "Афанасьев А.С."
    },
    {
        "day": 4,
        "week_code": 2,
        "time": "9:00 Четная",
        "discipline": "лек ПРОМ.БЕЗ-ТЬ.ПП",
        "classroom": "374; ",
        "lecturer": "Петров С.К."
    },
    {
        "day": 4,
        "week_code": 1,
        "time": "10:50 Нечетная",
        "discipline": "пр ЭК ПО ФК И СПОРТУ",
        "classroom": null,
        "lecturer": null
    },
    {
        "day": 4,
        "week_code": 2,
        "time": "10:50 Четная",
        "discipline": "пр ЭК ПО ФК И СПОРТУ",
        "classroom": null,
        "lecturer": null
    },
    {
        "day": 4,
        "week_code": 1,
        "time": "12:40 Нечетная",
        "discipline": "лек ТЕОР. МЕХ. И МАШ",
        "classroom": "270*(фесто); ",
        "lecturer": "Мельников Р.В."
    },
    {
        "day": 4,
        "week_code": 2,
        "time": "12:40 Четная",
        "discipline": "лек ТЕОР. МЕХ. И МАШ",
        "classroom": "270*(фесто); ",
        "lecturer": "Мельников Р.В."
    },
    {
        "day": 4,
        "week_code": 1,
        "time": "14:55 Нечетная",
        "discipline": "пр ВЫСШ. МАТЕМАТ",
        "classroom": "444; ",
        "lecturer": "Забалканская Л.Э."
    },
    {
        "day": 4,
        "week_code": 2,
        "time": "14:55 Четная",
        "discipline": "пр ВЫСШ. МАТЕМАТ",
        "classroom": "444; ",
        "lecturer": "Забалканская Л.Э."
    },
    {
        "day": 5,
        "week_code": 1,
        "time": "9:00 Нечетная",
        "discipline": "пр ПРОМ.БЕЗ-ТЬ.ПП",
        "classroom": "484; ",
        "lecturer": "Васильев А.П."
    },
    {
        "day": 5,
        "week_code": 1,
        "time": "10:50 Нечетная",
        "discipline": "пр ТЕОР. МЕХ. И МАШ",
        "classroom": "373*; ",
        "lecturer": "Кузьмин А.О."
    },
    {
        "day": 5,
        "week_code": 1,
        "time": "12:40 Нечетная",
        "discipline": "лек ЭКОНОМИКА",
        "classroom": "401*; ",
        "lecturer": "Становая А.А."
    },
    {
        "day": 5,
        "week_code": 2,
        "time": "12:40 Четная",
        "discipline": "лек ЭКОНОМИКА",
        "classroom": "401*; ",
        "lecturer": "Становая А.А."
    },
    {
        "day": 5,
        "week_code": 1,
        "time": "14:55 Нечетная",
        "discipline": "лек ЦИФ.ТЕХ.ОТР.ПРОМ.",
        "classroom": "325*; ",
        "lecturer": "Щербакова Л.В."
    },
    {
        "day": 5,
        "week_code": 2,
        "time": "14:55 Четная",
        "discipline": "лек ЦИФ.ТЕХ.ОТР.ПРОМ.",
        "classroom": "325*; ",
        "lecturer": "Щербакова Л.В."
    }
]