[
    {
        "day": "Понедельник",
        "week_code": "1",
        "time": "9:00 Нечетная",
        "discipline": "пр СИС.ТЕХН.ЗРЕНИЯ",
        "classroom": "280; ",
        "lecturer": "Баханов И.С."
    },
    {
        "day": "Понедельник",
        "week_code": "2",
        "time": "9:00 Четная",
        "discipline": "пр СИС.ТЕХН.ЗРЕНИЯ",
        "classroom": "280; ",
        "lecturer": "Баханов И.С."
    },
    {
        "day": "Понедельник",
        "week_code": "1",
        "time": "10:50 Нечетная",
        "discipline": "пр ОПТ.ИЗМ.СИС-МЫ.",
        "classroom": "218; ",
        "lecturer": "Сергеев А.А."
    },
    {
        "day": "Понедельник",
        "week_code": "2",
        "time": "10:50 Четная",
        "discipline": "пр МЕТ.ЗАЩ.ИНФОРМ.",
        "classroom": "219а; ",
        "lecturer": "Петрова Ю.Ю."
    },
    {
        "day": "Понедельник",
        "week_code": "1",
        "time": "12:40 Нечетная",
        "discipline": "лаб НАУЧ. ИССЛЕД. РАБ.",
        "classroom": null,
        "lecturer": null
    },
    {
        "day": "Понедельник",
        "week_code": "2",
        "time": "12:40 Четная",
        "discipline": "лаб НАУЧ. ИССЛЕД. РАБ.",
        "classroom": null,
        "lecturer": null
    },
    {
        "day": "Понедельник",
        "week_code": "1",
        "time": "14:55 Нечетная",
        "discipline": "лаб НАУЧ. ИССЛЕД. РАБ.",
        "classroom": null,
        "lecturer": null
    },
    {
        "day": "Понедельник",
        "week_code": "2",
        "time": "14:55 Четная",
        "discipline": "лаб НАУЧ. ИССЛЕД. РАБ.",
        "classroom": null,
        "lecturer": null
    },
    {
        "day": "Четверг",
        "week_code": "1",
        "time": "9:00 Нечетная",
        "discipline": "лек ОПТ.ИЗМ.СИС-МЫ.",
        "classroom": "219; ",
        "lecturer": "Сергеев А.А."
    },
    {
        "day": "Четверг",
        "week_code": "2",
        "time": "9:00 Четная",
        "discipline": "лек ОПТ.ИЗМ.СИС-МЫ.",
        "classroom": "490; ",
        "lecturer": "Сергеев А.А."
    },
    {
        "day": "Четверг",
        "week_code": "1",
        "time": "10:50 Нечетная",
        "discipline": "лек НАДЕЖНОСТЬ ЛС",
        "classroom": "219; ",
        "lecturer": "Губарев А.Д."
    },
    {
        "day": "Четверг",
        "week_code": "2",
        "time": "10:50 Четная",
        "discipline": "лек НАДЕЖНОСТЬ ЛС",
        "classroom": "219; ",
        "lecturer": "Губарев А.Д."
    },
    {
        "day": "Четверг",
        "week_code": "1",
        "time": "12:40 Нечетная",
        "discipline": "пр НАДЕЖНОСТЬ ЛС",
        "classroom": "325а; ",
        "lecturer": "Губарев А.Д."
    },
    {
        "day": "Пятница",
        "week_code": "1",
        "time": "9:00 Нечетная",
        "discipline": "лек МЕТ.ЗАЩ.ИНФОРМ.",
        "classroom": "219а; ",
        "lecturer": "Петрова Ю.Ю."
    },
    {
        "day": "Пятница",
        "week_code": "2",
        "time": "9:00 Четная",
        "discipline": "лек МЕТ.ЗАЩ.ИНФОРМ.",
        "classroom": "219а; ",
        "lecturer": "Петрова Ю.Ю."
    },
    {
        "day": "Пятница",
        "week_code": "1",
        "time": "10:50 Нечетная",
        "discipline": "лек НЕЛИНЕЙН.ОПТИКА",
        "classroom": "219; ",
        "lecturer": "Погода А.П."
    },
    {
        "day": "Пятница",
        "week_code": "2",
        "time": "10:50 Четная",
        "discipline": "лек НЕЛИНЕЙН.ОПТИКА",
        "classroom": "219; ",
        "lecturer": "Погода А.П."
    },
    {
        "day": "Пятница",
        "week_code": "1",
        "time": "12:40 Нечетная",
        "discipline": "пр НЕЛИНЕЙН.ОПТИКА",
        "classroom": "280; ",
        "lecturer": "Погода А.П."
    },
    {
        "day": "Пятница",
        "week_code": "2",
        "time": "12:40 Четная",
        "discipline": "пр МЕТ.ЗАЩ.ИНФОРМ.",
        "classroom": "219а; ",
        "lecturer": "Петрова Ю.Ю."
    },
    {
        "day": "Пятница",
        "week_code": "1",
        "time": "14:55 Нечетная",
        "discipline": "лек СИС.ТЕХН.ЗРЕНИЯ",
        "classroom": "280; ",
        "lecturer": "Сухов Т.М."
    },
    {
        "day": "Пятница",
        "week_code": "2",
        "time": "14:55 Четная",
        "discipline": "лек СИС.ТЕХН.ЗРЕНИЯ",
        "classroom": "280; ",
        "lecturer": "Сухов Т.М."
    }
]