[
    {
        "day": "Понедельник",
        "week_code": "1",
        "time": "9:00 Нечетная",
        "discipline": "лек СИСТ.АТМ.ЗОНД.",
        "classroom": "219; ",
        "lecturer": "Лугиня В.С."
    },
    {
        "day": "Понедельник",
        "week_code": "2",
        "time": "9:00 Четная",
        "discipline": "лек СИСТ.АТМ.ЗОНД.",
        "classroom": "219; ",
        "lecturer": "Лугиня В.С."
    },
    {
        "day": "Понедельник",
        "week_code": "1",
        "time": "10:50 Нечетная",
        "discipline": "лек МЕТ.О-Ф.И ЛАЗ.ИЗМ.",
        "classroom": "324; ",
        "lecturer": "Погода А.П."
    },
    {
        "day": "Понедельник",
        "week_code": "2",
        "time": "10:50 Четная",
        "discipline": "лек ОСН.КОНСТР.ОЭ ПРИБ.",
        "classroom": "324; ",
        "lecturer": "Швец А.С."
    },
    {
        "day": "Вторник",
        "week_code": "1",
        "time": "10:50 Нечетная",
        "discipline": "пр ОСНОВЫ ОПТИКИ",
        "classroom": "219; ",
        "lecturer": "Файда Я.В."
    },
    {
        "day": "Вторник",
        "week_code": "2",
        "time": "10:50 Четная",
        "discipline": "лаб СИСТ.АТМ.ЗОНД.",
        "classroom": "219а; ",
        "lecturer": "Файда Я.В."
    },
    {
        "day": "Вторник",
        "week_code": "1",
        "time": "12:40 Нечетная",
        "discipline": "лек ТЕПЛОПЕРЕДАЧА",
        "classroom": "324; ",
        "lecturer": "Киселев И.А."
    },
    {
        "day": "Вторник",
        "week_code": "2",
        "time": "12:40 Четная",
        "discipline": "лек ТЕПЛОПЕРЕДАЧА",
        "classroom": "324; ",
        "lecturer": "Киселев И.А."
    },
    {
        "day": "Вторник",
        "week_code": "1",
        "time": "14:55 Нечетная",
        "discipline": "пр ТЕПЛОПЕРЕДАЧА",
        "classroom": "219; ",
        "lecturer": "Киселев И.А."
    },
    {
        "day": "Вторник",
        "week_code": "2",
        "time": "14:55 Четная",
        "discipline": "лаб ТЕПЛОПЕРЕДАЧА",
        "classroom": "219а; ",
        "lecturer": "Киселев И.А."
    },
    {
        "day": "Вторник",
        "week_code": "1",
        "time": "16:45 Нечетная",
        "discipline": "лаб ПРИКЛАДН.ОПТИКА",
        "classroom": "218; ",
        "lecturer": "Петрова Ю.Ю."
    },
    {
        "day": "Вторник",
        "week_code": "2",
        "time": "16:45 Четная",
        "discipline": "лаб ПРИКЛАДН.ОПТИКА",
        "classroom": "218; ",
        "lecturer": "Петрова Ю.Ю."
    },
    {
        "day": "Среда",
        "week_code": "2",
        "time": "9:00 Четная",
        "discipline": "лаб ОСНОВЫ ОПТИКИ",
        "classroom": "280; ",
        "lecturer": "Петрова Ю.Ю."
    },
    {
        "day": "Среда",
        "week_code": "1",
        "time": "10:50 Нечетная",
        "discipline": "пр ЛАЗ. ТЕХНОЛОГИЯ",
        "classroom": "325а; ",
        "lecturer": "Евдокимов И.М."
    },
    {
        "day": "Среда",
        "week_code": "2",
        "time": "10:50 Четная",
        "discipline": "пр МЕТ.О-Ф.И ЛАЗ.ИЗМ.",
        "classroom": "219; ",
        "lecturer": "Погода А.П."
    },
    {
        "day": "Среда",
        "week_code": "1",
        "time": "12:40 Нечетная",
        "discipline": "лек ЛАЗ. ТЕХНОЛОГИЯ",
        "classroom": "325а; ",
        "lecturer": "Евдокимов И.М."
    },
    {
        "day": "Среда",
        "week_code": "2",
        "time": "12:40 Четная",
        "discipline": "лек ЛАЗ. ТЕХНОЛОГИЯ",
        "classroom": "325а; ",
        "lecturer": "Евдокимов И.М."
    },
    {
        "day": "Среда",
        "week_code": "1",
        "time": "14:55 Нечетная",
        "discipline": "лек ОСНОВЫ ОПТИКИ",
        "classroom": "324; ",
        "lecturer": "Коняев М.А."
    },
    {
        "day": "Среда",
        "week_code": "2",
        "time": "14:55 Четная",
        "discipline": "лек ОСНОВЫ ОПТИКИ",
        "classroom": "324; ",
        "lecturer": "Коняев М.А."
    },
    {
        "day": "Четверг",
        "week_code": "1",
        "time": "16:45 Нечетная",
        "discipline": "лаб МЕТ.О-Ф.И ЛАЗ.ИЗМ.",
        "classroom": "Корп. К; ",
        "lecturer": "Погода А.П."
    },
    {
        "day": "Четверг",
        "week_code": "2",
        "time": "16:45 Четная",
        "discipline": "лаб МЕТ.О-Ф.И ЛАЗ.ИЗМ.",
        "classroom": "Корп. К; ",
        "lecturer": "Погода А.П."
    },
    {
        "day": "Четверг",
        "week_code": "2",
        "time": "18:30 Четная",
        "discipline": "лаб ОСН.ЛАЗ.ТЕХНИКИ",
        "classroom": "Корп. К; ",
        "lecturer": "Попов  Е.Э."
    },
    {
        "day": "Пятница",
        "week_code": "1",
        "time": "9:00 Нечетная",
        "discipline": "лек ОСН.ЛАЗ.ТЕХНИКИ",
        "classroom": "324; ",
        "lecturer": "Морозов А.В."
    },
    {
        "day": "Пятница",
        "week_code": "2",
        "time": "9:00 Четная",
        "discipline": "лек ОСН.ЛАЗ.ТЕХНИКИ",
        "classroom": "324; ",
        "lecturer": "Морозов А.В."
    },
    {
        "day": "Пятница",
        "week_code": "1",
        "time": "10:50 Нечетная",
        "discipline": "лек ПРИКЛАДН.ОПТИКА",
        "classroom": "324; ",
        "lecturer": "Коняев М.А."
    },
    {
        "day": "Пятница",
        "week_code": "2",
        "time": "10:50 Четная",
        "discipline": "лек ПРИКЛАДН.ОПТИКА",
        "classroom": "324; ",
        "lecturer": "Коняев М.А."
    },
    {
        "day": "Пятница",
        "week_code": "2",
        "time": "12:40 Четная",
        "discipline": "лаб ЛАЗ. ТЕХНОЛОГИЯ",
        "classroom": "Корп. К; ",
        "lecturer": "Попов  Е.Э."
    },
    {
        "day": "Суббота",
        "week_code": "1",
        "time": "9:00 Нечетная",
        "discipline": "лаб ОСН.КОНСТР.ОЭ ПРИБ.",
        "classroom": "218; ",
        "lecturer": "Швец А.С."
    },
    {
        "day": "Суббота",
        "week_code": "2",
        "time": "9:00 Четная",
        "discipline": "лаб ОСН.КОНСТР.ОЭ ПРИБ.",
        "classroom": "218; ",
        "lecturer": "Швец А.С."
    },
    {
        "day": "Суббота",
        "week_code": "1",
        "time": "10:50 Нечетная",
        "discipline": "пр ОСН.КОНСТР.ОЭ ПРИБ.",
        "classroom": "219; ",
        "lecturer": "Швец А.С."
    }
]