[
    {
        "day": "Понедельник",
        "week_code": "1",
        "time": "9:00 Нечетная",
        "discipline": "пр ЭК ПО ФК И СПОРТУ",
        "classroom": null,
        "lecturer": null
    },
    {
        "day": "Понедельник",
        "week_code": "2",
        "time": "9:00 Четная",
        "discipline": "пр ЭК ПО ФК И СПОРТУ",
        "classroom": null,
        "lecturer": null
    },
    {
        "day": "Понедельник",
        "week_code": "1",
        "time": "10:50 Нечетная",
        "discipline": "лек ИСТОРИЯ",
        "classroom": "402*; ",
        "lecturer": "Никитин А.В."
    },
    {
        "day": "Понедельник",
        "week_code": "2",
        "time": "10:50 Четная",
        "discipline": "лек ИСТОРИЯ",
        "classroom": "404*; ",
        "lecturer": "Никитин А.В."
    },
    {
        "day": "Понедельник",
        "week_code": "1",
        "time": "12:40 Нечетная",
        "discipline": "пр ИНЖ.И КОМП. ГРАФ",
        "classroom": "503*; ",
        "lecturer": "Семенов В.А."
    },
    {
        "day": "Понедельник",
        "week_code": "2",
        "time": "12:40 Четная",
        "discipline": "пр ИНЖ.И КОМП. ГРАФ",
        "classroom": "503*; ",
        "lecturer": "Семенов В.А."
    },
    {
        "day": "Вторник",
        "week_code": "1",
        "time": "10:50 Нечетная",
        "discipline": "лек ЭКОЛОГИЯ",
        "classroom": "492; ",
        "lecturer": "Патрушева Т.Н."
    },
    {
        "day": "Вторник",
        "week_code": "1",
        "time": "12:40 Нечетная",
        "discipline": "лек ИНФ.ТЕХН. И ПРОГР.",
        "classroom": "313а; ",
        "lecturer": "Лазарева Т.И."
    },
    {
        "day": "Вторник",
        "week_code": "2",
        "time": "12:40 Четная",
        "discipline": "лек ИНФ.ТЕХН. И ПРОГР.",
        "classroom": "313а; ",
        "lecturer": "Лазарева Т.И."
    },
    {
        "day": "Вторник",
        "week_code": "1",
        "time": "14:55 Нечетная",
        "discipline": "лек ВЫСШ. МАТЕМАТ",
        "classroom": "420*; ",
        "lecturer": "Исакова Е.А."
    },
    {
        "day": "Вторник",
        "week_code": "2",
        "time": "14:55 Четная",
        "discipline": "лек ВЫСШ. МАТЕМАТ",
        "classroom": "420*; ",
        "lecturer": "Исакова Е.А."
    },
    {
        "day": "Среда",
        "week_code": "1",
        "time": "9:00 Нечетная",
        "discipline": "пр ЭК ПО ФК И СПОРТУ",
        "classroom": null,
        "lecturer": null
    },
    {
        "day": "Среда",
        "week_code": "2",
        "time": "9:00 Четная",
        "discipline": "пр ЭК ПО ФК И СПОРТУ",
        "classroom": null,
        "lecturer": null
    },
    {
        "day": "Среда",
        "week_code": "1",
        "time": "10:50 Нечетная",
        "discipline": "пр ИНФ.ТЕХН. И ПРОГР.",
        "classroom": "ВЦ 282; ",
        "lecturer": "Лазарева Т.И."
    },
    {
        "day": "Среда",
        "week_code": "2",
        "time": "10:50 Четная",
        "discipline": "пр ИНФ.ТЕХН. И ПРОГР.",
        "classroom": "ВЦ 282; ",
        "lecturer": "Лазарева Т.И."
    },
    {
        "day": "Среда",
        "week_code": "1",
        "time": "12:40 Нечетная",
        "discipline": "пр ИСТОРИЯ",
        "classroom": "488; ",
        "lecturer": "Никитин А.В."
    },
    {
        "day": "Среда",
        "week_code": "2",
        "time": "12:40 Четная",
        "discipline": "пр ИСТОРИЯ",
        "classroom": "376; ",
        "lecturer": "Никитин А.В."
    },
    {
        "day": "Четверг",
        "week_code": "1",
        "time": "10:50 Нечетная",
        "discipline": "лаб ЭКОЛОГИЯ",
        "classroom": "384а; ",
        "lecturer": "Ломовцева С.Д."
    },
    {
        "day": "Четверг",
        "week_code": "1",
        "time": "12:40 Нечетная",
        "discipline": "пр ФИЛОСОФИЯ",
        "classroom": "488; ",
        "lecturer": "Лысенко Е.М."
    },
    {
        "day": "Четверг",
        "week_code": "1",
        "time": "14:55 Нечетная",
        "discipline": "лек ФИЛОСОФИЯ",
        "classroom": "493; ",
        "lecturer": "Лысенко Е.М."
    },
    {
        "day": "Четверг",
        "week_code": "2",
        "time": "14:55 Четная",
        "discipline": "лаб МАТЕРИАЛОВ-Е И ТКМ",
        "classroom": "473; ",
        "lecturer": "Ленина В.А."
    },
    {
        "day": "Четверг",
        "week_code": "1",
        "time": "16:45 Нечетная",
        "discipline": "пр ИН. ЯЗ.",
        "classroom": "309*; ",
        "lecturer": "Невзорова Н.Ф."
    },
    {
        "day": "Четверг",
        "week_code": "2",
        "time": "16:45 Четная",
        "discipline": "пр ИН. ЯЗ.",
        "classroom": "309*; ",
        "lecturer": "Невзорова Н.Ф."
    },
    {
        "day": "Пятница",
        "week_code": "1",
        "time": "10:50 Нечетная",
        "discipline": "пр ВЫСШ. МАТЕМАТ",
        "classroom": "448; ",
        "lecturer": "Алексеева Д.А."
    },
    {
        "day": "Пятница",
        "week_code": "2",
        "time": "10:50 Четная",
        "discipline": "пр ВЫСШ. МАТЕМАТ",
        "classroom": "488; ",
        "lecturer": "Алексеева Д.А."
    },
    {
        "day": "Пятница",
        "week_code": "1",
        "time": "12:40 Нечетная",
        "discipline": "лек МАТЕРИАЛОВ-Е И ТКМ",
        "classroom": "474; ",
        "lecturer": "Воробьева Г.А."
    },
    {
        "day": "Пятница",
        "week_code": "2",
        "time": "12:40 Четная",
        "discipline": "лек МАТЕРИАЛОВ-Е И ТКМ",
        "classroom": "474; ",
        "lecturer": "Воробьева Г.А."
    },
    {
        "day": "Пятница",
        "week_code": "1",
        "time": "14:55 Нечетная",
        "discipline": "лек ФИЗИКА",
        "classroom": "327*; ",
        "lecturer": "Федоров Д.Л."
    },
    {
        "day": "Пятница",
        "week_code": "2",
        "time": "14:55 Четная",
        "discipline": "лек ФИЗИКА",
        "classroom": "327*; ",
        "lecturer": "Федоров Д.Л."
    },
    {
        "day": "Пятница",
        "week_code": "1",
        "time": "16:45 Нечетная",
        "discipline": "пр ФИЗИКА",
        "classroom": "434*; ",
        "lecturer": null
    },
    {
        "day": "Пятница",
        "week_code": "2",
        "time": "16:45 Четная",
        "discipline": "лаб ФИЗИКА",
        "classroom": "323*; ",
        "lecturer": null
    }
]