[
    {
        "day": "Понедельник",
        "week_code": "2",
        "time": "9:00 Четная",
        "discipline": "лек УПР.ПР.РИСКАМИ",
        "classroom": "324; ",
        "lecturer": "Борейшо А.С."
    },
    {
        "day": "Понедельник",
        "week_code": "1",
        "time": "10:50 Нечетная",
        "discipline": "лек ЛИДАРН.СИСТ.",
        "classroom": "280; ",
        "lecturer": "Савин А.В."
    },
    {
        "day": "Понедельник",
        "week_code": "2",
        "time": "10:50 Четная",
        "discipline": "лек ЛИДАРН.СИСТ.",
        "classroom": "280; ",
        "lecturer": "Савин А.В."
    },
    {
        "day": "Понедельник",
        "week_code": "1",
        "time": "12:40 Нечетная",
        "discipline": "пр УПР.ПР.РИСКАМИ",
        "classroom": "280; ",
        "lecturer": "Губарев А.Д."
    },
    {
        "day": "Понедельник",
        "week_code": "2",
        "time": "12:40 Четная",
        "discipline": "пр УПР.ПР.РИСКАМИ",
        "classroom": "280; ",
        "lecturer": "Губарев А.Д."
    },
    {
        "day": "Понедельник",
        "week_code": "1",
        "time": "14:55 Нечетная",
        "discipline": "пр ВЫСШ. МАТ. В НИ",
        "classroom": "451; ",
        "lecturer": "Нуднер И.С."
    },
    {
        "day": "Понедельник",
        "week_code": "2",
        "time": "14:55 Четная",
        "discipline": "пр ЛИДАРН.СИСТ.",
        "classroom": "280; ",
        "lecturer": "Савин А.В."
    },
    {
        "day": "Понедельник",
        "week_code": "1",
        "time": "16:45 Нечетная",
        "discipline": "лек ВЫСШ. МАТ. В НИ",
        "classroom": "450; ",
        "lecturer": "Нуднер И.С."
    },
    {
        "day": "Понедельник",
        "week_code": "2",
        "time": "16:45 Четная",
        "discipline": "лек ВЫСШ. МАТ. В НИ",
        "classroom": "450; ",
        "lecturer": "Нуднер И.С."
    },
    {
        "day": "Вторник",
        "week_code": "1",
        "time": "10:50 Нечетная",
        "discipline": "пр ПРОЕКТ-КОНСТР ПРАКТИКА",
        "classroom": null,
        "lecturer": null
    },
    {
        "day": "Вторник",
        "week_code": "1",
        "time": "12:40 Нечетная",
        "discipline": "лаб НИР",
        "classroom": null,
        "lecturer": null
    },
    {
        "day": "Четверг",
        "week_code": "1",
        "time": "14:55 Нечетная",
        "discipline": "лаб ПРАКТ.ПО КОМП.МОДЕЛИР.",
        "classroom": "219а; ",
        "lecturer": "Киселев И.А."
    },
    {
        "day": "Четверг",
        "week_code": "2",
        "time": "14:55 Четная",
        "discipline": "лаб ПРАКТ.ПО КОМП.МОДЕЛИР.",
        "classroom": "219а; ",
        "lecturer": "Киселев И.А."
    },
    {
        "day": "Четверг",
        "week_code": "1",
        "time": "16:45 Нечетная",
        "discipline": "лек УПР.ПРОЕКТАМИ",
        "classroom": "429*; ",
        "lecturer": "Шехова Н.В."
    },
    {
        "day": "Четверг",
        "week_code": "2",
        "time": "16:45 Четная",
        "discipline": "лек МЕТ. НАУЧ. ИССЛЕД",
        "classroom": "526*; ",
        "lecturer": "Дрозд А.Л."
    },
    {
        "day": "Четверг",
        "week_code": "1",
        "time": "18:30 Нечетная",
        "discipline": "пр УПР.ПРОЕКТАМИ",
        "classroom": "507*а; ",
        "lecturer": "Бурмакин В.М."
    },
    {
        "day": "Пятница",
        "week_code": "1",
        "time": "16:45 Нечетная",
        "discipline": "пр ИН. ЯЗ.",
        "classroom": "309*; ",
        "lecturer": "Шамова Д.М."
    },
    {
        "day": "Пятница",
        "week_code": "2",
        "time": "16:45 Четная",
        "discipline": "пр ИН. ЯЗ.",
        "classroom": "309*; ",
        "lecturer": "Шамова Д.М."
    },
    {
        "day": "Пятница",
        "week_code": "1",
        "time": "18:30 Нечетная",
        "discipline": "пр МЕТ. НАУЧ. ИССЛЕД",
        "classroom": "422*; ",
        "lecturer": "Дрозд А.Л."
    }
]