[
    {
        "day": 2,
        "week_code": 1,
        "time": "9:00 Нечетная",
        "discipline": "пр ЦИФР.ОБРАБ.СИГН",
        "classroom": "423; ",
        "lecturer": "Стукалова А.С."
    },
    {
        "day": 2,
        "week_code": 2,
        "time": "9:00 Четная",
        "discipline": "пр ЦИФР.ОБРАБ.СИГН",
        "classroom": "423; ",
        "lecturer": "Стукалова А.С."
    },
    {
        "day": 2,
        "week_code": 1,
        "time": "10:50 Нечетная",
        "discipline": "лек РАДИОТЕХН. СИСТ",
        "classroom": "316; ",
        "lecturer": "Синицын В.А."
    },
    {
        "day": 2,
        "week_code": 2,
        "time": "10:50 Четная",
        "discipline": "лек РАДИОТЕХН. СИСТ",
        "classroom": "324; ",
        "lecturer": "Синицын В.А."
    },
    {
        "day": 2,
        "week_code": 1,
        "time": "12:40 Нечетная",
        "discipline": "лаб СОВР.ПРОБЛ.РАДИОЭЛ.",
        "classroom": "431; ",
        "lecturer": "Сырцев А.Н."
    },
    {
        "day": 3,
        "week_code": 1,
        "time": "12:40 Нечетная",
        "discipline": "пр НАДЕЖ. Р/С",
        "classroom": "425; ",
        "lecturer": "Крылова М.А."
    },
    {
        "day": 3,
        "week_code": 1,
        "time": "14:55 Нечетная",
        "discipline": "пр КОМП. ПР. И МОД",
        "classroom": "436; ",
        "lecturer": "Макеев И.А."
    },
    {
        "day": 3,
        "week_code": 2,
        "time": "14:55 Четная",
        "discipline": "пр КОМП. ПР. И МОД",
        "classroom": "436; ",
        "lecturer": "Макеев И.А."
    },
    {
        "day": 3,
        "week_code": 1,
        "time": "16:45 Нечетная",
        "discipline": "пр КОМП. ПР. И МОД",
        "classroom": "423; ",
        "lecturer": "Макеев И.А."
    },
    {
        "day": 3,
        "week_code": 2,
        "time": "16:45 Четная",
        "discipline": "пр СОВР.ПРОБЛ.РАДИОЭЛ.",
        "classroom": "434; ",
        "lecturer": "Сырцев А.Н."
    },
    {
        "day": 3,
        "week_code": 2,
        "time": "18:30 Четная",
        "discipline": "пр СОВР.ПРОБЛ.РАДИОЭЛ.",
        "classroom": "434; ",
        "lecturer": "Сырцев А.Н."
    },
    {
        "day": 4,
        "week_code": 1,
        "time": "12:40 Нечетная",
        "discipline": "лек КОМП. ПР. И МОД",
        "classroom": "315; ",
        "lecturer": "Петров Ю.В."
    },
    {
        "day": 4,
        "week_code": 1,
        "time": "14:55 Нечетная",
        "discipline": "лек ЦИФР.ОБРАБ.СИГН",
        "classroom": "324; ",
        "lecturer": "Стукалова А.С."
    },
    {
        "day": 4,
        "week_code": 2,
        "time": "14:55 Четная",
        "discipline": "лек ЦИФР.ОБРАБ.СИГН",
        "classroom": "324; ",
        "lecturer": "Стукалова А.С."
    },
    {
        "day": 5,
        "week_code": 1,
        "time": "10:50 Нечетная",
        "discipline": "лек НАДЕЖ. Р/С",
        "classroom": "316; ",
        "lecturer": "Крылова М.А."
    },
    {
        "day": 5,
        "week_code": 2,
        "time": "10:50 Четная",
        "discipline": "лек НАДЕЖ. Р/С",
        "classroom": "316; ",
        "lecturer": "Крылова М.А."
    },
    {
        "day": 5,
        "week_code": 1,
        "time": "12:40 Нечетная",
        "discipline": "лаб РАДИОТЕХН. СИСТ",
        "classroom": "423а; ",
        "lecturer": "Синицын В.А."
    },
    {
        "day": 5,
        "week_code": 1,
        "time": "14:55 Нечетная",
        "discipline": "пр РАДИОТЕХН. СИСТ",
        "classroom": "434; ",
        "lecturer": "Синицын В.А."
    }
]