[
    {
        "day": 1,
        "week_code": 1,
        "time": "14:55 Нечетная",
        "discipline": "лаб РАДИОТЕХН. СИСТ",
        "classroom": "436; ",
        "lecturer": "Синицын В.А."
    },
    {
        "day": 1,
        "week_code": 2,
        "time": "14:55 Четная",
        "discipline": "лек КОМП. ПР. И МОД",
        "classroom": "434; ",
        "lecturer": "Петров Ю.В."
    },
    {
        "day": 1,
        "week_code": 1,
        "time": "16:45 Нечетная",
        "discipline": "пр РАДИОТЕХН. СИСТ",
        "classroom": "436; ",
        "lecturer": "Синицын В.А."
    },
    {
        "day": 1,
        "week_code": 2,
        "time": "16:45 Четная",
        "discipline": "пр НАУЧ-ИССЛ. РАБОТА",
        "classroom": "423; ",
        "lecturer": "Крылова М.А."
    },
    {
        "day": 2,
        "week_code": 1,
        "time": "9:00 Нечетная",
        "discipline": "лаб ОСН. ИСК. ИНТЕЛЛ",
        "classroom": "277; ",
        "lecturer": "Куликов Д.Б."
    },
    {
        "day": 2,
        "week_code": 2,
        "time": "9:00 Четная",
        "discipline": "лаб ОСН. ИСК. ИНТЕЛЛ",
        "classroom": "277; ",
        "lecturer": "Куликов Д.Б."
    },
    {
        "day": 2,
        "week_code": 1,
        "time": "10:50 Нечетная",
        "discipline": "лек РАДИОТЕХН. СИСТ",
        "classroom": "316; ",
        "lecturer": "Синицын В.А."
    },
    {
        "day": 2,
        "week_code": 2,
        "time": "10:50 Четная",
        "discipline": "лек РАДИОТЕХН. СИСТ",
        "classroom": "324; ",
        "lecturer": "Синицын В.А."
    },
    {
        "day": 2,
        "week_code": 1,
        "time": "12:40 Нечетная",
        "discipline": "пр КОМП. ПР. И МОД",
        "classroom": "ВЦ 373; ",
        "lecturer": "Макеев И.А."
    },
    {
        "day": 2,
        "week_code": 2,
        "time": "12:40 Четная",
        "discipline": "пр КОМП. ПР. И МОД",
        "classroom": "ВЦ 373; ",
        "lecturer": "Макеев И.А."
    },
    {
        "day": 2,
        "week_code": 1,
        "time": "14:55 Нечетная",
        "discipline": "пр ЦИФР.ОБРАБ.СИГН",
        "classroom": "423; ",
        "lecturer": "Стукалова А.С."
    },
    {
        "day": 2,
        "week_code": 2,
        "time": "14:55 Четная",
        "discipline": "пр ЦИФР.ОБРАБ.СИГН",
        "classroom": "423; ",
        "lecturer": "Стукалова А.С."
    },
    {
        "day": 3,
        "week_code": 1,
        "time": "9:00 Нечетная",
        "discipline": "пр ДОП. ПОДГОТОВКА",
        "classroom": null,
        "lecturer": null
    },
    {
        "day": 3,
        "week_code": 2,
        "time": "9:00 Четная",
        "discipline": "пр ДОП. ПОДГОТОВКА",
        "classroom": null,
        "lecturer": null
    },
    {
        "day": 3,
        "week_code": 1,
        "time": "10:50 Нечетная",
        "discipline": "пр ДОП. ПОДГОТОВКА",
        "classroom": null,
        "lecturer": null
    },
    {
        "day": 3,
        "week_code": 2,
        "time": "10:50 Четная",
        "discipline": "пр ДОП. ПОДГОТОВКА",
        "classroom": null,
        "lecturer": null
    },
    {
        "day": 3,
        "week_code": 1,
        "time": "12:40 Нечетная",
        "discipline": "пр ДОП. ПОДГОТОВКА",
        "classroom": null,
        "lecturer": null
    },
    {
        "day": 3,
        "week_code": 2,
        "time": "12:40 Четная",
        "discipline": "пр ДОП. ПОДГОТОВКА",
        "classroom": null,
        "lecturer": null
    },
    {
        "day": 3,
        "week_code": 1,
        "time": "14:55 Нечетная",
        "discipline": "пр ДОП. ПОДГОТОВКА",
        "classroom": null,
        "lecturer": null
    },
    {
        "day": 3,
        "week_code": 2,
        "time": "14:55 Четная",
        "discipline": "пр ДОП. ПОДГОТОВКА",
        "classroom": null,
        "lecturer": null
    },
    {
        "day": 4,
        "week_code": 2,
        "time": "12:40 Четная",
        "discipline": "пр НАДЕЖ. Р/С",
        "classroom": "423; ",
        "lecturer": "Крылова М.А."
    },
    {
        "day": 4,
        "week_code": 1,
        "time": "14:55 Нечетная",
        "discipline": "лек ЦИФР.ОБРАБ.СИГН",
        "classroom": "324; ",
        "lecturer": "Стукалова А.С."
    },
    {
        "day": 4,
        "week_code": 2,
        "time": "14:55 Четная",
        "discipline": "лек ЦИФР.ОБРАБ.СИГН",
        "classroom": "324; ",
        "lecturer": "Стукалова А.С."
    },
    {
        "day": 4,
        "week_code": 1,
        "time": "16:45 Нечетная",
        "discipline": "лек ОСН. ИСК. ИНТЕЛЛ",
        "classroom": "310; ",
        "lecturer": "Толмачев С.Г."
    },
    {
        "day": 4,
        "week_code": 2,
        "time": "16:45 Четная",
        "discipline": "лек ОСН. ИСК. ИНТЕЛЛ",
        "classroom": "310; ",
        "lecturer": "Толмачев С.Г."
    },
    {
        "day": 4,
        "week_code": 1,
        "time": "18:30 Нечетная",
        "discipline": "лек ПРОГР.ОБЕС.СРВ",
        "classroom": "315; ",
        "lecturer": "Карасев А.А."
    },
    {
        "day": 4,
        "week_code": 2,
        "time": "18:30 Четная",
        "discipline": "лек ПРОГР.ОБЕС.СРВ",
        "classroom": "315; ",
        "lecturer": "Карасев А.А."
    },
    {
        "day": 5,
        "week_code": 1,
        "time": "10:50 Нечетная",
        "discipline": "лек НАДЕЖ. Р/С",
        "classroom": "316; ",
        "lecturer": "Крылова М.А."
    },
    {
        "day": 5,
        "week_code": 2,
        "time": "10:50 Четная",
        "discipline": "лек НАДЕЖ. Р/С",
        "classroom": "316; ",
        "lecturer": "Крылова М.А."
    },
    {
        "day": 5,
        "week_code": 1,
        "time": "12:40 Нечетная",
        "discipline": "пр ПРОГР.ОБЕС.СРВ",
        "classroom": "277; ",
        "lecturer": "Костин И.Д."
    },
    {
        "day": 5,
        "week_code": 2,
        "time": "12:40 Четная",
        "discipline": "пр ПРОГР.ОБЕС.СРВ",
        "classroom": "277; ",
        "lecturer": "Костин И.Д."
    }
]