[
    {
        "day": 1,
        "week_code": 1,
        "time": "9:00 Нечетная",
        "discipline": "лек УСТР.ФОРМ.СИГН",
        "classroom": "316; ",
        "lecturer": "Кочин Л.Б."
    },
    {
        "day": 1,
        "week_code": 2,
        "time": "9:00 Четная",
        "discipline": "лек УСТР.ФОРМ.СИГН",
        "classroom": "316; ",
        "lecturer": "Кочин Л.Б."
    },
    {
        "day": 1,
        "week_code": 1,
        "time": "10:50 Нечетная",
        "discipline": "пр РАД-АВТОМАТИКА",
        "classroom": "259; ",
        "lecturer": "Захаров А.Ю."
    },
    {
        "day": 1,
        "week_code": 2,
        "time": "10:50 Четная",
        "discipline": "лаб УСТР.СВЧ И АНТ",
        "classroom": "428; ",
        "lecturer": "Флёров А.Н."
    },
    {
        "day": 1,
        "week_code": 1,
        "time": "12:40 Нечетная",
        "discipline": "пр УСТР.ФОРМ.СИГН",
        "classroom": "434; ",
        "lecturer": "Кочин Л.Б."
    },
    {
        "day": 2,
        "week_code": 1,
        "time": "10:50 Нечетная",
        "discipline": "лек МИКРОПР. УСТР-ВА",
        "classroom": "315; ",
        "lecturer": "Сотникова Н.В."
    },
    {
        "day": 2,
        "week_code": 2,
        "time": "10:50 Четная",
        "discipline": "лек МИКРОПР. УСТР-ВА",
        "classroom": "315; ",
        "lecturer": "Сотникова Н.В."
    },
    {
        "day": 2,
        "week_code": 1,
        "time": "12:40 Нечетная",
        "discipline": "лек МЕТР,СТ.И УПР.КАЧ",
        "classroom": "372; ",
        "lecturer": "Каламитцев А.О."
    },
    {
        "day": 2,
        "week_code": 2,
        "time": "12:40 Четная",
        "discipline": "лек МЕТР,СТ.И УПР.КАЧ",
        "classroom": "372; ",
        "lecturer": "Каламитцев А.О."
    },
    {
        "day": 2,
        "week_code": 1,
        "time": "14:55 Нечетная",
        "discipline": "лек МАТ.СТАТИСТ.И СП",
        "classroom": "493; ",
        "lecturer": "Мартынова Т.Е."
    },
    {
        "day": 2,
        "week_code": 2,
        "time": "14:55 Четная",
        "discipline": "лек МАТ.СТАТИСТ.И СП",
        "classroom": "493; ",
        "lecturer": "Мартынова Т.Е."
    },
    {
        "day": 2,
        "week_code": 1,
        "time": "16:45 Нечетная",
        "discipline": "лаб БЖД",
        "classroom": "384б; ",
        "lecturer": "Васильева В.К."
    },
    {
        "day": 2,
        "week_code": 2,
        "time": "16:45 Четная",
        "discipline": "пр БЖД",
        "classroom": "486; ",
        "lecturer": "Кудаев А.В."
    },
    {
        "day": 3,
        "week_code": 1,
        "time": "9:00 Нечетная",
        "discipline": "лек РАД-АВТОМАТИКА",
        "classroom": "315; ",
        "lecturer": "Захаров А.Ю."
    },
    {
        "day": 3,
        "week_code": 2,
        "time": "9:00 Четная",
        "discipline": "лек РАД-АВТОМАТИКА",
        "classroom": "315; ",
        "lecturer": "Захаров А.Ю."
    },
    {
        "day": 3,
        "week_code": 1,
        "time": "10:50 Нечетная",
        "discipline": "лек УСТР.СВЧ И АНТ",
        "classroom": "316; ",
        "lecturer": "Флёрова А.А."
    },
    {
        "day": 3,
        "week_code": 2,
        "time": "10:50 Четная",
        "discipline": "лек УСТР.СВЧ И АНТ",
        "classroom": "316; ",
        "lecturer": "Флёрова А.А."
    },
    {
        "day": 3,
        "week_code": 2,
        "time": "12:40 Четная",
        "discipline": "лаб РАД-АВТОМАТИКА",
        "classroom": "278; ",
        "lecturer": "Кострыгин Д.Г."
    },
    {
        "day": 4,
        "week_code": 1,
        "time": "10:50 Нечетная",
        "discipline": "пр МЕТР,СТ.И УПР.КАЧ",
        "classroom": "372; ",
        "lecturer": "Кедрова Е.И."
    },
    {
        "day": 4,
        "week_code": 2,
        "time": "10:50 Четная",
        "discipline": "пр МАТ.СТАТИСТ.И СП",
        "classroom": "ВЦ 280; ",
        "lecturer": "Чернусь П.П."
    },
    {
        "day": 4,
        "week_code": 1,
        "time": "12:40 Нечетная",
        "discipline": "пр УСТР.СВЧ И АНТ",
        "classroom": "431; ",
        "lecturer": "Флёрова А.А."
    },
    {
        "day": 4,
        "week_code": 2,
        "time": "12:40 Четная",
        "discipline": "пр УСТР.СВЧ И АНТ",
        "classroom": "431; ",
        "lecturer": "Флёрова А.А."
    },
    {
        "day": 4,
        "week_code": 1,
        "time": "14:55 Нечетная",
        "discipline": "пр МИКРОПР. УСТР-ВА",
        "classroom": "436; ",
        "lecturer": "Пономарев С.Д."
    },
    {
        "day": 4,
        "week_code": 2,
        "time": "14:55 Четная",
        "discipline": "пр МИКРОПР. УСТР-ВА",
        "classroom": "436; ",
        "lecturer": "Пономарев С.Д."
    },
    {
        "day": 4,
        "week_code": 2,
        "time": "16:45 Четная",
        "discipline": "лаб ИЗМ.ИНФ.СИСТЕМЫ",
        "classroom": "430; ",
        "lecturer": "Коноплёв Ю.В."
    },
    {
        "day": 5,
        "week_code": 1,
        "time": "10:50 Нечетная",
        "discipline": "лек БЖД",
        "classroom": "315; ",
        "lecturer": "Кудаев А.В."
    },
    {
        "day": 5,
        "week_code": 2,
        "time": "10:50 Четная",
        "discipline": "лек БЖД",
        "classroom": "315; ",
        "lecturer": "Кудаев А.В."
    },
    {
        "day": 5,
        "week_code": 1,
        "time": "12:40 Нечетная",
        "discipline": "лек ИЗМ.ИНФ.СИСТЕМЫ",
        "classroom": "316; ",
        "lecturer": "Певишев С.А."
    },
    {
        "day": 5,
        "week_code": 2,
        "time": "12:40 Четная",
        "discipline": "лек ИЗМ.ИНФ.СИСТЕМЫ",
        "classroom": "316; ",
        "lecturer": "Певишев С.А."
    },
    {
        "day": 5,
        "week_code": 1,
        "time": "14:55 Нечетная",
        "discipline": "пр ЭК ПО ФК И СПОРТУ",
        "classroom": null,
        "lecturer": null
    },
    {
        "day": 5,
        "week_code": 2,
        "time": "14:55 Четная",
        "discipline": "пр ЭК ПО ФК И СПОРТУ",
        "classroom": null,
        "lecturer": null
    },
    {
        "day": 5,
        "week_code": 1,
        "time": "16:45 Нечетная",
        "discipline": "пр ИЗМ.ИНФ.СИСТЕМЫ",
        "classroom": "425; ",
        "lecturer": "Певишев С.А."
    }
]