[
    {
        "day": "Понедельник",
        "week_code": "1",
        "time": "10:50 Нечетная",
        "discipline": "пр ТЕОР.УПРАВЛЕНИЯ",
        "classroom": "346; ",
        "lecturer": "Митин Ф.В."
    },
    {
        "day": "Понедельник",
        "week_code": "1",
        "time": "12:40 Нечетная",
        "discipline": "пр БЖД",
        "classroom": "477; ",
        "lecturer": "Кудаев А.В."
    },
    {
        "day": "Понедельник",
        "week_code": "2",
        "time": "12:40 Четная",
        "discipline": "лаб БЖД",
        "classroom": "384б; ",
        "lecturer": "Васильева В.К."
    },
    {
        "day": "Понедельник",
        "week_code": "1",
        "time": "14:55 Нечетная",
        "discipline": "лек МИКРОПР. УСТР-ВА",
        "classroom": "324; ",
        "lecturer": "Сотникова Н.В."
    },
    {
        "day": "Понедельник",
        "week_code": "2",
        "time": "14:55 Четная",
        "discipline": "лек МИКРОПР. УСТР-ВА",
        "classroom": "324; ",
        "lecturer": "Сотникова Н.В."
    },
    {
        "day": "Понедельник",
        "week_code": "1",
        "time": "16:45 Нечетная",
        "discipline": "пр МЕТ.КРОСС.ТРАНСЛ.",
        "classroom": "260*; ",
        "lecturer": "Шимкун В.В."
    },
    {
        "day": "Понедельник",
        "week_code": "2",
        "time": "16:45 Четная",
        "discipline": "пр МЕТ.КРОСС.ТРАНСЛ.",
        "classroom": "260*; ",
        "lecturer": "Шимкун В.В."
    },
    {
        "day": "Вторник",
        "week_code": "1",
        "time": "10:50 Нечетная",
        "discipline": "пр МИКРОПР. УСТР-ВА",
        "classroom": "423; ",
        "lecturer": "Пономарев С.Д."
    },
    {
        "day": "Вторник",
        "week_code": "2",
        "time": "10:50 Четная",
        "discipline": "пр МИКРОПР. УСТР-ВА",
        "classroom": "434; ",
        "lecturer": "Пономарев С.Д."
    },
    {
        "day": "Вторник",
        "week_code": "1",
        "time": "12:40 Нечетная",
        "discipline": "лек ТЕОР.УПРАВЛЕНИЯ",
        "classroom": "315; ",
        "lecturer": "Митин Ф.В."
    },
    {
        "day": "Вторник",
        "week_code": "2",
        "time": "12:40 Четная",
        "discipline": "лек ТЕОР.УПРАВЛЕНИЯ",
        "classroom": "315; ",
        "lecturer": "Митин Ф.В."
    },
    {
        "day": "Вторник",
        "week_code": "1",
        "time": "14:55 Нечетная",
        "discipline": "лек БЖД",
        "classroom": "314; ",
        "lecturer": "Кудаев А.В."
    },
    {
        "day": "Вторник",
        "week_code": "2",
        "time": "14:55 Четная",
        "discipline": "лек БЖД",
        "classroom": "314; ",
        "lecturer": "Кудаев А.В."
    },
    {
        "day": "Вторник",
        "week_code": "1",
        "time": "16:45 Нечетная",
        "discipline": "лек МЕТ.КРОСС.ТРАНСЛ.",
        "classroom": "313а; ",
        "lecturer": "Зимина Д.В."
    },
    {
        "day": "Среда",
        "week_code": "1",
        "time": "9:00 Нечетная",
        "discipline": "пр БАЗЫ ДАННЫХ",
        "classroom": "218*; ",
        "lecturer": "Мажайцев Е.А."
    },
    {
        "day": "Среда",
        "week_code": "2",
        "time": "9:00 Четная",
        "discipline": "пр БАЗЫ ДАННЫХ",
        "classroom": "218*; ",
        "lecturer": "Мажайцев Е.А."
    },
    {
        "day": "Среда",
        "week_code": "1",
        "time": "10:50 Нечетная",
        "discipline": "лек ПРЕДСТ.ЗНАН.В ИС",
        "classroom": "346; ",
        "lecturer": "Готин С.В."
    },
    {
        "day": "Среда",
        "week_code": "2",
        "time": "10:50 Четная",
        "discipline": "лек ПРЕДСТ.ЗНАН.В ИС",
        "classroom": "346; ",
        "lecturer": "Готин С.В."
    },
    {
        "day": "Среда",
        "week_code": "1",
        "time": "12:40 Нечетная",
        "discipline": "лаб ТЕОР.УПРАВЛЕНИЯ",
        "classroom": "277; ",
        "lecturer": "Кострыгин Д.Г."
    },
    {
        "day": "Среда",
        "week_code": "2",
        "time": "12:40 Четная",
        "discipline": "пр ИЗМ.ИНФ.СИСТЕМЫ",
        "classroom": "425; ",
        "lecturer": "Певишев С.А."
    },
    {
        "day": "Четверг",
        "week_code": "2",
        "time": "10:50 Четная",
        "discipline": "пр УСТР.ФОРМ.СИГН",
        "classroom": "434; ",
        "lecturer": "Кочин Л.Б."
    },
    {
        "day": "Четверг",
        "week_code": "1",
        "time": "12:40 Нечетная",
        "discipline": "пр ПРЕДСТ.ЗНАН.В ИС",
        "classroom": "278; ",
        "lecturer": "Рохлин Н.С."
    },
    {
        "day": "Четверг",
        "week_code": "2",
        "time": "12:40 Четная",
        "discipline": "пр ПРЕДСТ.ЗНАН.В ИС",
        "classroom": "278; ",
        "lecturer": "Рохлин Н.С."
    },
    {
        "day": "Четверг",
        "week_code": "1",
        "time": "14:55 Нечетная",
        "discipline": "лек УСТР.ФОРМ.СИГН",
        "classroom": "313а; ",
        "lecturer": "Кочин Л.Б."
    },
    {
        "day": "Четверг",
        "week_code": "2",
        "time": "14:55 Четная",
        "discipline": "лек УСТР.ФОРМ.СИГН",
        "classroom": "434; ",
        "lecturer": "Кочин Л.Б."
    },
    {
        "day": "Четверг",
        "week_code": "1",
        "time": "16:45 Нечетная",
        "discipline": "лек БАЗЫ ДАННЫХ",
        "classroom": "313а; ",
        "lecturer": "Верхолат А.М."
    },
    {
        "day": "Четверг",
        "week_code": "2",
        "time": "16:45 Четная",
        "discipline": "лек БАЗЫ ДАННЫХ",
        "classroom": "313а; ",
        "lecturer": "Верхолат А.М."
    },
    {
        "day": "Пятница",
        "week_code": "1",
        "time": "9:00 Нечетная",
        "discipline": "лаб ИЗМ.ИНФ.СИСТЕМЫ",
        "classroom": "430; ",
        "lecturer": "Коноплёв Ю.В."
    },
    {
        "day": "Пятница",
        "week_code": "1",
        "time": "10:50 Нечетная",
        "discipline": "лек ИЗМ.ИНФ.СИСТЕМЫ",
        "classroom": "434; ",
        "lecturer": "Певишев С.А."
    },
    {
        "day": "Пятница",
        "week_code": "2",
        "time": "10:50 Четная",
        "discipline": "лек ИЗМ.ИНФ.СИСТЕМЫ",
        "classroom": "434; ",
        "lecturer": "Певишев С.А."
    }
]