[
    {
        "day": 1,
        "week_code": 1,
        "time": "10:50 Нечетная",
        "discipline": "лек ИСТОРИЯ",
        "classroom": "492; ",
        "lecturer": "Савинов М.А."
    },
    {
        "day": 1,
        "week_code": 2,
        "time": "10:50 Четная",
        "discipline": "лек ИСТОРИЯ",
        "classroom": "492; ",
        "lecturer": "Савинов М.А."
    },
    {
        "day": 1,
        "week_code": 1,
        "time": "12:40 Нечетная",
        "discipline": "пр ЭК ПО ФК И СПОРТУ",
        "classroom": null,
        "lecturer": null
    },
    {
        "day": 1,
        "week_code": 2,
        "time": "12:40 Четная",
        "discipline": "пр ЭК ПО ФК И СПОРТУ",
        "classroom": null,
        "lecturer": null
    },
    {
        "day": 1,
        "week_code": 1,
        "time": "14:55 Нечетная",
        "discipline": "лек Д.МАТ.И МАТ.ЛОГ",
        "classroom": "477; ",
        "lecturer": "Щеглова А.В."
    },
    {
        "day": 1,
        "week_code": 2,
        "time": "14:55 Четная",
        "discipline": "лек Д.МАТ.И МАТ.ЛОГ",
        "classroom": "477; ",
        "lecturer": "Щеглова А.В."
    },
    {
        "day": 2,
        "week_code": 1,
        "time": "9:00 Нечетная",
        "discipline": "пр ИНФ.ТЕХН. И ПРОГР.",
        "classroom": "257*; ",
        "lecturer": "Першин Д.В."
    },
    {
        "day": 2,
        "week_code": 2,
        "time": "9:00 Четная",
        "discipline": "пр ИНФ.ТЕХН. И ПРОГР.",
        "classroom": "256*; ",
        "lecturer": "Першин Д.В."
    },
    {
        "day": 2,
        "week_code": 1,
        "time": "10:50 Нечетная",
        "discipline": "пр Д.МАТ.И МАТ.ЛОГ",
        "classroom": "214*; ",
        "lecturer": "Щеглова А.В."
    },
    {
        "day": 2,
        "week_code": 2,
        "time": "10:50 Четная",
        "discipline": "пр Д.МАТ.И МАТ.ЛОГ",
        "classroom": "214*; ",
        "lecturer": "Щеглова А.В."
    },
    {
        "day": 2,
        "week_code": 1,
        "time": "12:40 Нечетная",
        "discipline": "лек ФИЗИКА",
        "classroom": "434*; ",
        "lecturer": "Арешкин А.Г."
    },
    {
        "day": 2,
        "week_code": 2,
        "time": "12:40 Четная",
        "discipline": "лек ФИЗИКА",
        "classroom": "436*; ",
        "lecturer": "Арешкин А.Г."
    },
    {
        "day": 2,
        "week_code": 1,
        "time": "14:55 Нечетная",
        "discipline": "лек ИНФ.ТЕХН. И ПРОГР.",
        "classroom": "313а; ",
        "lecturer": "Вальштейн К.В."
    },
    {
        "day": 2,
        "week_code": 2,
        "time": "14:55 Четная",
        "discipline": "лек ИНФ.ТЕХН. И ПРОГР.",
        "classroom": "313а; ",
        "lecturer": "Вальштейн К.В."
    },
    {
        "day": 3,
        "week_code": 1,
        "time": "9:00 Нечетная",
        "discipline": "лек ФИЛОСОФИЯ",
        "classroom": "403*; ",
        "lecturer": "Вересова А.А."
    },
    {
        "day": 3,
        "week_code": 1,
        "time": "10:50 Нечетная",
        "discipline": "лек ВЫСШ. МАТЕМАТ",
        "classroom": "420*; ",
        "lecturer": "Гарынина С.В."
    },
    {
        "day": 3,
        "week_code": 2,
        "time": "10:50 Четная",
        "discipline": "лек ВЫСШ. МАТЕМАТ",
        "classroom": "420*; ",
        "lecturer": "Гарынина С.В."
    },
    {
        "day": 3,
        "week_code": 1,
        "time": "12:40 Нечетная",
        "discipline": "пр ЭК ПО ФК И СПОРТУ",
        "classroom": null,
        "lecturer": null
    },
    {
        "day": 3,
        "week_code": 2,
        "time": "12:40 Четная",
        "discipline": "пр ЭК ПО ФК И СПОРТУ",
        "classroom": null,
        "lecturer": null
    },
    {
        "day": 3,
        "week_code": 1,
        "time": "14:55 Нечетная",
        "discipline": "пр ВЫСШ. МАТЕМАТ",
        "classroom": "434*; ",
        "lecturer": "Олейникова Ю.В."
    },
    {
        "day": 3,
        "week_code": 2,
        "time": "14:55 Четная",
        "discipline": "пр ВЫСШ. МАТЕМАТ",
        "classroom": "436*; ",
        "lecturer": "Олейникова Ю.В."
    },
    {
        "day": 4,
        "week_code": 1,
        "time": "12:40 Нечетная",
        "discipline": "пр ФИЗИКА",
        "classroom": "434*; ",
        "lecturer": null
    },
    {
        "day": 4,
        "week_code": 1,
        "time": "14:55 Нечетная",
        "discipline": "пр ИСТОРИЯ",
        "classroom": "420*; ",
        "lecturer": "Савинов М.А."
    },
    {
        "day": 4,
        "week_code": 2,
        "time": "14:55 Четная",
        "discipline": "пр ИСТОРИЯ",
        "classroom": "434*; ",
        "lecturer": "Савинов М.А."
    },
    {
        "day": 4,
        "week_code": 1,
        "time": "16:45 Нечетная",
        "discipline": "пр ИН. ЯЗ.",
        "classroom": "313*; ",
        "lecturer": "Абсалямова И.А."
    },
    {
        "day": 4,
        "week_code": 2,
        "time": "16:45 Четная",
        "discipline": "пр ИН. ЯЗ.",
        "classroom": "313*; ",
        "lecturer": "Абсалямова И.А."
    },
    {
        "day": 5,
        "week_code": 2,
        "time": "9:00 Четная",
        "discipline": "пр СТРУК.И ОРГ.ДАНН",
        "classroom": "218*; ",
        "lecturer": "Першин Д.В."
    },
    {
        "day": 5,
        "week_code": 1,
        "time": "10:50 Нечетная",
        "discipline": "лаб ФИЗИКА",
        "classroom": "323*; ",
        "lecturer": null
    },
    {
        "day": 5,
        "week_code": 2,
        "time": "10:50 Четная",
        "discipline": "пр ФИЛОСОФИЯ",
        "classroom": "430*; ",
        "lecturer": "Вересова А.А."
    },
    {
        "day": 5,
        "week_code": 1,
        "time": "12:40 Нечетная",
        "discipline": "лек СТРУК.И ОРГ.ДАНН",
        "classroom": "526*; ",
        "lecturer": "Першин Д.В."
    },
    {
        "day": 5,
        "week_code": 2,
        "time": "12:40 Четная",
        "discipline": "лек СТРУК.И ОРГ.ДАНН",
        "classroom": "526*; ",
        "lecturer": "Першин Д.В."
    }
]