[
    {
        "day": 1,
        "week_code": 2,
        "time": "14:55 Четная",
        "discipline": "пр ОСН.ТЕОР.КОД.",
        "classroom": "436; ",
        "lecturer": "Стукалова А.С."
    },
    {
        "day": 1,
        "week_code": 1,
        "time": "16:45 Нечетная",
        "discipline": "лек ВЫСШ. МАТ. В НИ",
        "classroom": "450; ",
        "lecturer": "Нуднер И.С."
    },
    {
        "day": 1,
        "week_code": 2,
        "time": "16:45 Четная",
        "discipline": "лек ВЫСШ. МАТ. В НИ",
        "classroom": "450; ",
        "lecturer": "Нуднер И.С."
    },
    {
        "day": 2,
        "week_code": 1,
        "time": "16:45 Нечетная",
        "discipline": "лек ОСН.ТЕОР.КОД.",
        "classroom": "436; ",
        "lecturer": "Стукалова А.С."
    },
    {
        "day": 2,
        "week_code": 2,
        "time": "16:45 Четная",
        "discipline": "пр ОСН.ТЕОР.КОД.",
        "classroom": "423; ",
        "lecturer": "Стукалова А.С."
    },
    {
        "day": 2,
        "week_code": 1,
        "time": "18:30 Нечетная",
        "discipline": "лек ПРОЕКТИРОВ. РЭС",
        "classroom": "425; ",
        "lecturer": "Безруков А.В."
    },
    {
        "day": 2,
        "week_code": 2,
        "time": "18:30 Четная",
        "discipline": "лек ПРОЕКТИРОВ. РЭС",
        "classroom": "436; ",
        "lecturer": "Безруков А.В."
    },
    {
        "day": 2,
        "week_code": 2,
        "time": "20:05 Четная",
        "discipline": "пр ПРОЕКТИРОВ. РЭС",
        "classroom": "436; ",
        "lecturer": "Безруков А.В."
    },
    {
        "day": 3,
        "week_code": 2,
        "time": "12:40 Четная",
        "discipline": "пр УПР.ПРОЕКТАМИ",
        "classroom": "402*; ",
        "lecturer": "Бурмакин В.М."
    },
    {
        "day": 4,
        "week_code": 1,
        "time": "16:45 Нечетная",
        "discipline": "лек УПР.ПРОЕКТАМИ",
        "classroom": "429*; ",
        "lecturer": "Шехова Н.В."
    },
    {
        "day": 4,
        "week_code": 2,
        "time": "16:45 Четная",
        "discipline": "лек МЕТ. НАУЧ. ИССЛЕД",
        "classroom": "526*; ",
        "lecturer": "Дрозд А.Л."
    },
    {
        "day": 4,
        "week_code": 1,
        "time": "18:30 Нечетная",
        "discipline": "лек РС ПЕРЕДАЧИ ИНФ",
        "classroom": "310; ",
        "lecturer": "Верещагин А.В."
    },
    {
        "day": 4,
        "week_code": 2,
        "time": "18:30 Четная",
        "discipline": "лек РС ПЕРЕДАЧИ ИНФ",
        "classroom": "310; ",
        "lecturer": "Верещагин А.В."
    },
    {
        "day": 4,
        "week_code": 1,
        "time": "20:05 Нечетная",
        "discipline": "пр РС ПЕРЕДАЧИ ИНФ",
        "classroom": "436; ",
        "lecturer": "Верещагин А.В."
    },
    {
        "day": 4,
        "week_code": 2,
        "time": "20:05 Четная",
        "discipline": "лаб РС ПЕРЕДАЧИ ИНФ",
        "classroom": "423; ",
        "lecturer": "Верещагин А.В."
    },
    {
        "day": 5,
        "week_code": 1,
        "time": "14:55 Нечетная",
        "discipline": "пр ИН. ЯЗ.",
        "classroom": "311*; ",
        "lecturer": "Донченко К.В."
    },
    {
        "day": 5,
        "week_code": 2,
        "time": "14:55 Четная",
        "discipline": "пр ИН. ЯЗ.",
        "classroom": "311*; ",
        "lecturer": "Донченко К.В."
    },
    {
        "day": 5,
        "week_code": 2,
        "time": "16:45 Четная",
        "discipline": "пр ВЫСШ. МАТ. В НИ",
        "classroom": "213*; ",
        "lecturer": "Солдаткин А.В."
    },
    {
        "day": 5,
        "week_code": 2,
        "time": "18:30 Четная",
        "discipline": "пр МЕТ. НАУЧ. ИССЛЕД",
        "classroom": "430*; ",
        "lecturer": "Дрозд А.Л."
    }
]