[
    {
        "day": 1,
        "week_code": 1,
        "time": "14:55 Нечетная",
        "discipline": "пр МОД. АН. ПР. ПО",
        "classroom": "219*а; ",
        "lecturer": "Гладевич А.А."
    },
    {
        "day": 1,
        "week_code": 2,
        "time": "14:55 Четная",
        "discipline": "лек ЭКОН.ПРОГР.ИНЖ.",
        "classroom": "429*; ",
        "lecturer": "Арсеньев Б.П."
    },
    {
        "day": 1,
        "week_code": 1,
        "time": "16:45 Нечетная",
        "discipline": "пр МОД. АН. ПР. ПО",
        "classroom": "258*; ",
        "lecturer": "Гладевич А.А."
    },
    {
        "day": 2,
        "week_code": 1,
        "time": "16:45 Нечетная",
        "discipline": "лек СЕТЕВЫЕ ТЕХНОЛ",
        "classroom": "325*; ",
        "lecturer": "Князьков А.В."
    },
    {
        "day": 2,
        "week_code": 2,
        "time": "16:45 Четная",
        "discipline": "лек ПРОГР.ОБЕС.СРВ",
        "classroom": "315; ",
        "lecturer": "Романов С.Л."
    },
    {
        "day": 2,
        "week_code": 1,
        "time": "18:30 Нечетная",
        "discipline": "пр ЭКОН.ПРОГР.ИНЖ.",
        "classroom": "257*; ",
        "lecturer": "Арсеньев Б.П."
    },
    {
        "day": 2,
        "week_code": 2,
        "time": "18:30 Четная",
        "discipline": "пр ЭКОН.ПРОГР.ИНЖ.",
        "classroom": "257*; ",
        "lecturer": "Арсеньев Б.П."
    },
    {
        "day": 4,
        "week_code": 1,
        "time": "14:55 Нечетная",
        "discipline": "пр СЕТЕВЫЕ ТЕХНОЛ",
        "classroom": "216*; ",
        "lecturer": "Князьков А.В."
    },
    {
        "day": 4,
        "week_code": 2,
        "time": "14:55 Четная",
        "discipline": "пр СЕТЕВЫЕ ТЕХНОЛ",
        "classroom": "216*; ",
        "lecturer": "Князьков А.В."
    },
    {
        "day": 4,
        "week_code": 1,
        "time": "16:45 Нечетная",
        "discipline": "лек МОД. АН. ПР. ПО",
        "classroom": "315; ",
        "lecturer": "Вальштейн К.В."
    },
    {
        "day": 4,
        "week_code": 2,
        "time": "16:45 Четная",
        "discipline": "лек МОД. АН. ПР. ПО",
        "classroom": "315; ",
        "lecturer": "Вальштейн К.В."
    },
    {
        "day": 4,
        "week_code": 1,
        "time": "18:30 Нечетная",
        "discipline": "лек ОСН. ИСК. ИНТЕЛЛ",
        "classroom": "316; ",
        "lecturer": "Толмачев С.Г."
    },
    {
        "day": 4,
        "week_code": 2,
        "time": "18:30 Четная",
        "discipline": "лек ОСН. ИСК. ИНТЕЛЛ",
        "classroom": "316; ",
        "lecturer": "Толмачев С.Г."
    },
    {
        "day": 4,
        "week_code": 1,
        "time": "20:05 Нечетная",
        "discipline": "пр ТЕХНОЛ.ПРАКТИКА",
        "classroom": "257*; ",
        "lecturer": "Добросельский М.А."
    },
    {
        "day": 4,
        "week_code": 2,
        "time": "20:05 Четная",
        "discipline": "пр ТЕХНОЛ.ПРАКТИКА",
        "classroom": "257*; ",
        "lecturer": "Добросельский М.А."
    },
    {
        "day": 5,
        "week_code": 1,
        "time": "18:30 Нечетная",
        "discipline": "пр ПРОГР.ОБЕС.СРВ",
        "classroom": "278; ",
        "lecturer": "Романов С.Л."
    },
    {
        "day": 5,
        "week_code": 2,
        "time": "18:30 Четная",
        "discipline": "пр ПРОГР.ОБЕС.СРВ",
        "classroom": "278; ",
        "lecturer": "Романов С.Л."
    },
    {
        "day": 5,
        "week_code": 1,
        "time": "20:05 Нечетная",
        "discipline": "лаб ОСН. ИСК. ИНТЕЛЛ",
        "classroom": "278; ",
        "lecturer": "Фадеева Ю.В."
    },
    {
        "day": 5,
        "week_code": 2,
        "time": "20:05 Четная",
        "discipline": "лаб ОСН. ИСК. ИНТЕЛЛ",
        "classroom": "278; ",
        "lecturer": "Фадеева Ю.В."
    }
]