[
    {
        "day": 1,
        "week_code": 1,
        "time": "9:00 Нечетная",
        "discipline": "пр РАСП, РАЗВ, СОПР ПО",
        "classroom": "257*; ",
        "lecturer": "Мажайцев Е.А."
    },
    {
        "day": 1,
        "week_code": 2,
        "time": "9:00 Четная",
        "discipline": "пр РАСП, РАЗВ, СОПР ПО",
        "classroom": "257*; ",
        "lecturer": "Мажайцев Е.А."
    },
    {
        "day": 1,
        "week_code": 1,
        "time": "10:50 Нечетная",
        "discipline": "пр МОД. АН. ПР. ПО",
        "classroom": "258*; ",
        "lecturer": "Гладевич А.А."
    },
    {
        "day": 1,
        "week_code": 2,
        "time": "10:50 Четная",
        "discipline": "пр МОД. АН. ПР. ПО",
        "classroom": "258*; ",
        "lecturer": "Гладевич А.А."
    },
    {
        "day": 2,
        "week_code": 1,
        "time": "16:45 Нечетная",
        "discipline": "пр ТЕХНОЛ.ПРАКТИКА",
        "classroom": "219*а; ",
        "lecturer": "Логунова Т.В."
    },
    {
        "day": 2,
        "week_code": 2,
        "time": "16:45 Четная",
        "discipline": "пр ТЕХНОЛ.ПРАКТИКА",
        "classroom": "219*а; ",
        "lecturer": "Логунова Т.В."
    },
    {
        "day": 2,
        "week_code": 1,
        "time": "18:30 Нечетная",
        "discipline": "лек РАСП, РАЗВ, СОПР ПО",
        "classroom": "310; ",
        "lecturer": "Дементьев И.И."
    },
    {
        "day": 3,
        "week_code": 1,
        "time": "9:00 Нечетная",
        "discipline": "пр ДОП. ПОДГОТОВКА",
        "classroom": null,
        "lecturer": null
    },
    {
        "day": 3,
        "week_code": 2,
        "time": "9:00 Четная",
        "discipline": "пр ДОП. ПОДГОТОВКА",
        "classroom": null,
        "lecturer": null
    },
    {
        "day": 3,
        "week_code": 1,
        "time": "10:50 Нечетная",
        "discipline": "пр ДОП. ПОДГОТОВКА",
        "classroom": null,
        "lecturer": null
    },
    {
        "day": 3,
        "week_code": 2,
        "time": "10:50 Четная",
        "discipline": "пр ДОП. ПОДГОТОВКА",
        "classroom": null,
        "lecturer": null
    },
    {
        "day": 3,
        "week_code": 1,
        "time": "12:40 Нечетная",
        "discipline": "пр ДОП. ПОДГОТОВКА",
        "classroom": null,
        "lecturer": null
    },
    {
        "day": 3,
        "week_code": 2,
        "time": "12:40 Четная",
        "discipline": "пр ДОП. ПОДГОТОВКА",
        "classroom": null,
        "lecturer": null
    },
    {
        "day": 3,
        "week_code": 1,
        "time": "14:55 Нечетная",
        "discipline": "пр ДОП. ПОДГОТОВКА",
        "classroom": null,
        "lecturer": null
    },
    {
        "day": 3,
        "week_code": 2,
        "time": "14:55 Четная",
        "discipline": "пр ДОП. ПОДГОТОВКА",
        "classroom": null,
        "lecturer": null
    },
    {
        "day": 4,
        "week_code": 1,
        "time": "16:45 Нечетная",
        "discipline": "лек ЭКОН.ПРОГР.ИНЖ.",
        "classroom": "325*; ",
        "lecturer": "Арсеньев Б.П."
    },
    {
        "day": 4,
        "week_code": 2,
        "time": "16:45 Четная",
        "discipline": "лек СЕТЕВЫЕ ТЕХНОЛ",
        "classroom": "325*; ",
        "lecturer": "Князьков А.В."
    },
    {
        "day": 4,
        "week_code": 1,
        "time": "18:30 Нечетная",
        "discipline": "лек МОД. АН. ПР. ПО",
        "classroom": "325*; ",
        "lecturer": "Вальштейн К.В."
    },
    {
        "day": 4,
        "week_code": 2,
        "time": "18:30 Четная",
        "discipline": "лек МОД. АН. ПР. ПО",
        "classroom": "325*; ",
        "lecturer": "Вальштейн К.В."
    },
    {
        "day": 4,
        "week_code": 1,
        "time": "20:05 Нечетная",
        "discipline": "пр СЕТЕВЫЕ ТЕХНОЛ",
        "classroom": "216*; ",
        "lecturer": "Скобеев Ю.С."
    },
    {
        "day": 4,
        "week_code": 2,
        "time": "20:05 Четная",
        "discipline": "пр СЕТЕВЫЕ ТЕХНОЛ",
        "classroom": "216*; ",
        "lecturer": "Скобеев Ю.С."
    },
    {
        "day": 5,
        "week_code": 1,
        "time": "16:45 Нечетная",
        "discipline": "лек МОД.СИСТ.ПР.ЗНАН",
        "classroom": "374; ",
        "lecturer": "Вальштейн К.В."
    },
    {
        "day": 5,
        "week_code": 2,
        "time": "16:45 Четная",
        "discipline": "лек МОД.СИСТ.ПР.ЗНАН",
        "classroom": "374; ",
        "lecturer": "Вальштейн К.В."
    },
    {
        "day": 5,
        "week_code": 1,
        "time": "18:30 Нечетная",
        "discipline": "пр ЭКОН.ПРОГР.ИНЖ.",
        "classroom": "257*; ",
        "lecturer": "Едигарева Ю.О."
    },
    {
        "day": 5,
        "week_code": 2,
        "time": "18:30 Четная",
        "discipline": "пр ЭКОН.ПРОГР.ИНЖ.",
        "classroom": "257*; ",
        "lecturer": "Едигарева Ю.О."
    },
    {
        "day": 5,
        "week_code": 1,
        "time": "20:05 Нечетная",
        "discipline": "лаб МОД.СИСТ.ПР.ЗНАН",
        "classroom": "218*; ",
        "lecturer": "Баулин Д.А."
    },
    {
        "day": 5,
        "week_code": 2,
        "time": "20:05 Четная",
        "discipline": "лаб МОД.СИСТ.ПР.ЗНАН",
        "classroom": "218*; ",
        "lecturer": "Баулин Д.А."
    }
]