[
    {
        "day": 1,
        "week_code": 1,
        "time": "16:45 Нечетная",
        "discipline": "лек МОД. АН. ПР. ПО",
        "classroom": "252*; ",
        "lecturer": "Вальштейн К.В."
    },
    {
        "day": 1,
        "week_code": 2,
        "time": "16:45 Четная",
        "discipline": "лек МОД. АН. ПР. ПО",
        "classroom": "252*; ",
        "lecturer": "Вальштейн К.В."
    },
    {
        "day": 1,
        "week_code": 1,
        "time": "18:30 Нечетная",
        "discipline": "пр ТЕХНОЛ.ПРАКТИКА",
        "classroom": "257*; ",
        "lecturer": "Щербакова Л.В."
    },
    {
        "day": 1,
        "week_code": 2,
        "time": "18:30 Четная",
        "discipline": "пр ТЕХНОЛ.ПРАКТИКА",
        "classroom": "258*; ",
        "lecturer": "Щербакова Л.В."
    },
    {
        "day": 2,
        "week_code": 1,
        "time": "18:30 Нечетная",
        "discipline": "пр РАСП, РАЗВ, СОПР ПО",
        "classroom": "219*а; ",
        "lecturer": "Мажайцев Е.А."
    },
    {
        "day": 2,
        "week_code": 2,
        "time": "18:30 Четная",
        "discipline": "пр РАСП, РАЗВ, СОПР ПО",
        "classroom": "219*а; ",
        "lecturer": "Мажайцев Е.А."
    },
    {
        "day": 2,
        "week_code": 1,
        "time": "20:05 Нечетная",
        "discipline": "пр МОД. АН. ПР. ПО",
        "classroom": "258*; ",
        "lecturer": "Гладевич А.А."
    },
    {
        "day": 2,
        "week_code": 2,
        "time": "20:05 Четная",
        "discipline": "пр МОД. АН. ПР. ПО",
        "classroom": "258*; ",
        "lecturer": "Гладевич А.А."
    },
    {
        "day": 3,
        "week_code": 1,
        "time": "16:45 Нечетная",
        "discipline": "пр ЭКОН.ПРОГР.ИНЖ.",
        "classroom": "219*а; ",
        "lecturer": "Арсеньев Б.П."
    },
    {
        "day": 3,
        "week_code": 2,
        "time": "16:45 Четная",
        "discipline": "пр ЭКОН.ПРОГР.ИНЖ.",
        "classroom": "216*; ",
        "lecturer": "Арсеньев Б.П."
    },
    {
        "day": 3,
        "week_code": 1,
        "time": "18:30 Нечетная",
        "discipline": "пр СЕТЕВЫЕ ТЕХНОЛ",
        "classroom": "216*; ",
        "lecturer": "Скобеев Ю.С."
    },
    {
        "day": 3,
        "week_code": 2,
        "time": "18:30 Четная",
        "discipline": "пр СЕТЕВЫЕ ТЕХНОЛ",
        "classroom": "219*а; ",
        "lecturer": "Скобеев Ю.С."
    },
    {
        "day": 4,
        "week_code": 1,
        "time": "14:55 Нечетная",
        "discipline": "лек ЭКОН.ПРОГР.ИНЖ.",
        "classroom": "252*; ",
        "lecturer": "Арсеньев Б.П."
    },
    {
        "day": 4,
        "week_code": 1,
        "time": "16:45 Нечетная",
        "discipline": "лек СЕТЕВЫЕ ТЕХНОЛ",
        "classroom": "252*; ",
        "lecturer": "Князьков А.В."
    },
    {
        "day": 4,
        "week_code": 1,
        "time": "18:30 Нечетная",
        "discipline": "лек РАСП, РАЗВ, СОПР ПО",
        "classroom": "526*; ",
        "lecturer": "Дементьев И.И."
    },
    {
        "day": 5,
        "week_code": 1,
        "time": "10:50 Нечетная",
        "discipline": "лаб МОД.СИСТ.ПР.ЗНАН",
        "classroom": "216*; ",
        "lecturer": "Устиновский Г.С."
    },
    {
        "day": 5,
        "week_code": 2,
        "time": "10:50 Четная",
        "discipline": "лаб МОД.СИСТ.ПР.ЗНАН",
        "classroom": "258*; ",
        "lecturer": "Устиновский Г.С."
    },
    {
        "day": 5,
        "week_code": 1,
        "time": "12:40 Нечетная",
        "discipline": "лек МОД.СИСТ.ПР.ЗНАН",
        "classroom": "252*; ",
        "lecturer": "Вальштейн К.В."
    },
    {
        "day": 5,
        "week_code": 2,
        "time": "12:40 Четная",
        "discipline": "лек МОД.СИСТ.ПР.ЗНАН",
        "classroom": "252*; ",
        "lecturer": "Вальштейн К.В."
    }
]