[
    {
        "day": 2,
        "week_code": 1,
        "time": "10:50 Нечетная",
        "discipline": "пр ПРОЕКТ.СИСТ.ПРИВ.",
        "classroom": "156* (Maxon); ",
        "lecturer": "Мельников Р.В."
    },
    {
        "day": 2,
        "week_code": 2,
        "time": "10:50 Четная",
        "discipline": "пр ПРОЕКТ.СИСТ.ПРИВ.",
        "classroom": "156* (Maxon); ",
        "lecturer": "Мельников Р.В."
    },
    {
        "day": 2,
        "week_code": 1,
        "time": "12:40 Нечетная",
        "discipline": "пр ИН. ЯЗ.",
        "classroom": "530*; ",
        "lecturer": "Мигунова О.В."
    },
    {
        "day": 2,
        "week_code": 2,
        "time": "12:40 Четная",
        "discipline": "пр ИН. ЯЗ.",
        "classroom": "530*; ",
        "lecturer": "Мигунова О.В."
    },
    {
        "day": 2,
        "week_code": 1,
        "time": "14:55 Нечетная",
        "discipline": "лек УПР.ПРОЕКТАМИ",
        "classroom": "526*; ",
        "lecturer": "Стешин А.И."
    },
    {
        "day": 2,
        "week_code": 1,
        "time": "16:45 Нечетная",
        "discipline": "пр УПР.ПРОЕКТАМИ",
        "classroom": "526*; ",
        "lecturer": "Стешин А.И."
    },
    {
        "day": 3,
        "week_code": 1,
        "time": "14:55 Нечетная",
        "discipline": "лек ЭМ И МЕХАТР.СИСТ",
        "classroom": "530*; ",
        "lecturer": "Чернусь Петр П."
    },
    {
        "day": 3,
        "week_code": 1,
        "time": "16:45 Нечетная",
        "discipline": "лаб ЭМ И МЕХАТР.СИСТ",
        "classroom": "411*; ",
        "lecturer": "Чернусь Петр П."
    },
    {
        "day": 3,
        "week_code": 2,
        "time": "16:45 Четная",
        "discipline": "лаб ЭМ И МЕХАТР.СИСТ",
        "classroom": "411*; ",
        "lecturer": "Чернусь Петр П."
    },
    {
        "day": 4,
        "week_code": 1,
        "time": "10:50 Нечетная",
        "discipline": "пр СОВРЕМ. МУ РТ",
        "classroom": "268*(фесто); ",
        "lecturer": "Жуков Ю.А."
    },
    {
        "day": 4,
        "week_code": 2,
        "time": "10:50 Четная",
        "discipline": "пр СОВРЕМ. МУ РТ",
        "classroom": "268*(фесто); ",
        "lecturer": "Жуков Ю.А."
    },
    {
        "day": 4,
        "week_code": 2,
        "time": "12:40 Четная",
        "discipline": "пр ИСТ,ФИЛ.И МЕТ.НАУК",
        "classroom": "526*; ",
        "lecturer": "Канатаев Д.В."
    },
    {
        "day": 4,
        "week_code": 2,
        "time": "14:55 Четная",
        "discipline": "лек ИСТ,ФИЛ.И МЕТ.НАУК",
        "classroom": "526*; ",
        "lecturer": "Канатаев Д.В."
    },
    {
        "day": 5,
        "week_code": 1,
        "time": "12:40 Нечетная",
        "discipline": "пр СОВРЕМ. МУ РТ",
        "classroom": "268*(фесто); ",
        "lecturer": "Жуков Ю.А."
    },
    {
        "day": 5,
        "week_code": 2,
        "time": "12:40 Четная",
        "discipline": "пр СОВРЕМ. МУ РТ",
        "classroom": "268*(фесто); ",
        "lecturer": "Жуков Ю.А."
    },
    {
        "day": 5,
        "week_code": 1,
        "time": "14:55 Нечетная",
        "discipline": "пр ПРОЕКТ.СИСТ.ПРИВ.",
        "classroom": "156* (Maxon); ",
        "lecturer": "Мельников Р.В."
    },
    {
        "day": 5,
        "week_code": 2,
        "time": "14:55 Четная",
        "discipline": "пр ПРОЕКТ.СИСТ.ПРИВ.",
        "classroom": "156* (Maxon); ",
        "lecturer": "Мельников Р.В."
    }
]