[
    {
        "day": "Понедельник",
        "week_code": "1",
        "time": "12:40 Нечетная",
        "discipline": "лек ОСН.МОБ.РОБ-КИ",
        "classroom": "267*(К.кл); ",
        "lecturer": "Слободзян Н.С."
    },
    {
        "day": "Понедельник",
        "week_code": "2",
        "time": "12:40 Четная",
        "discipline": "пр ПРОЕКТ.СИСТ.ПРИВ.",
        "classroom": "156* (Maxon); ",
        "lecturer": "Коротков Е.Б."
    },
    {
        "day": "Понедельник",
        "week_code": "1",
        "time": "14:55 Нечетная",
        "discipline": "пр ОСН.МОБ.РОБ-КИ",
        "classroom": "267*(К.кл); ",
        "lecturer": "Слободзян Н.С."
    },
    {
        "day": "Понедельник",
        "week_code": "2",
        "time": "14:55 Четная",
        "discipline": "пр ОСН.МОБ.РОБ-КИ",
        "classroom": "267*(К.кл); ",
        "lecturer": "Слободзян Н.С."
    },
    {
        "day": "Понедельник",
        "week_code": "1",
        "time": "16:45 Нечетная",
        "discipline": "лек ВЫСШ. МАТ. В НИ",
        "classroom": "450; ",
        "lecturer": "Нуднер И.С."
    },
    {
        "day": "Понедельник",
        "week_code": "2",
        "time": "16:45 Четная",
        "discipline": "лек ВЫСШ. МАТ. В НИ",
        "classroom": "450; ",
        "lecturer": "Нуднер И.С."
    },
    {
        "day": "Понедельник",
        "week_code": "1",
        "time": "18:30 Нечетная",
        "discipline": "пр ИН. ЯЗ.",
        "classroom": "309*; ",
        "lecturer": "Седых Л.В."
    },
    {
        "day": "Понедельник",
        "week_code": "2",
        "time": "18:30 Четная",
        "discipline": "пр ИН. ЯЗ.",
        "classroom": "309*; ",
        "lecturer": "Седых Л.В."
    },
    {
        "day": "Вторник",
        "week_code": "1",
        "time": "14:55 Нечетная",
        "discipline": "лек ПРОЕКТ.СИСТ.ПРИВ.",
        "classroom": "156* (Maxon); ",
        "lecturer": "Коротков Е.Б."
    },
    {
        "day": "Вторник",
        "week_code": "2",
        "time": "14:55 Четная",
        "discipline": "лек ПРОЕКТ.СИСТ.ПРИВ.",
        "classroom": "156* (Maxon); ",
        "lecturer": "Коротков Е.Б."
    },
    {
        "day": "Вторник",
        "week_code": "2",
        "time": "18:30 Четная",
        "discipline": "лек БЕЗОП. МЕХ.И МАШ",
        "classroom": "448; ",
        "lecturer": "Петров С.К."
    },
    {
        "day": "Вторник",
        "week_code": "2",
        "time": "20:05 Четная",
        "discipline": "пр БЕЗОП. МЕХ.И МАШ",
        "classroom": "488; ",
        "lecturer": "Петров С.К."
    },
    {
        "day": "Четверг",
        "week_code": "1",
        "time": "14:55 Нечетная",
        "discipline": "лек СОВ. ТЕОР. УПРАВ.",
        "classroom": "267*(К.кл); ",
        "lecturer": "Жуков Ю.А."
    },
    {
        "day": "Четверг",
        "week_code": "2",
        "time": "14:55 Четная",
        "discipline": "пр СОВ. ТЕОР. УПРАВ.",
        "classroom": "267*(К.кл); ",
        "lecturer": "Жуков Ю.А."
    },
    {
        "day": "Четверг",
        "week_code": "1",
        "time": "16:45 Нечетная",
        "discipline": "лек УПР.ПРОЕКТАМИ",
        "classroom": "429*; ",
        "lecturer": "Шехова Н.В."
    },
    {
        "day": "Четверг",
        "week_code": "2",
        "time": "16:45 Четная",
        "discipline": "лек МЕТ. НАУЧ. ИССЛЕД",
        "classroom": "526*; ",
        "lecturer": "Дрозд А.Л."
    },
    {
        "day": "Четверг",
        "week_code": "1",
        "time": "18:30 Нечетная",
        "discipline": "пр ВЫСШ. МАТ. В НИ",
        "classroom": "214*; ",
        "lecturer": "Солдаткин А.В."
    },
    {
        "day": "Пятница",
        "week_code": "1",
        "time": "16:45 Нечетная",
        "discipline": "пр УПР.ПРОЕКТАМИ",
        "classroom": "413*; ",
        "lecturer": "Бурмакин В.М."
    },
    {
        "day": "Пятница",
        "week_code": "1",
        "time": "18:30 Нечетная",
        "discipline": "пр МЕТ. НАУЧ. ИССЛЕД",
        "classroom": "422*; ",
        "lecturer": "Дрозд А.Л."
    }
]