[
    {
        "day": "Понедельник",
        "week_code": "1",
        "time": "14:55 Нечетная",
        "discipline": "лаб ГИДРОПНЕВМОАВТ",
        "classroom": "269*(фесто); ",
        "lecturer": "Морозов  М.В."
    },
    {
        "day": "Понедельник",
        "week_code": "2",
        "time": "14:55 Четная",
        "discipline": "лаб ГИДРОПНЕВМОАВТ",
        "classroom": "269*(фесто); ",
        "lecturer": "Морозов  М.В."
    },
    {
        "day": "Понедельник",
        "week_code": "1",
        "time": "16:45 Нечетная",
        "discipline": "лаб ГИДРОПНЕВМОАВТ",
        "classroom": "269*(фесто); ",
        "lecturer": "Морозов  М.В."
    },
    {
        "day": "Понедельник",
        "week_code": "2",
        "time": "16:45 Четная",
        "discipline": "лаб ГИДРОПНЕВМОАВТ",
        "classroom": "269*(фесто); ",
        "lecturer": "Морозов  М.В."
    },
    {
        "day": "Понедельник",
        "week_code": "1",
        "time": "18:30 Нечетная",
        "discipline": "пр СИСТ. УПР-Я ЛА",
        "classroom": "346; ",
        "lecturer": "Фадеева Ю.В."
    },
    {
        "day": "Вторник",
        "week_code": "1",
        "time": "10:50 Нечетная",
        "discipline": "лаб СИСТ. УПР-Я ЛА",
        "classroom": "274; ",
        "lecturer": "Фадеева Ю.В."
    },
    {
        "day": "Вторник",
        "week_code": "1",
        "time": "12:40 Нечетная",
        "discipline": "лек ОСН.МОД.И ИСП.ПРИБ",
        "classroom": "346; ",
        "lecturer": "Королев С.Н."
    },
    {
        "day": "Вторник",
        "week_code": "2",
        "time": "12:40 Четная",
        "discipline": "лек ГИДРОПНЕВМОАВТ",
        "classroom": "269*(фесто); ",
        "lecturer": "Морозов  М.В."
    },
    {
        "day": "Вторник",
        "week_code": "2",
        "time": "16:45 Четная",
        "discipline": "пр ОСН.МОД.И ИСП.ПРИБ",
        "classroom": "346; ",
        "lecturer": "Королев С.Н."
    },
    {
        "day": "Вторник",
        "week_code": "2",
        "time": "18:30 Четная",
        "discipline": "лек НАДЕЖН. ИС",
        "classroom": "259; ",
        "lecturer": "Артюхова М.А."
    },
    {
        "day": "Среда",
        "week_code": "1",
        "time": "10:50 Нечетная",
        "discipline": "пр НАДЕЖН. ИС",
        "classroom": "423; ",
        "lecturer": "Фадеева Ю.В."
    },
    {
        "day": "Среда",
        "week_code": "2",
        "time": "10:50 Четная",
        "discipline": "пр НАДЕЖН. ИС",
        "classroom": "423; ",
        "lecturer": "Фадеева Ю.В."
    },
    {
        "day": "Среда",
        "week_code": "1",
        "time": "12:40 Нечетная",
        "discipline": "пр ДЕЙСТВ.СР.ПОРАЖ.",
        "classroom": "СК21а; ",
        "lecturer": "Прядкин А.С."
    },
    {
        "day": "Среда",
        "week_code": "2",
        "time": "12:40 Четная",
        "discipline": "пр ДЕЙСТВ.СР.ПОРАЖ.",
        "classroom": "СК21а; ",
        "lecturer": "Прядкин А.С."
    },
    {
        "day": "Среда",
        "week_code": "1",
        "time": "14:55 Нечетная",
        "discipline": "лек ДЕЙСТВ.СР.ПОРАЖ.",
        "classroom": "344; ",
        "lecturer": "Прядкин А.С."
    },
    {
        "day": "Среда",
        "week_code": "2",
        "time": "14:55 Четная",
        "discipline": "лек ДЕЙСТВ.СР.ПОРАЖ.",
        "classroom": "344; ",
        "lecturer": "Прядкин А.С."
    },
    {
        "day": "Среда",
        "week_code": "1",
        "time": "16:45 Нечетная",
        "discipline": "лек ОСН.МОД.И ИСП.ПРИБ",
        "classroom": "492; ",
        "lecturer": "Королев С.Н."
    },
    {
        "day": "Среда",
        "week_code": "2",
        "time": "16:45 Четная",
        "discipline": "лек ОСН.МОД.И ИСП.ПРИБ",
        "classroom": "346; ",
        "lecturer": "Королев С.Н."
    },
    {
        "day": "Четверг",
        "week_code": "1",
        "time": "14:55 Нечетная",
        "discipline": "пр НАВИГАЦ.СИСТ.ЛА",
        "classroom": "277; ",
        "lecturer": "Хамидуллин  В.К."
    },
    {
        "day": "Четверг",
        "week_code": "2",
        "time": "14:55 Четная",
        "discipline": "пр НАВИГАЦ.СИСТ.ЛА",
        "classroom": "277; ",
        "lecturer": "Хамидуллин  В.К."
    },
    {
        "day": "Четверг",
        "week_code": "1",
        "time": "16:45 Нечетная",
        "discipline": "лек НАВИГАЦ.СИСТ.ЛА",
        "classroom": "259; ",
        "lecturer": "Хамидуллин  В.К."
    },
    {
        "day": "Четверг",
        "week_code": "2",
        "time": "16:45 Четная",
        "discipline": "лек НАВИГАЦ.СИСТ.ЛА",
        "classroom": "259; ",
        "lecturer": "Хамидуллин  В.К."
    },
    {
        "day": "Четверг",
        "week_code": "1",
        "time": "18:30 Нечетная",
        "discipline": "лек СИСТ. УПР-Я ЛА",
        "classroom": "346; ",
        "lecturer": "Емельянов В.Ю."
    },
    {
        "day": "Четверг",
        "week_code": "2",
        "time": "18:30 Четная",
        "discipline": "лек СИСТ. УПР-Я ЛА",
        "classroom": "346; ",
        "lecturer": "Емельянов В.Ю."
    },
    {
        "day": "Четверг",
        "week_code": "1",
        "time": "20:05 Нечетная",
        "discipline": "лаб ОСН.МОД.И ИСП.ПРИБ",
        "classroom": "278; ",
        "lecturer": "Александров А.А."
    },
    {
        "day": "Четверг",
        "week_code": "2",
        "time": "20:05 Четная",
        "discipline": "лаб ОСН.МОД.И ИСП.ПРИБ",
        "classroom": "278; ",
        "lecturer": "Александров А.А."
    },
    {
        "day": "Пятница",
        "week_code": "1",
        "time": "10:50 Нечетная",
        "discipline": "пр СОВР.ТЕОР.УПР",
        "classroom": "277; ",
        "lecturer": "Попов А.М."
    },
    {
        "day": "Пятница",
        "week_code": "2",
        "time": "10:50 Четная",
        "discipline": "лаб СОВР.ТЕОР.УПР",
        "classroom": "277; ",
        "lecturer": "Попов А.М."
    },
    {
        "day": "Пятница",
        "week_code": "1",
        "time": "12:40 Нечетная",
        "discipline": "лек СОВР.ТЕОР.УПР",
        "classroom": "346; ",
        "lecturer": "Попов А.М."
    },
    {
        "day": "Пятница",
        "week_code": "2",
        "time": "12:40 Четная",
        "discipline": "лек СОВР.ТЕОР.УПР",
        "classroom": "259; ",
        "lecturer": "Попов А.М."
    }
]