[
    {
        "day": 1,
        "week_code": 1,
        "time": "9:00 Нечетная",
        "discipline": "лек МАТ.СТАТИСТ.И СП",
        "classroom": "455; ",
        "lecturer": "Тарасова Н.В."
    },
    {
        "day": 1,
        "week_code": 1,
        "time": "10:50 Нечетная",
        "discipline": "пр БАЗЫ ДАННЫХ",
        "classroom": "274; ",
        "lecturer": "Воробьева Е.Е."
    },
    {
        "day": 1,
        "week_code": 2,
        "time": "10:50 Четная",
        "discipline": "пр БАЗЫ ДАННЫХ",
        "classroom": "274; ",
        "lecturer": "Воробьева Е.Е."
    },
    {
        "day": 1,
        "week_code": 1,
        "time": "12:40 Нечетная",
        "discipline": "пр ТЕОР.УПРАВЛЕНИЯ",
        "classroom": "346; ",
        "lecturer": "Емельянов В.Ю."
    },
    {
        "day": 1,
        "week_code": 2,
        "time": "12:40 Четная",
        "discipline": "пр ТЕОР.УПРАВЛЕНИЯ",
        "classroom": "346; ",
        "lecturer": "Емельянов В.Ю."
    },
    {
        "day": 1,
        "week_code": 1,
        "time": "14:55 Нечетная",
        "discipline": "лаб ТЕОР.УПРАВЛЕНИЯ",
        "classroom": "278; ",
        "lecturer": "Шевчик А.А."
    },
    {
        "day": 1,
        "week_code": 2,
        "time": "14:55 Четная",
        "discipline": "лек МИКРОПРОЦ.СР-ВА",
        "classroom": "346; ",
        "lecturer": "Романов С.Л."
    },
    {
        "day": 1,
        "week_code": 2,
        "time": "16:45 Четная",
        "discipline": "пр МИКРОПРОЦ.СР-ВА",
        "classroom": "278; ",
        "lecturer": "Романов С.Л."
    },
    {
        "day": 2,
        "week_code": 1,
        "time": "10:50 Нечетная",
        "discipline": "пр ПРЕДСТ.ЗНАН.В ИС",
        "classroom": "278; ",
        "lecturer": "Мариев И.П."
    },
    {
        "day": 2,
        "week_code": 1,
        "time": "12:40 Нечетная",
        "discipline": "лек ТЕОР.УПРАВЛЕНИЯ",
        "classroom": "315; ",
        "lecturer": "Митин Ф.В."
    },
    {
        "day": 2,
        "week_code": 2,
        "time": "12:40 Четная",
        "discipline": "лек ТЕОР.УПРАВЛЕНИЯ",
        "classroom": "315; ",
        "lecturer": "Митин Ф.В."
    },
    {
        "day": 2,
        "week_code": 1,
        "time": "14:55 Нечетная",
        "discipline": "лек БЖД",
        "classroom": "314; ",
        "lecturer": "Кудаев А.В."
    },
    {
        "day": 2,
        "week_code": 2,
        "time": "14:55 Четная",
        "discipline": "лек БЖД",
        "classroom": "314; ",
        "lecturer": "Кудаев А.В."
    },
    {
        "day": 2,
        "week_code": 1,
        "time": "16:45 Нечетная",
        "discipline": "лек ПРЕДСТ.ЗНАН.В ИС",
        "classroom": "259; ",
        "lecturer": "Толмачев С.Г."
    },
    {
        "day": 2,
        "week_code": 2,
        "time": "16:45 Четная",
        "discipline": "лек ПРЕДСТ.ЗНАН.В ИС",
        "classroom": "259; ",
        "lecturer": "Толмачев С.Г."
    },
    {
        "day": 2,
        "week_code": 2,
        "time": "18:30 Четная",
        "discipline": "пр ТИ И КОДИРОВАНИЕ",
        "classroom": "346; ",
        "lecturer": "Александров А.А."
    },
    {
        "day": 3,
        "week_code": 1,
        "time": "12:40 Нечетная",
        "discipline": "пр СХЕМОТЕХНИКА",
        "classroom": "278; ",
        "lecturer": "Ершов С.О."
    },
    {
        "day": 3,
        "week_code": 1,
        "time": "14:55 Нечетная",
        "discipline": "пр МАТ.СТАТИСТ.И СП",
        "classroom": "ВЦ 284; ",
        "lecturer": "Еськова Е.А."
    },
    {
        "day": 3,
        "week_code": 2,
        "time": "14:55 Четная",
        "discipline": "пр МАТ.СТАТИСТ.И СП",
        "classroom": "ВЦ 284; ",
        "lecturer": "Еськова Е.А."
    },
    {
        "day": 3,
        "week_code": 1,
        "time": "16:45 Нечетная",
        "discipline": "лек БАЗЫ ДАННЫХ",
        "classroom": "259; ",
        "lecturer": "Смирнов Н.В."
    },
    {
        "day": 3,
        "week_code": 2,
        "time": "16:45 Четная",
        "discipline": "лек БАЗЫ ДАННЫХ",
        "classroom": "259; ",
        "lecturer": "Смирнов Н.В."
    },
    {
        "day": 3,
        "week_code": 1,
        "time": "18:30 Нечетная",
        "discipline": "лек ТИ И КОДИРОВАНИЕ",
        "classroom": "313а; ",
        "lecturer": "Александров А.А."
    },
    {
        "day": 3,
        "week_code": 2,
        "time": "18:30 Четная",
        "discipline": "пр ПРЕДСТ.ЗНАН.В ИС",
        "classroom": "278; ",
        "lecturer": "Мариев И.П."
    },
    {
        "day": 4,
        "week_code": 1,
        "time": "9:00 Нечетная",
        "discipline": "пр ДОП. ПОДГОТОВКА",
        "classroom": null,
        "lecturer": null
    },
    {
        "day": 4,
        "week_code": 2,
        "time": "9:00 Четная",
        "discipline": "пр ДОП. ПОДГОТОВКА",
        "classroom": null,
        "lecturer": null
    },
    {
        "day": 4,
        "week_code": 1,
        "time": "10:50 Нечетная",
        "discipline": "пр ДОП. ПОДГОТОВКА",
        "classroom": null,
        "lecturer": null
    },
    {
        "day": 4,
        "week_code": 2,
        "time": "10:50 Четная",
        "discipline": "пр ДОП. ПОДГОТОВКА",
        "classroom": null,
        "lecturer": null
    },
    {
        "day": 4,
        "week_code": 1,
        "time": "12:40 Нечетная",
        "discipline": "пр ДОП. ПОДГОТОВКА",
        "classroom": null,
        "lecturer": null
    },
    {
        "day": 4,
        "week_code": 2,
        "time": "12:40 Четная",
        "discipline": "пр ДОП. ПОДГОТОВКА",
        "classroom": null,
        "lecturer": null
    },
    {
        "day": 4,
        "week_code": 1,
        "time": "14:55 Нечетная",
        "discipline": "пр ДОП. ПОДГОТОВКА",
        "classroom": null,
        "lecturer": null
    },
    {
        "day": 4,
        "week_code": 2,
        "time": "14:55 Четная",
        "discipline": "пр ДОП. ПОДГОТОВКА",
        "classroom": null,
        "lecturer": null
    },
    {
        "day": 5,
        "week_code": 1,
        "time": "9:00 Нечетная",
        "discipline": "лек СХЕМОТЕХНИКА",
        "classroom": "315; ",
        "lecturer": "Ершов С.О."
    },
    {
        "day": 5,
        "week_code": 2,
        "time": "9:00 Четная",
        "discipline": "лек СХЕМОТЕХНИКА",
        "classroom": "315; ",
        "lecturer": "Ершов С.О."
    },
    {
        "day": 5,
        "week_code": 1,
        "time": "10:50 Нечетная",
        "discipline": "лаб БЖД",
        "classroom": "384б; ",
        "lecturer": "Васильева В.К."
    },
    {
        "day": 5,
        "week_code": 1,
        "time": "12:40 Нечетная",
        "discipline": "пр БЖД",
        "classroom": "484; ",
        "lecturer": "Кудаев А.В."
    }
]