[
    {
        "day": 1,
        "week_code": 1,
        "time": "12:40 Нечетная",
        "discipline": "лаб НАДЕЖНОСТЬ",
        "classroom": "528*; ",
        "lecturer": "Страхов С.Ю."
    },
    {
        "day": 1,
        "week_code": 2,
        "time": "12:40 Четная",
        "discipline": "лаб НАДЕЖНОСТЬ",
        "classroom": "528*; ",
        "lecturer": "Страхов С.Ю."
    },
    {
        "day": 1,
        "week_code": 1,
        "time": "14:55 Нечетная",
        "discipline": "лек НАДЕЖНОСТЬ",
        "classroom": "528*; ",
        "lecturer": "Страхов С.Ю."
    },
    {
        "day": 1,
        "week_code": 2,
        "time": "14:55 Четная",
        "discipline": "лек НАДЕЖНОСТЬ",
        "classroom": "528*; ",
        "lecturer": "Страхов С.Ю."
    },
    {
        "day": 2,
        "week_code": 1,
        "time": "12:40 Нечетная",
        "discipline": "лек ДИНАМИКА МАШИН",
        "classroom": "456*; ",
        "lecturer": "Брытков Е.В."
    },
    {
        "day": 2,
        "week_code": 2,
        "time": "12:40 Четная",
        "discipline": "лек ДИНАМИКА МАШИН",
        "classroom": "456*; ",
        "lecturer": "Брытков Е.В."
    },
    {
        "day": 2,
        "week_code": 1,
        "time": "14:55 Нечетная",
        "discipline": "пр ПР.ГМ.И МАШ.ГИДР.",
        "classroom": "152*; ",
        "lecturer": "Воротынцев Б.Н."
    },
    {
        "day": 2,
        "week_code": 2,
        "time": "14:55 Четная",
        "discipline": "пр ПР.ГМ.И МАШ.ГИДР.",
        "classroom": "152*; ",
        "lecturer": "Воротынцев Б.Н."
    },
    {
        "day": 3,
        "week_code": 1,
        "time": "10:50 Нечетная",
        "discipline": "лек ПР.ГМ.И МАШ.ГИДР.",
        "classroom": "270*(фесто); ",
        "lecturer": "Стажков С.М."
    },
    {
        "day": 5,
        "week_code": 1,
        "time": "14:55 Нечетная",
        "discipline": "лаб ДИНАМИКА МАШИН",
        "classroom": "528*; ",
        "lecturer": "Брытков Е.В."
    },
    {
        "day": 5,
        "week_code": 2,
        "time": "14:55 Четная",
        "discipline": "лек ВСТР. СИСТ. КИД",
        "classroom": "411*; ",
        "lecturer": "Петрова Ю.Ю."
    },
    {
        "day": 5,
        "week_code": 1,
        "time": "16:45 Нечетная",
        "discipline": "лек ДИНАМИКА МАШИН",
        "classroom": "528*; ",
        "lecturer": "Брытков Е.В."
    },
    {
        "day": 5,
        "week_code": 2,
        "time": "16:45 Четная",
        "discipline": "лаб ВСТР. СИСТ. КИД",
        "classroom": "528*; ",
        "lecturer": "Петрова Ю.Ю."
    }
]