[
    {
        "day": 1,
        "week_code": 1,
        "time": "9:00 Нечетная",
        "discipline": "пр ЭК ПО ФК И СПОРТУ",
        "classroom": null,
        "lecturer": null
    },
    {
        "day": 1,
        "week_code": 2,
        "time": "9:00 Четная",
        "discipline": "пр ЭК ПО ФК И СПОРТУ",
        "classroom": null,
        "lecturer": null
    },
    {
        "day": 1,
        "week_code": 1,
        "time": "10:50 Нечетная",
        "discipline": "лаб ЭКОЛОГИЯ",
        "classroom": "384а; ",
        "lecturer": "Борцова С.С."
    },
    {
        "day": 1,
        "week_code": 2,
        "time": "10:50 Четная",
        "discipline": "лек ЭКОЛОГИЯ",
        "classroom": "374; ",
        "lecturer": "Патрушева Т.Н."
    },
    {
        "day": 1,
        "week_code": 1,
        "time": "12:40 Нечетная",
        "discipline": "пр ИСТОРИЯ",
        "classroom": "490; ",
        "lecturer": "Савинов М.А."
    },
    {
        "day": 1,
        "week_code": 2,
        "time": "12:40 Четная",
        "discipline": "лек ОСН РОС ГОС",
        "classroom": "526*; ",
        "lecturer": "Касьянов Г.А."
    },
    {
        "day": 1,
        "week_code": 1,
        "time": "14:55 Нечетная",
        "discipline": "пр ОСН РОС ГОС",
        "classroom": "492; ",
        "lecturer": "Касьянов Г.А."
    },
    {
        "day": 1,
        "week_code": 2,
        "time": "14:55 Четная",
        "discipline": "пр ОСН РОС ГОС",
        "classroom": "444; ",
        "lecturer": "Касьянов Г.А."
    },
    {
        "day": 2,
        "week_code": 1,
        "time": "9:00 Нечетная",
        "discipline": "пр ОВП",
        "classroom": null,
        "lecturer": "Новиков А.В."
    },
    {
        "day": 2,
        "week_code": 2,
        "time": "9:00 Четная",
        "discipline": "лек ВПР ВС РФ",
        "classroom": null,
        "lecturer": "Смагин  О.В."
    },
    {
        "day": 2,
        "week_code": 1,
        "time": "10:50 Нечетная",
        "discipline": "пр УПМВ",
        "classroom": null,
        "lecturer": "Марусов Д.В."
    },
    {
        "day": 2,
        "week_code": 2,
        "time": "10:50 Четная",
        "discipline": "пр УПМВ",
        "classroom": null,
        "lecturer": "Марусов Д.В."
    },
    {
        "day": 2,
        "week_code": 1,
        "time": "12:40 Нечетная",
        "discipline": "пр ВПР ВС РФ",
        "classroom": null,
        "lecturer": "Смагин  О.В."
    },
    {
        "day": 3,
        "week_code": 1,
        "time": "9:00 Нечетная",
        "discipline": "пр ЭК ПО ФК И СПОРТУ",
        "classroom": null,
        "lecturer": null
    },
    {
        "day": 3,
        "week_code": 2,
        "time": "9:00 Четная",
        "discipline": "пр ЭК ПО ФК И СПОРТУ",
        "classroom": null,
        "lecturer": null
    },
    {
        "day": 3,
        "week_code": 1,
        "time": "10:50 Нечетная",
        "discipline": "пр ИНЖ.И КОМП. ГРАФ",
        "classroom": "502*; ",
        "lecturer": "Глазунов К.О."
    },
    {
        "day": 3,
        "week_code": 2,
        "time": "10:50 Четная",
        "discipline": "пр ИНЖ.И КОМП. ГРАФ",
        "classroom": "502*; ",
        "lecturer": "Глазунов К.О."
    },
    {
        "day": 3,
        "week_code": 1,
        "time": "12:40 Нечетная",
        "discipline": "лек ИНФ.ТЕХН. И ПРОГР.",
        "classroom": "374; ",
        "lecturer": "Ракова И.К."
    },
    {
        "day": 3,
        "week_code": 2,
        "time": "12:40 Четная",
        "discipline": "лек ИНФ.ТЕХН. И ПРОГР.",
        "classroom": "374; ",
        "lecturer": "Ракова И.К."
    },
    {
        "day": 3,
        "week_code": 1,
        "time": "14:55 Нечетная",
        "discipline": "лек ИСТОРИЯ",
        "classroom": "526*; ",
        "lecturer": "Савинов М.А."
    },
    {
        "day": 3,
        "week_code": 2,
        "time": "14:55 Четная",
        "discipline": "лек ИСТОРИЯ",
        "classroom": "526*; ",
        "lecturer": "Савинов М.А."
    },
    {
        "day": 4,
        "week_code": 1,
        "time": "9:00 Нечетная",
        "discipline": "пр ВЫСШ. МАТЕМАТ",
        "classroom": "219*; ",
        "lecturer": "Еськова Е.А."
    },
    {
        "day": 4,
        "week_code": 2,
        "time": "9:00 Четная",
        "discipline": "пр ВЫСШ. МАТЕМАТ",
        "classroom": "219*; ",
        "lecturer": "Еськова Е.А."
    },
    {
        "day": 4,
        "week_code": 1,
        "time": "10:50 Нечетная",
        "discipline": "лек ВЫСШ. МАТЕМАТ",
        "classroom": "450; ",
        "lecturer": "Винник П.М."
    },
    {
        "day": 4,
        "week_code": 2,
        "time": "10:50 Четная",
        "discipline": "лек ВЫСШ. МАТЕМАТ",
        "classroom": "450; ",
        "lecturer": "Винник П.М."
    },
    {
        "day": 4,
        "week_code": 1,
        "time": "12:40 Нечетная",
        "discipline": "пр ПРАВОВЕДЕНИЕ",
        "classroom": "490; ",
        "lecturer": "Гельдибаев М.Х."
    },
    {
        "day": 4,
        "week_code": 2,
        "time": "12:40 Четная",
        "discipline": "лек ПРАВОВЕДЕНИЕ",
        "classroom": "374; ",
        "lecturer": "Гельдибаев М.Х."
    },
    {
        "day": 4,
        "week_code": 2,
        "time": "14:55 Четная",
        "discipline": "лек ХИМИЯ",
        "classroom": "433*; ",
        "lecturer": "Маслобоев Д.С."
    },
    {
        "day": 5,
        "week_code": 1,
        "time": "9:00 Нечетная",
        "discipline": "пр ИН. ЯЗ.",
        "classroom": "306*; ",
        "lecturer": "Канатаев Д.В."
    },
    {
        "day": 5,
        "week_code": 2,
        "time": "9:00 Четная",
        "discipline": "пр ИН. ЯЗ.",
        "classroom": "306*; ",
        "lecturer": "Канатаев Д.В."
    },
    {
        "day": 5,
        "week_code": 1,
        "time": "10:50 Нечетная",
        "discipline": "лек ФИЗИКА",
        "classroom": "327*; ",
        "lecturer": "Комарова О.С."
    },
    {
        "day": 5,
        "week_code": 2,
        "time": "10:50 Четная",
        "discipline": "лек ФИЗИКА",
        "classroom": "327*; ",
        "lecturer": "Комарова О.С."
    },
    {
        "day": 5,
        "week_code": 1,
        "time": "12:40 Нечетная",
        "discipline": "лаб ФИЗИКА",
        "classroom": "323*; ",
        "lecturer": null
    },
    {
        "day": 5,
        "week_code": 2,
        "time": "12:40 Четная",
        "discipline": "пр ФИЗИКА",
        "classroom": "328*; ",
        "lecturer": null
    },
    {
        "day": 5,
        "week_code": 1,
        "time": "14:55 Нечетная",
        "discipline": "лаб ХИМИЯ",
        "classroom": "558*; ",
        "lecturer": "Маслобоев Д.С."
    },
    {
        "day": 5,
        "week_code": 2,
        "time": "14:55 Четная",
        "discipline": "лаб ХИМИЯ",
        "classroom": "558*; ",
        "lecturer": "Маслобоев Д.С."
    },
    {
        "day": 6,
        "week_code": 1,
        "time": "10:50 Нечетная",
        "discipline": "пр ИНФ.ТЕХН. И ПРОГР.",
        "classroom": "ВЦ 281; ",
        "lecturer": "Иванов В.Е."
    },
    {
        "day": 6,
        "week_code": 2,
        "time": "10:50 Четная",
        "discipline": "пр ИНФ.ТЕХН. И ПРОГР.",
        "classroom": "ВЦ 281; ",
        "lecturer": "Иванов В.Е."
    }
]