[
    {
        "day": "Понедельник",
        "week_code": "1",
        "time": "10:50 Нечетная",
        "discipline": "лек ВЫСШ. МАТЕМАТ",
        "classroom": "493; ",
        "lecturer": "Барт Е.Л."
    },
    {
        "day": "Понедельник",
        "week_code": "2",
        "time": "10:50 Четная",
        "discipline": "лек ВЫСШ. МАТЕМАТ",
        "classroom": "493; ",
        "lecturer": "Барт Е.Л."
    },
    {
        "day": "Понедельник",
        "week_code": "1",
        "time": "12:40 Нечетная",
        "discipline": "пр ЭК ПО ФК И СПОРТУ",
        "classroom": null,
        "lecturer": null
    },
    {
        "day": "Понедельник",
        "week_code": "2",
        "time": "12:40 Четная",
        "discipline": "пр ЭК ПО ФК И СПОРТУ",
        "classroom": null,
        "lecturer": null
    },
    {
        "day": "Понедельник",
        "week_code": "1",
        "time": "14:55 Нечетная",
        "discipline": "лек ПСИХ-Я.ПРОФ.ДЕЯ-НИ",
        "classroom": "437*; ",
        "lecturer": "Кавера В.А."
    },
    {
        "day": "Понедельник",
        "week_code": "2",
        "time": "14:55 Четная",
        "discipline": "лек ПСИХ-Я.ПРОФ.ДЕЯ-НИ",
        "classroom": "437*; ",
        "lecturer": "Кавера В.А."
    },
    {
        "day": "Понедельник",
        "week_code": "1",
        "time": "16:45 Нечетная",
        "discipline": "пр ПСИХ-Я.ПРОФ.ДЕЯ-НИ",
        "classroom": "405*; ",
        "lecturer": "Петрова Е.А."
    },
    {
        "day": "Вторник",
        "week_code": "2",
        "time": "9:00 Четная",
        "discipline": "лек ВПР ВС РФ",
        "classroom": null,
        "lecturer": "Смагин  О.В."
    },
    {
        "day": "Вторник",
        "week_code": "1",
        "time": "10:50 Нечетная",
        "discipline": "пр ВПР ВС РФ",
        "classroom": null,
        "lecturer": "Смагин  О.В."
    },
    {
        "day": "Вторник",
        "week_code": "2",
        "time": "10:50 Четная",
        "discipline": "пр ОВП",
        "classroom": null,
        "lecturer": "Новиков А.В."
    },
    {
        "day": "Вторник",
        "week_code": "1",
        "time": "12:40 Нечетная",
        "discipline": "пр УПМВ",
        "classroom": null,
        "lecturer": "Марусов Д.В."
    },
    {
        "day": "Вторник",
        "week_code": "2",
        "time": "12:40 Четная",
        "discipline": "пр УПМВ",
        "classroom": null,
        "lecturer": "Марусов Д.В."
    },
    {
        "day": "Среда",
        "week_code": "1",
        "time": "10:50 Нечетная",
        "discipline": "пр ЭКОНОМИКА",
        "classroom": "490; ",
        "lecturer": "Ващенко А.Н."
    },
    {
        "day": "Среда",
        "week_code": "1",
        "time": "12:40 Нечетная",
        "discipline": "пр ЭК ПО ФК И СПОРТУ",
        "classroom": null,
        "lecturer": null
    },
    {
        "day": "Среда",
        "week_code": "2",
        "time": "12:40 Четная",
        "discipline": "пр ЭК ПО ФК И СПОРТУ",
        "classroom": null,
        "lecturer": null
    },
    {
        "day": "Среда",
        "week_code": "1",
        "time": "14:55 Нечетная",
        "discipline": "лек ИНФ.ТЕХН. И ПРОГР.",
        "classroom": "314; ",
        "lecturer": "Жарова С.С."
    },
    {
        "day": "Среда",
        "week_code": "2",
        "time": "14:55 Четная",
        "discipline": "лек ИНФ.ТЕХН. И ПРОГР.",
        "classroom": "314; ",
        "lecturer": "Жарова С.С."
    },
    {
        "day": "Среда",
        "week_code": "1",
        "time": "16:45 Нечетная",
        "discipline": "пр ИНФ.ТЕХН. И ПРОГР.",
        "classroom": "ВЦ 281; ",
        "lecturer": "Жарова С.С."
    },
    {
        "day": "Среда",
        "week_code": "2",
        "time": "16:45 Четная",
        "discipline": "пр ИНФ.ТЕХН. И ПРОГР.",
        "classroom": "ВЦ 281; ",
        "lecturer": "Жарова С.С."
    },
    {
        "day": "Четверг",
        "week_code": "1",
        "time": "9:00 Нечетная",
        "discipline": "пр ИНЖ.И КОМП. ГРАФ",
        "classroom": "505*; ",
        "lecturer": "Абросимов С.Н."
    },
    {
        "day": "Четверг",
        "week_code": "2",
        "time": "9:00 Четная",
        "discipline": "пр ИНЖ.И КОМП. ГРАФ",
        "classroom": "505*; ",
        "lecturer": "Абросимов С.Н."
    },
    {
        "day": "Четверг",
        "week_code": "1",
        "time": "10:50 Нечетная",
        "discipline": "лек ИСТОРИЯ",
        "classroom": "526*; ",
        "lecturer": "Николаева О.В."
    },
    {
        "day": "Четверг",
        "week_code": "2",
        "time": "10:50 Четная",
        "discipline": "лек ИСТОРИЯ",
        "classroom": "526*; ",
        "lecturer": "Николаева О.В."
    },
    {
        "day": "Четверг",
        "week_code": "1",
        "time": "12:40 Нечетная",
        "discipline": "пр ВЫСШ. МАТЕМАТ",
        "classroom": "219*; ",
        "lecturer": "Мамаева К.С."
    },
    {
        "day": "Четверг",
        "week_code": "2",
        "time": "12:40 Четная",
        "discipline": "пр ВЫСШ. МАТЕМАТ",
        "classroom": "219*; ",
        "lecturer": "Мамаева К.С."
    },
    {
        "day": "Четверг",
        "week_code": "1",
        "time": "14:55 Нечетная",
        "discipline": "пр ИН. ЯЗ.",
        "classroom": "306*; ",
        "lecturer": "Кузнецова И.Т."
    },
    {
        "day": "Четверг",
        "week_code": "2",
        "time": "14:55 Четная",
        "discipline": "пр ИН. ЯЗ.",
        "classroom": "306*; ",
        "lecturer": "Кузнецова И.Т."
    },
    {
        "day": "Пятница",
        "week_code": "1",
        "time": "9:00 Нечетная",
        "discipline": "пр ИСТОРИЯ",
        "classroom": "422*; ",
        "lecturer": "Николаева О.В."
    },
    {
        "day": "Пятница",
        "week_code": "2",
        "time": "9:00 Четная",
        "discipline": "пр ИСТОРИЯ",
        "classroom": "422*; ",
        "lecturer": "Николаева О.В."
    },
    {
        "day": "Пятница",
        "week_code": "1",
        "time": "10:50 Нечетная",
        "discipline": "лек ЭКОНОМИКА",
        "classroom": "526*; ",
        "lecturer": "Григорьев М.Н."
    },
    {
        "day": "Пятница",
        "week_code": "2",
        "time": "10:50 Четная",
        "discipline": "лек ЭКОНОМИКА",
        "classroom": "526*; ",
        "lecturer": "Григорьев М.Н."
    },
    {
        "day": "Пятница",
        "week_code": "1",
        "time": "12:40 Нечетная",
        "discipline": "лек ФИЗИКА",
        "classroom": "327*; ",
        "lecturer": "Васильева Л.И."
    },
    {
        "day": "Пятница",
        "week_code": "2",
        "time": "12:40 Четная",
        "discipline": "лек ФИЗИКА",
        "classroom": "327*; ",
        "lecturer": "Васильева Л.И."
    },
    {
        "day": "Пятница",
        "week_code": "1",
        "time": "14:55 Нечетная",
        "discipline": "лек ФИЛОСОФИЯ",
        "classroom": "526*; ",
        "lecturer": "Хомелев Г.В."
    },
    {
        "day": "Пятница",
        "week_code": "2",
        "time": "14:55 Четная",
        "discipline": "пр ФИЛОСОФИЯ",
        "classroom": "507*а; ",
        "lecturer": "Хомелев Г.В."
    },
    {
        "day": "Суббота",
        "week_code": "1",
        "time": "9:00 Нечетная",
        "discipline": "пр ФИЗИКА",
        "classroom": "328*; ",
        "lecturer": null
    },
    {
        "day": "Суббота",
        "week_code": "1",
        "time": "10:50 Нечетная",
        "discipline": "лаб ФИЗИКА",
        "classroom": "323*; ",
        "lecturer": null
    }
]