[
    {
        "day": "Понедельник",
        "week_code": "1",
        "time": "14:55 Нечетная",
        "discipline": "лек ТЕПЛ.ЗАЩ.ЛА",
        "classroom": "310; ",
        "lecturer": "Колычев А.В."
    },
    {
        "day": "Понедельник",
        "week_code": "2",
        "time": "14:55 Четная",
        "discipline": "лек ТЕПЛ.ЗАЩ.ЛА",
        "classroom": "310; ",
        "lecturer": "Колычев А.В."
    },
    {
        "day": "Понедельник",
        "week_code": "1",
        "time": "16:45 Нечетная",
        "discipline": "лек ИСПЫТАНИЯ РС",
        "classroom": "314; ",
        "lecturer": "Нестеров С.А."
    },
    {
        "day": "Понедельник",
        "week_code": "2",
        "time": "16:45 Четная",
        "discipline": "лек ИСПЫТАНИЯ РС",
        "classroom": "314; ",
        "lecturer": "Нестеров С.А."
    },
    {
        "day": "Понедельник",
        "week_code": "1",
        "time": "18:30 Нечетная",
        "discipline": "пр ИСПЫТАНИЯ РС",
        "classroom": "101; ",
        "lecturer": "Нестеров С.А."
    },
    {
        "day": "Понедельник",
        "week_code": "2",
        "time": "18:30 Четная",
        "discipline": "пр ИСПЫТАНИЯ РС",
        "classroom": "101; ",
        "lecturer": "Нестеров С.А."
    },
    {
        "day": "Вторник",
        "week_code": "1",
        "time": "12:40 Нечетная",
        "discipline": "пр ЭКСПЛУАТАЦИЯ",
        "classroom": "101; ",
        "lecturer": "Бурковецкий К.А."
    },
    {
        "day": "Вторник",
        "week_code": "1",
        "time": "14:55 Нечетная",
        "discipline": "пр КОЛ.МЕТ. ОЦ.ЭФФ",
        "classroom": "СК21а; ",
        "lecturer": "Сырцев А.Н."
    },
    {
        "day": "Вторник",
        "week_code": "2",
        "time": "14:55 Четная",
        "discipline": "пр КОЛ.МЕТ. ОЦ.ЭФФ",
        "classroom": "СК21Б; ",
        "lecturer": "Сырцев А.Н."
    },
    {
        "day": "Вторник",
        "week_code": "1",
        "time": "16:45 Нечетная",
        "discipline": "лек КОЛ.МЕТ. ОЦ.ЭФФ",
        "classroom": "310; ",
        "lecturer": "Сырцев А.Н."
    },
    {
        "day": "Вторник",
        "week_code": "2",
        "time": "16:45 Четная",
        "discipline": "лек КОЛ.МЕТ. ОЦ.ЭФФ",
        "classroom": "313а; ",
        "lecturer": "Сырцев А.Н."
    },
    {
        "day": "Среда",
        "week_code": "1",
        "time": "9:00 Нечетная",
        "discipline": "лек ЭКСПЛУАТАЦИЯ",
        "classroom": "101; ",
        "lecturer": "Бурковецкий К.А."
    },
    {
        "day": "Среда",
        "week_code": "2",
        "time": "9:00 Четная",
        "discipline": "лек ЭКСПЛУАТАЦИЯ",
        "classroom": "101; ",
        "lecturer": "Бурковецкий К.А."
    },
    {
        "day": "Среда",
        "week_code": "1",
        "time": "10:50 Нечетная",
        "discipline": "пр ТЕПЛ.ЗАЩ.ЛА",
        "classroom": "ВЦ 281; ",
        "lecturer": "Колычев А.В."
    },
    {
        "day": "Среда",
        "week_code": "2",
        "time": "10:50 Четная",
        "discipline": "пр ТЕПЛ.ЗАЩ.ЛА",
        "classroom": "ВЦ 283; ",
        "lecturer": "Колычев А.В."
    },
    {
        "day": "Четверг",
        "week_code": "1",
        "time": "14:55 Нечетная",
        "discipline": "лек ОСН.БОЕВ.ПРИМ.РС",
        "classroom": "318; ",
        "lecturer": "Прядкин А.С."
    },
    {
        "day": "Четверг",
        "week_code": "2",
        "time": "14:55 Четная",
        "discipline": "лек ОСН.БОЕВ.ПРИМ.РС",
        "classroom": "318; ",
        "lecturer": "Прядкин А.С."
    },
    {
        "day": "Четверг",
        "week_code": "1",
        "time": "16:45 Нечетная",
        "discipline": "лек ПО САПР",
        "classroom": "316; ",
        "lecturer": "Сятчихин А.А."
    },
    {
        "day": "Четверг",
        "week_code": "2",
        "time": "16:45 Четная",
        "discipline": "пр ОСН.БОЕВ.ПРИМ.РС",
        "classroom": "344; ",
        "lecturer": "Прядкин А.С."
    },
    {
        "day": "Четверг",
        "week_code": "1",
        "time": "18:30 Нечетная",
        "discipline": "лек ОЦЕНК.СОСТ.ЛА",
        "classroom": "313а; ",
        "lecturer": "Бородавкин В.А."
    },
    {
        "day": "Четверг",
        "week_code": "1",
        "time": "20:05 Нечетная",
        "discipline": "пр ОЦЕНК.СОСТ.ЛА",
        "classroom": "ВЦ 283; ",
        "lecturer": "Зыков С.А."
    },
    {
        "day": "Пятница",
        "week_code": "1",
        "time": "16:45 Нечетная",
        "discipline": "пр ПО САПР",
        "classroom": "334; ",
        "lecturer": "Демидов С.М."
    },
    {
        "day": "Пятница",
        "week_code": "2",
        "time": "16:45 Четная",
        "discipline": "пр ПО САПР",
        "classroom": "334; ",
        "lecturer": "Демидов С.М."
    }
]