[
    {
        "day": 1,
        "week_code": 1,
        "time": "9:00 Нечетная",
        "discipline": "пр ДОП. ПОДГОТОВКА",
        "classroom": null,
        "lecturer": null
    },
    {
        "day": 1,
        "week_code": 2,
        "time": "9:00 Четная",
        "discipline": "пр ДОП. ПОДГОТОВКА",
        "classroom": null,
        "lecturer": null
    },
    {
        "day": 1,
        "week_code": 1,
        "time": "10:50 Нечетная",
        "discipline": "пр ДОП. ПОДГОТОВКА",
        "classroom": null,
        "lecturer": null
    },
    {
        "day": 1,
        "week_code": 2,
        "time": "10:50 Четная",
        "discipline": "пр ДОП. ПОДГОТОВКА",
        "classroom": null,
        "lecturer": null
    },
    {
        "day": 1,
        "week_code": 1,
        "time": "12:40 Нечетная",
        "discipline": "пр ДОП. ПОДГОТОВКА",
        "classroom": null,
        "lecturer": null
    },
    {
        "day": 1,
        "week_code": 2,
        "time": "12:40 Четная",
        "discipline": "пр ДОП. ПОДГОТОВКА",
        "classroom": null,
        "lecturer": null
    },
    {
        "day": 1,
        "week_code": 1,
        "time": "14:55 Нечетная",
        "discipline": "пр ДОП. ПОДГОТОВКА",
        "classroom": null,
        "lecturer": null
    },
    {
        "day": 1,
        "week_code": 2,
        "time": "14:55 Четная",
        "discipline": "пр ДОП. ПОДГОТОВКА",
        "classroom": null,
        "lecturer": null
    },
    {
        "day": 2,
        "week_code": 1,
        "time": "10:50 Нечетная",
        "discipline": "пр МЕТР.НАДЕЖН.СИ",
        "classroom": "332; ",
        "lecturer": "Елисеева О.А."
    },
    {
        "day": 2,
        "week_code": 2,
        "time": "10:50 Четная",
        "discipline": "лек МЕТР.НАДЕЖН.СИ",
        "classroom": "372; ",
        "lecturer": "Елисеева О.А."
    },
    {
        "day": 2,
        "week_code": 2,
        "time": "12:40 Четная",
        "discipline": "лаб МЕТР.НАДЕЖН.СИ",
        "classroom": "лаб к.Н2-2; ",
        "lecturer": "Елисеева О.А."
    },
    {
        "day": 2,
        "week_code": 2,
        "time": "14:55 Четная",
        "discipline": "лек ЦИФР.ДВ.В МАШ-ИИ",
        "classroom": "332; ",
        "lecturer": "Иванова О.Ю."
    },
    {
        "day": 4,
        "week_code": 1,
        "time": "9:00 Нечетная",
        "discipline": "пр ОСН.РАСЧ.ИС",
        "classroom": "352; ",
        "lecturer": "Лихачев И.В."
    },
    {
        "day": 4,
        "week_code": 2,
        "time": "9:00 Четная",
        "discipline": "пр ОСН.РАСЧ.ИС",
        "classroom": "352; ",
        "lecturer": "Лихачев И.В."
    },
    {
        "day": 4,
        "week_code": 1,
        "time": "10:50 Нечетная",
        "discipline": "пр ОСН.РАСЧ.ИС",
        "classroom": "352; ",
        "lecturer": "Лихачев И.В."
    },
    {
        "day": 4,
        "week_code": 2,
        "time": "10:50 Четная",
        "discipline": "лек ПРОЕК.ПРИБОРОВ",
        "classroom": "332; ",
        "lecturer": "Иванова О.Ю."
    },
    {
        "day": 4,
        "week_code": 2,
        "time": "12:40 Четная",
        "discipline": "пр ЦИФР.ДВ.В МАШ-ИИ",
        "classroom": "372; ",
        "lecturer": "Иванова О.Ю."
    },
    {
        "day": 5,
        "week_code": 1,
        "time": "14:55 Нечетная",
        "discipline": "лек СЕРТИФ. ИЗД.",
        "classroom": "332; ",
        "lecturer": "Юнаков И.Л."
    },
    {
        "day": 5,
        "week_code": 2,
        "time": "14:55 Четная",
        "discipline": "пр ЦИФР.ДВ.В МАШ-ИИ",
        "classroom": "444; ",
        "lecturer": "Иванова О.Ю."
    },
    {
        "day": 5,
        "week_code": 1,
        "time": "16:45 Нечетная",
        "discipline": "пр ПРОЕК.ПРИБОРОВ",
        "classroom": "353; ",
        "lecturer": "Стрельцов В.Г."
    },
    {
        "day": 5,
        "week_code": 2,
        "time": "16:45 Четная",
        "discipline": "пр ПРОЕК.ПРИБОРОВ",
        "classroom": "353; ",
        "lecturer": "Стрельцов В.Г."
    },
    {
        "day": 5,
        "week_code": 1,
        "time": "18:30 Нечетная",
        "discipline": "пр СЕРТИФ. ИЗД.",
        "classroom": "ВЦ 285; ",
        "lecturer": "Юнаков И.Л."
    },
    {
        "day": 5,
        "week_code": 2,
        "time": "18:30 Четная",
        "discipline": "пр СЕРТИФ. ИЗД.",
        "classroom": "432*; ",
        "lecturer": "Юнаков И.Л."
    }
]