[
    {
        "day": "Понедельник",
        "week_code": "2",
        "time": "9:00 Четная",
        "discipline": "пр КИПР ПРИБ.И УСТ",
        "classroom": "352; ",
        "lecturer": "Колыванов А.Ю."
    },
    {
        "day": "Понедельник",
        "week_code": "1",
        "time": "10:50 Нечетная",
        "discipline": "пр ЗАЩ.ИНТЕЛ.СОБСТ",
        "classroom": "352; ",
        "lecturer": "Каламитцев А.О."
    },
    {
        "day": "Понедельник",
        "week_code": "2",
        "time": "10:50 Четная",
        "discipline": "пр ЗАЩ.ИНТЕЛ.СОБСТ",
        "classroom": "352; ",
        "lecturer": "Каламитцев А.О."
    },
    {
        "day": "Понедельник",
        "week_code": "1",
        "time": "12:40 Нечетная",
        "discipline": "лек ЭЛ-РАД-ИЗМЕРЕН",
        "classroom": "436; ",
        "lecturer": "Певишев С.А."
    },
    {
        "day": "Понедельник",
        "week_code": "2",
        "time": "12:40 Четная",
        "discipline": "лек ЭЛ-РАД-ИЗМЕРЕН",
        "classroom": "436; ",
        "lecturer": "Певишев С.А."
    },
    {
        "day": "Понедельник",
        "week_code": "1",
        "time": "14:55 Нечетная",
        "discipline": "лек ЗАЩ.ИНТЕЛ.СОБСТ",
        "classroom": "332; ",
        "lecturer": "Каламитцев А.О."
    },
    {
        "day": "Вторник",
        "week_code": "1",
        "time": "14:55 Нечетная",
        "discipline": "пр АСТПП И САПР-Т",
        "classroom": "352; ",
        "lecturer": "Стрельцов В.Г."
    },
    {
        "day": "Вторник",
        "week_code": "2",
        "time": "14:55 Четная",
        "discipline": "пр АСТПП И САПР-Т",
        "classroom": "353; ",
        "lecturer": "Стрельцов В.Г."
    },
    {
        "day": "Вторник",
        "week_code": "1",
        "time": "16:45 Нечетная",
        "discipline": "лек ОСН.ТЕХН.ПР-СТР",
        "classroom": "352; ",
        "lecturer": "Матвеев П.В."
    },
    {
        "day": "Вторник",
        "week_code": "2",
        "time": "16:45 Четная",
        "discipline": "лек ОСН.ТЕХН.ПР-СТР",
        "classroom": "352; ",
        "lecturer": "Матвеев П.В."
    },
    {
        "day": "Среда",
        "week_code": "1",
        "time": "14:55 Нечетная",
        "discipline": "лек КИПР ПРИБ.И УСТ",
        "classroom": "332; ",
        "lecturer": "Жаркой М.Ф."
    },
    {
        "day": "Среда",
        "week_code": "2",
        "time": "14:55 Четная",
        "discipline": "лек КИПР ПРИБ.И УСТ",
        "classroom": "332; ",
        "lecturer": "Жаркой М.Ф."
    },
    {
        "day": "Среда",
        "week_code": "1",
        "time": "16:45 Нечетная",
        "discipline": "лек ФИЗ.ОСН.ИЗМЕР.",
        "classroom": "372; ",
        "lecturer": "Юлиш В.И."
    },
    {
        "day": "Среда",
        "week_code": "2",
        "time": "16:45 Четная",
        "discipline": "лек ФИЗ.ОСН.ИЗМЕР.",
        "classroom": "372; ",
        "lecturer": "Юлиш В.И."
    },
    {
        "day": "Среда",
        "week_code": "1",
        "time": "18:30 Нечетная",
        "discipline": "лек АСТПП И САПР-Т",
        "classroom": "332; ",
        "lecturer": "Винник С.А."
    },
    {
        "day": "Четверг",
        "week_code": "2",
        "time": "9:00 Четная",
        "discipline": "пр БЖД",
        "classroom": "484; ",
        "lecturer": "Шабарова А.В."
    },
    {
        "day": "Четверг",
        "week_code": "1",
        "time": "10:50 Нечетная",
        "discipline": "лек БЖД",
        "classroom": "318; ",
        "lecturer": "Тюрина Н.В."
    },
    {
        "day": "Четверг",
        "week_code": "2",
        "time": "10:50 Четная",
        "discipline": "лек БЖД",
        "classroom": "374; ",
        "lecturer": "Тюрина Н.В."
    },
    {
        "day": "Четверг",
        "week_code": "1",
        "time": "12:40 Нечетная",
        "discipline": "лаб БЖД",
        "classroom": "384б; ",
        "lecturer": "Тюрина Н.В."
    },
    {
        "day": "Четверг",
        "week_code": "2",
        "time": "12:40 Четная",
        "discipline": "лаб ЭЛ-РАД-ИЗМЕРЕН",
        "classroom": "425; ",
        "lecturer": "Певишев С.А."
    },
    {
        "day": "Четверг",
        "week_code": "1",
        "time": "14:55 Нечетная",
        "discipline": "пр ОБЕСП.КАЧЕСТВА",
        "classroom": "332; ",
        "lecturer": "Кудрявцев А.В."
    },
    {
        "day": "Четверг",
        "week_code": "2",
        "time": "14:55 Четная",
        "discipline": "пр ОБЕСП.КАЧЕСТВА",
        "classroom": "332; ",
        "lecturer": "Кудрявцев А.В."
    },
    {
        "day": "Пятница",
        "week_code": "1",
        "time": "10:50 Нечетная",
        "discipline": "лаб ФИЗ.ОСН.ИЗМЕР.",
        "classroom": "лаб к.Н2-2; ",
        "lecturer": "Юлиш В.И."
    },
    {
        "day": "Пятница",
        "week_code": "1",
        "time": "12:40 Нечетная",
        "discipline": "пр ФИЗ.ОСН.ИЗМЕР.",
        "classroom": "332; ",
        "lecturer": "Юлиш В.И."
    },
    {
        "day": "Пятница",
        "week_code": "2",
        "time": "12:40 Четная",
        "discipline": "пр ФИЗ.ОСН.ИЗМЕР.",
        "classroom": "332; ",
        "lecturer": "Юлиш В.И."
    },
    {
        "day": "Пятница",
        "week_code": "1",
        "time": "14:55 Нечетная",
        "discipline": "лек ОБЕСП.КАЧЕСТВА",
        "classroom": "372; ",
        "lecturer": "Кудрявцев А.В."
    },
    {
        "day": "Пятница",
        "week_code": "2",
        "time": "14:55 Четная",
        "discipline": "лек ОБЕСП.КАЧЕСТВА",
        "classroom": "372; ",
        "lecturer": "Кудрявцев А.В."
    },
    {
        "day": "Пятница",
        "week_code": "1",
        "time": "16:45 Нечетная",
        "discipline": "пр ОСН.ТЕХН.ПР-СТР",
        "classroom": "352; ",
        "lecturer": "Колыванов А.Ю."
    },
    {
        "day": "Пятница",
        "week_code": "2",
        "time": "16:45 Четная",
        "discipline": "пр ОСН.ТЕХН.ПР-СТР",
        "classroom": "352; ",
        "lecturer": "Колыванов А.Ю."
    }
]