[
    {
        "day": 1,
        "week_code": 1,
        "time": "18:30 Нечетная",
        "discipline": "пр АВТ.ПР.ИЗМ,ИСП,И КОН.",
        "classroom": "332; ",
        "lecturer": "Винник С.А."
    },
    {
        "day": 1,
        "week_code": 2,
        "time": "18:30 Четная",
        "discipline": "пр АВТ.ПР.ИЗМ,ИСП,И КОН.",
        "classroom": "332; ",
        "lecturer": "Винник С.А."
    },
    {
        "day": 1,
        "week_code": 1,
        "time": "20:05 Нечетная",
        "discipline": "пр АВТ.ПР.ИЗМ,ИСП,И КОН.",
        "classroom": "332; ",
        "lecturer": "Винник С.А."
    },
    {
        "day": 1,
        "week_code": 2,
        "time": "20:05 Четная",
        "discipline": "пр АВТ.ПР.ИЗМ,ИСП,И КОН.",
        "classroom": "332; ",
        "lecturer": "Винник С.А."
    },
    {
        "day": 2,
        "week_code": 1,
        "time": "16:45 Нечетная",
        "discipline": "лаб МЕТР.ОБЕСП.ПР-ВА",
        "classroom": "к.Н2-4; ",
        "lecturer": "Толстая В.А."
    },
    {
        "day": 2,
        "week_code": 2,
        "time": "16:45 Четная",
        "discipline": "лаб МЕТР.ОБЕСП.ПР-ВА",
        "classroom": "к.Н2-4; ",
        "lecturer": "Толстая В.А."
    },
    {
        "day": 2,
        "week_code": 1,
        "time": "18:30 Нечетная",
        "discipline": "лек ВЫСШ. МАТ. В НИ",
        "classroom": "450; ",
        "lecturer": "Павлов Ю.В."
    },
    {
        "day": 2,
        "week_code": 2,
        "time": "18:30 Четная",
        "discipline": "лек ВЫСШ. МАТ. В НИ",
        "classroom": "450; ",
        "lecturer": "Павлов Ю.В."
    },
    {
        "day": 2,
        "week_code": 1,
        "time": "20:05 Нечетная",
        "discipline": "пр ВЫСШ. МАТ. В НИ",
        "classroom": "219*; ",
        "lecturer": "Павлов Ю.В."
    },
    {
        "day": 3,
        "week_code": 1,
        "time": "16:45 Нечетная",
        "discipline": "пр ИН. ЯЗ.",
        "classroom": "311*; ",
        "lecturer": "Абсалямова И.А."
    },
    {
        "day": 3,
        "week_code": 2,
        "time": "16:45 Четная",
        "discipline": "пр ИН. ЯЗ.",
        "classroom": "311*; ",
        "lecturer": "Абсалямова И.А."
    },
    {
        "day": 3,
        "week_code": 1,
        "time": "18:30 Нечетная",
        "discipline": "пр МЕТ. НАУЧ. ИССЛЕД",
        "classroom": "402*; ",
        "lecturer": "Дрозд А.Л."
    },
    {
        "day": 3,
        "week_code": 1,
        "time": "20:05 Нечетная",
        "discipline": "пр УПР.ПРОЕКТАМИ",
        "classroom": "430*; ",
        "lecturer": "Бурмакин В.М."
    },
    {
        "day": 4,
        "week_code": 1,
        "time": "14:55 Нечетная",
        "discipline": "лек МЕТР.ОБЕСП.ПР-ВА",
        "classroom": "352; ",
        "lecturer": "Иванова О.Ю."
    },
    {
        "day": 4,
        "week_code": 1,
        "time": "16:45 Нечетная",
        "discipline": "лек УПР.ПРОЕКТАМИ",
        "classroom": "429*; ",
        "lecturer": "Шехова Н.В."
    },
    {
        "day": 4,
        "week_code": 2,
        "time": "16:45 Четная",
        "discipline": "лек МЕТ. НАУЧ. ИССЛЕД",
        "classroom": "526*; ",
        "lecturer": "Дрозд А.Л."
    },
    {
        "day": 4,
        "week_code": 1,
        "time": "18:30 Нечетная",
        "discipline": "пр ОБЕС.КАЧЕТВА ТП",
        "classroom": "332; ",
        "lecturer": "Купцов П.В."
    },
    {
        "day": 4,
        "week_code": 2,
        "time": "18:30 Четная",
        "discipline": "пр ОБЕС.КАЧЕТВА ТП",
        "classroom": "332; ",
        "lecturer": "Купцов П.В."
    },
    {
        "day": 4,
        "week_code": 2,
        "time": "20:05 Четная",
        "discipline": "пр ОБЕС.КАЧЕТВА ТП",
        "classroom": "332; ",
        "lecturer": "Купцов П.В."
    },
    {
        "day": 6,
        "week_code": 1,
        "time": "9:00 Нечетная",
        "discipline": "пр СИСТ.АНАЛИЗ В ПД",
        "classroom": "352; ",
        "lecturer": "Юнаков И.Л."
    },
    {
        "day": 6,
        "week_code": 2,
        "time": "9:00 Четная",
        "discipline": "пр СИСТ.АНАЛИЗ В ПД",
        "classroom": "352; ",
        "lecturer": "Юнаков И.Л."
    },
    {
        "day": 6,
        "week_code": 2,
        "time": "10:50 Четная",
        "discipline": "пр СИСТ.АНАЛИЗ В ПД",
        "classroom": "352; ",
        "lecturer": "Юнаков И.Л."
    }
]