[
    {
        "day": 1,
        "week_code": 1,
        "time": "9:00 Нечетная",
        "discipline": "пр ДОП. ПОДГОТОВКА",
        "classroom": null,
        "lecturer": null
    },
    {
        "day": 1,
        "week_code": 2,
        "time": "9:00 Четная",
        "discipline": "пр ДОП. ПОДГОТОВКА",
        "classroom": null,
        "lecturer": null
    },
    {
        "day": 1,
        "week_code": 1,
        "time": "10:50 Нечетная",
        "discipline": "пр ДОП. ПОДГОТОВКА",
        "classroom": null,
        "lecturer": null
    },
    {
        "day": 1,
        "week_code": 2,
        "time": "10:50 Четная",
        "discipline": "пр ДОП. ПОДГОТОВКА",
        "classroom": null,
        "lecturer": null
    },
    {
        "day": 1,
        "week_code": 1,
        "time": "12:40 Нечетная",
        "discipline": "пр ДОП. ПОДГОТОВКА",
        "classroom": null,
        "lecturer": null
    },
    {
        "day": 1,
        "week_code": 2,
        "time": "12:40 Четная",
        "discipline": "пр ДОП. ПОДГОТОВКА",
        "classroom": null,
        "lecturer": null
    },
    {
        "day": 1,
        "week_code": 1,
        "time": "14:55 Нечетная",
        "discipline": "пр ДОП. ПОДГОТОВКА",
        "classroom": null,
        "lecturer": null
    },
    {
        "day": 1,
        "week_code": 2,
        "time": "14:55 Четная",
        "discipline": "пр ДОП. ПОДГОТОВКА",
        "classroom": null,
        "lecturer": null
    },
    {
        "day": 2,
        "week_code": 2,
        "time": "9:00 Четная",
        "discipline": "лек ТЕХНОЛ.СИНТ.ППГ",
        "classroom": "325а; ",
        "lecturer": "Митрофанов М.И."
    },
    {
        "day": 2,
        "week_code": 1,
        "time": "10:50 Нечетная",
        "discipline": "лаб ТЕХНОЛ.СИНТ.ППГ",
        "classroom": "325а; ",
        "lecturer": "Митрофанов М.И."
    },
    {
        "day": 2,
        "week_code": 2,
        "time": "10:50 Четная",
        "discipline": "лаб ТЕХНОЛ.СИНТ.ППГ",
        "classroom": "325а; ",
        "lecturer": "Митрофанов М.И."
    },
    {
        "day": 2,
        "week_code": 1,
        "time": "12:40 Нечетная",
        "discipline": "лаб ОПТИЧ.МАТЕРИАЛОВ.",
        "classroom": "338о*; ",
        "lecturer": "Лентовский В.В."
    },
    {
        "day": 2,
        "week_code": 2,
        "time": "12:40 Четная",
        "discipline": "лаб ОПТИЧ.МАТЕРИАЛОВ.",
        "classroom": "338о*; ",
        "lecturer": "Лентовский В.В."
    },
    {
        "day": 2,
        "week_code": 1,
        "time": "14:55 Нечетная",
        "discipline": "лек ОПТИЧ.МАТЕРИАЛОВ.",
        "classroom": "338г*; ",
        "lecturer": "Лентовский В.В."
    },
    {
        "day": 2,
        "week_code": 2,
        "time": "14:55 Четная",
        "discipline": "лек ОПТИЧ.МАТЕРИАЛОВ.",
        "classroom": "338г*; ",
        "lecturer": "Лентовский В.В."
    },
    {
        "day": 4,
        "week_code": 1,
        "time": "9:00 Нечетная",
        "discipline": "лаб ОСНОВЫ ФОТОНИКИ",
        "classroom": "219а; ",
        "lecturer": "Емельянов В.М."
    },
    {
        "day": 4,
        "week_code": 2,
        "time": "9:00 Четная",
        "discipline": "лаб ОСНОВЫ ФОТОНИКИ",
        "classroom": "219а; ",
        "lecturer": "Емельянов В.М."
    },
    {
        "day": 4,
        "week_code": 1,
        "time": "10:50 Нечетная",
        "discipline": "пр ОСН.КОНСТР.ОЭ ПРИБ.",
        "classroom": "218; ",
        "lecturer": "Сергеев А.А."
    },
    {
        "day": 4,
        "week_code": 2,
        "time": "10:50 Четная",
        "discipline": "лек ОСНОВЫ ФОТОНИКИ",
        "classroom": "219а; ",
        "lecturer": "Емельянов В.М."
    },
    {
        "day": 4,
        "week_code": 1,
        "time": "12:40 Нечетная",
        "discipline": "пр ОСН.КОНСТР.ОЭ ПРИБ.",
        "classroom": "218; ",
        "lecturer": "Сергеев А.А."
    },
    {
        "day": 4,
        "week_code": 2,
        "time": "12:40 Четная",
        "discipline": "пр ОСН.КОНСТР.ОЭ ПРИБ.",
        "classroom": "218; ",
        "lecturer": "Сергеев А.А."
    },
    {
        "day": 5,
        "week_code": 1,
        "time": "14:55 Нечетная",
        "discipline": "лек ПРИБ.КВАНТ.ЭЛЕКТ",
        "classroom": "324; ",
        "lecturer": "Ивакин С.В."
    },
    {
        "day": 5,
        "week_code": 2,
        "time": "14:55 Четная",
        "discipline": "лек ПРИБ.КВАНТ.ЭЛЕКТ",
        "classroom": "324; ",
        "lecturer": "Ивакин С.В."
    },
    {
        "day": 5,
        "week_code": 1,
        "time": "16:45 Нечетная",
        "discipline": "лаб ПРИБ.КВАНТ.ЭЛЕКТ",
        "classroom": "219а; ",
        "lecturer": "Ивакин С.В."
    },
    {
        "day": 5,
        "week_code": 2,
        "time": "16:45 Четная",
        "discipline": "лаб ПРИБ.КВАНТ.ЭЛЕКТ",
        "classroom": "219а; ",
        "lecturer": "Ивакин С.В."
    }
]