[
    {
        "day": 1,
        "week_code": 1,
        "time": "10:50 Нечетная",
        "discipline": "лек БЖД",
        "classroom": "315; ",
        "lecturer": "Буторина М.В."
    },
    {
        "day": 1,
        "week_code": 2,
        "time": "10:50 Четная",
        "discipline": "лек БЖД",
        "classroom": "315; ",
        "lecturer": "Буторина М.В."
    },
    {
        "day": 1,
        "week_code": 1,
        "time": "12:40 Нечетная",
        "discipline": "пр ОСН.МЕНЕДЖМЕНТ",
        "classroom": "429*; ",
        "lecturer": "Иванова Т.Д."
    },
    {
        "day": 1,
        "week_code": 2,
        "time": "12:40 Четная",
        "discipline": "пр ОСН.МЕНЕДЖМЕНТ",
        "classroom": "433*; ",
        "lecturer": "Иванова Т.Д."
    },
    {
        "day": 2,
        "week_code": 1,
        "time": "16:45 Нечетная",
        "discipline": "лек МЕТ.КРОСС.ТРАНСЛ.",
        "classroom": "313а; ",
        "lecturer": "Зимина Д.В."
    },
    {
        "day": 2,
        "week_code": 2,
        "time": "16:45 Четная",
        "discipline": "пр ОРГ.ПРАВ.ОБ.ИБ",
        "classroom": "256*; ",
        "lecturer": "Шимкун В.В."
    },
    {
        "day": 2,
        "week_code": 2,
        "time": "18:30 Четная",
        "discipline": "лек ОРГ.ПРАВ.ОБ.ИБ",
        "classroom": "325*; ",
        "lecturer": "Бескин Д.А."
    },
    {
        "day": 3,
        "week_code": 1,
        "time": "14:55 Нечетная",
        "discipline": "лек ЯЗ.И СР.РАЗР.INT",
        "classroom": "315; ",
        "lecturer": "Тропченко А.А."
    },
    {
        "day": 3,
        "week_code": 2,
        "time": "14:55 Четная",
        "discipline": "лек ЯЗ.И СР.РАЗР.INT",
        "classroom": "315; ",
        "lecturer": "Тропченко А.А."
    },
    {
        "day": 3,
        "week_code": 1,
        "time": "16:45 Нечетная",
        "discipline": "лек БАЗЫ ДАННЫХ",
        "classroom": "314; ",
        "lecturer": "Верхолат А.М."
    },
    {
        "day": 3,
        "week_code": 2,
        "time": "16:45 Четная",
        "discipline": "лек БАЗЫ ДАННЫХ",
        "classroom": "314; ",
        "lecturer": "Верхолат А.М."
    },
    {
        "day": 3,
        "week_code": 1,
        "time": "18:30 Нечетная",
        "discipline": "пр ЯЗ.И СР.РАЗР.INT",
        "classroom": "256*; ",
        "lecturer": "Мажайцев Е.А."
    },
    {
        "day": 3,
        "week_code": 2,
        "time": "18:30 Четная",
        "discipline": "пр ЯЗ.И СР.РАЗР.INT",
        "classroom": "256*; ",
        "lecturer": "Мажайцев Е.А."
    },
    {
        "day": 4,
        "week_code": 1,
        "time": "14:55 Нечетная",
        "discipline": "лаб БЖД",
        "classroom": "384б; ",
        "lecturer": "Храпко Н.Н."
    },
    {
        "day": 4,
        "week_code": 2,
        "time": "14:55 Четная",
        "discipline": "пр БЖД",
        "classroom": "486; ",
        "lecturer": "Храпко Н.Н."
    },
    {
        "day": 4,
        "week_code": 1,
        "time": "16:45 Нечетная",
        "discipline": "пр МЕТ.КРОСС.ТРАНСЛ.",
        "classroom": "258*; ",
        "lecturer": "Шимкун В.В."
    },
    {
        "day": 4,
        "week_code": 2,
        "time": "16:45 Четная",
        "discipline": "пр МЕТ.КРОСС.ТРАНСЛ.",
        "classroom": "257*; ",
        "lecturer": "Шимкун В.В."
    },
    {
        "day": 4,
        "week_code": 1,
        "time": "18:30 Нечетная",
        "discipline": "лек ЗАЩ. ИНФ.УТЕЧ.",
        "classroom": "252*; ",
        "lecturer": "Белов А.В."
    },
    {
        "day": 4,
        "week_code": 2,
        "time": "18:30 Четная",
        "discipline": "лек ЗАЩ. ИНФ.УТЕЧ.",
        "classroom": "252*; ",
        "lecturer": "Белов А.В."
    },
    {
        "day": 4,
        "week_code": 1,
        "time": "20:05 Нечетная",
        "discipline": "пр ЗАЩ. ИНФ.УТЕЧ.",
        "classroom": "218*; ",
        "lecturer": "Белов А.В."
    },
    {
        "day": 4,
        "week_code": 2,
        "time": "20:05 Четная",
        "discipline": "пр ЗАЩ. ИНФ.УТЕЧ.",
        "classroom": "256*; ",
        "lecturer": "Белов А.В."
    },
    {
        "day": 5,
        "week_code": 1,
        "time": "10:50 Нечетная",
        "discipline": "лек ОСН.МЕНЕДЖМЕНТ",
        "classroom": "401*; ",
        "lecturer": "Иванова Т.Д."
    },
    {
        "day": 5,
        "week_code": 1,
        "time": "12:40 Нечетная",
        "discipline": "пр БАЗЫ ДАННЫХ",
        "classroom": "216*; ",
        "lecturer": "Устиновский Г.С."
    },
    {
        "day": 5,
        "week_code": 2,
        "time": "16:45 Четная",
        "discipline": "лек ЗАЩ. ИНФ.УТЕЧ.",
        "classroom": "252*; ",
        "lecturer": "Белов А.В."
    },
    {
        "day": 5,
        "week_code": 2,
        "time": "18:30 Четная",
        "discipline": "пр ЯЗ.И СР.РАЗР.INT",
        "classroom": "218*; ",
        "lecturer": "Мажайцев Е.А."
    }
]