[
    {
        "day": 1,
        "week_code": 1,
        "time": "9:00 Нечетная",
        "discipline": "пр ПРЕДСТ.ЗНАН.В ИС",
        "classroom": "ВЦ 371; ",
        "lecturer": "Наурусова Г.А."
    },
    {
        "day": 1,
        "week_code": 2,
        "time": "9:00 Четная",
        "discipline": "пр ПРЕДСТ.ЗНАН.В ИС",
        "classroom": "ВЦ 371; ",
        "lecturer": "Наурусова Г.А."
    },
    {
        "day": 1,
        "week_code": 1,
        "time": "10:50 Нечетная",
        "discipline": "лек ПРЕДСТ.ЗНАН.В ИС",
        "classroom": "316; ",
        "lecturer": "Наурусова Г.А."
    },
    {
        "day": 1,
        "week_code": 2,
        "time": "10:50 Четная",
        "discipline": "лек ПРЕДСТ.ЗНАН.В ИС",
        "classroom": "316; ",
        "lecturer": "Наурусова Г.А."
    },
    {
        "day": 2,
        "week_code": 1,
        "time": "12:40 Нечетная",
        "discipline": "лаб БЖД",
        "classroom": "384б; ",
        "lecturer": "Храпко Н.Н."
    },
    {
        "day": 2,
        "week_code": 1,
        "time": "14:55 Нечетная",
        "discipline": "пр ОСН.ПАРАЛЛ.ВЫЧ",
        "classroom": "219*а; ",
        "lecturer": "Лестенко Н.А."
    },
    {
        "day": 2,
        "week_code": 1,
        "time": "16:45 Нечетная",
        "discipline": "пр ОСН.ПАРАЛЛ.ВЫЧ",
        "classroom": "256*; ",
        "lecturer": "Лестенко Н.А."
    },
    {
        "day": 2,
        "week_code": 2,
        "time": "16:45 Четная",
        "discipline": "пр ОСН.ПАРАЛЛ.ВЫЧ",
        "classroom": "258*; ",
        "lecturer": "Лестенко Н.А."
    },
    {
        "day": 2,
        "week_code": 1,
        "time": "18:30 Нечетная",
        "discipline": "лек ОСН.ПАРАЛЛ.ВЫЧ",
        "classroom": "314; ",
        "lecturer": "Зимина Д.В."
    },
    {
        "day": 2,
        "week_code": 2,
        "time": "18:30 Четная",
        "discipline": "лек ОСН.ПАРАЛЛ.ВЫЧ",
        "classroom": "314; ",
        "lecturer": "Зимина Д.В."
    },
    {
        "day": 2,
        "week_code": 2,
        "time": "20:05 Четная",
        "discipline": "лек ОРГ.ПРАВ.ОБ.ИБ",
        "classroom": "325*; ",
        "lecturer": "Бескин Д.А."
    },
    {
        "day": 3,
        "week_code": 1,
        "time": "14:55 Нечетная",
        "discipline": "лек БАЗЫ ДАННЫХ",
        "classroom": "316; ",
        "lecturer": "Верхолат А.М."
    },
    {
        "day": 3,
        "week_code": 2,
        "time": "14:55 Четная",
        "discipline": "лек БАЗЫ ДАННЫХ",
        "classroom": "316; ",
        "lecturer": "Верхолат А.М."
    },
    {
        "day": 3,
        "week_code": 2,
        "time": "16:45 Четная",
        "discipline": "лек ОСН.МЕНЕДЖМЕНТ",
        "classroom": "331*; ",
        "lecturer": "Иванова Т.Д."
    },
    {
        "day": 4,
        "week_code": 2,
        "time": "14:55 Четная",
        "discipline": "пр ОРГ.ПРАВ.ОБ.ИБ",
        "classroom": "252*; ",
        "lecturer": "Шимкун В.В."
    },
    {
        "day": 4,
        "week_code": 2,
        "time": "16:45 Четная",
        "discipline": "пр РАЗР.ПОЛЬЗ.ИНТ-Ф",
        "classroom": "219*а; ",
        "lecturer": "Снижко Е.А."
    },
    {
        "day": 4,
        "week_code": 1,
        "time": "18:30 Нечетная",
        "discipline": "пр ОСН.МЕНЕДЖМЕНТ",
        "classroom": "430*; ",
        "lecturer": "Иванова Т.Д."
    },
    {
        "day": 4,
        "week_code": 2,
        "time": "18:30 Четная",
        "discipline": "пр ОСН.МЕНЕДЖМЕНТ",
        "classroom": "430*; ",
        "lecturer": "Иванова Т.Д."
    },
    {
        "day": 4,
        "week_code": 1,
        "time": "20:05 Нечетная",
        "discipline": "пр БАЗЫ ДАННЫХ",
        "classroom": "256*; ",
        "lecturer": "Заборовский И.С."
    },
    {
        "day": 5,
        "week_code": 2,
        "time": "12:40 Четная",
        "discipline": "пр БЖД",
        "classroom": "486; ",
        "lecturer": "Храпко Н.Н."
    },
    {
        "day": 5,
        "week_code": 1,
        "time": "14:55 Нечетная",
        "discipline": "лек БЖД",
        "classroom": "318; ",
        "lecturer": "Буторина М.В."
    },
    {
        "day": 5,
        "week_code": 2,
        "time": "14:55 Четная",
        "discipline": "лек БЖД",
        "classroom": "318; ",
        "lecturer": "Буторина М.В."
    },
    {
        "day": 5,
        "week_code": 1,
        "time": "16:45 Нечетная",
        "discipline": "лек РАЗР.ПОЛЬЗ.ИНТ-Ф",
        "classroom": "314; ",
        "lecturer": "Снижко Е.А."
    },
    {
        "day": 5,
        "week_code": 2,
        "time": "16:45 Четная",
        "discipline": "лек РАЗР.ПОЛЬЗ.ИНТ-Ф",
        "classroom": "314; ",
        "lecturer": "Снижко Е.А."
    }
]