[
    {
        "day": "Понедельник",
        "week_code": "1",
        "time": "12:40 Нечетная",
        "discipline": "пр КОМП.ПРАКТИКУМ",
        "classroom": "257*; ",
        "lecturer": "Мажайцев Е.А."
    },
    {
        "day": "Понедельник",
        "week_code": "2",
        "time": "12:40 Четная",
        "discipline": "пр КОМП.ПРАКТИКУМ",
        "classroom": "257*; ",
        "lecturer": "Мажайцев Е.А."
    },
    {
        "day": "Понедельник",
        "week_code": "1",
        "time": "14:55 Нечетная",
        "discipline": "пр КОМП.ПРАКТИКУМ",
        "classroom": "257*; ",
        "lecturer": "Мажайцев Е.А."
    },
    {
        "day": "Понедельник",
        "week_code": "2",
        "time": "14:55 Четная",
        "discipline": "пр СИСТЕМНОЕ ПО",
        "classroom": "258*; ",
        "lecturer": "Белов А.В."
    },
    {
        "day": "Вторник",
        "week_code": "1",
        "time": "12:40 Нечетная",
        "discipline": "пр ТОЭ",
        "classroom": "492; ",
        "lecturer": "Галайдин П.А."
    },
    {
        "day": "Вторник",
        "week_code": "2",
        "time": "12:40 Четная",
        "discipline": "пр ТОЭ",
        "classroom": "444; ",
        "lecturer": "Галайдин П.А."
    },
    {
        "day": "Вторник",
        "week_code": "1",
        "time": "14:55 Нечетная",
        "discipline": "пр ЭК ПО ФК И СПОРТУ",
        "classroom": null,
        "lecturer": null
    },
    {
        "day": "Вторник",
        "week_code": "2",
        "time": "14:55 Четная",
        "discipline": "пр ЭК ПО ФК И СПОРТУ",
        "classroom": null,
        "lecturer": null
    },
    {
        "day": "Вторник",
        "week_code": "1",
        "time": "16:45 Нечетная",
        "discipline": "пр ИН. ЯЗ.",
        "classroom": "312*; ",
        "lecturer": "Родионова Е.В."
    },
    {
        "day": "Вторник",
        "week_code": "2",
        "time": "16:45 Четная",
        "discipline": "пр ИН. ЯЗ.",
        "classroom": "312*; ",
        "lecturer": "Родионова Е.В."
    },
    {
        "day": "Среда",
        "week_code": "1",
        "time": "9:00 Нечетная",
        "discipline": "лаб ТОЭ",
        "classroom": "356*; 366*; ",
        "lecturer": "Галайдин П.А."
    },
    {
        "day": "Среда",
        "week_code": "1",
        "time": "10:50 Нечетная",
        "discipline": "лек ТОЭ",
        "classroom": "325*; ",
        "lecturer": "Галайдин П.А."
    },
    {
        "day": "Среда",
        "week_code": "2",
        "time": "10:50 Четная",
        "discipline": "лек ТОЭ",
        "classroom": "325*; ",
        "lecturer": "Галайдин П.А."
    },
    {
        "day": "Среда",
        "week_code": "1",
        "time": "12:40 Нечетная",
        "discipline": "лек ПРАВОВЕДЕНИЕ",
        "classroom": "315; ",
        "lecturer": "Лебедев Г.В."
    },
    {
        "day": "Среда",
        "week_code": "2",
        "time": "12:40 Четная",
        "discipline": "лек ОСН.СИСТ.АН.",
        "classroom": "315; ",
        "lecturer": "Мишина О.А."
    },
    {
        "day": "Среда",
        "week_code": "1",
        "time": "14:55 Нечетная",
        "discipline": "пр ВЫСШ. МАТЕМАТ",
        "classroom": "213*; ",
        "lecturer": "Волченкова Н.М."
    },
    {
        "day": "Среда",
        "week_code": "2",
        "time": "14:55 Четная",
        "discipline": "пр ВЫСШ. МАТЕМАТ",
        "classroom": "213*; ",
        "lecturer": "Волченкова Н.М."
    },
    {
        "day": "Четверг",
        "week_code": "2",
        "time": "10:50 Четная",
        "discipline": "пр ПРАВОВЕДЕНИЕ",
        "classroom": "484; ",
        "lecturer": "Лебедев Г.В."
    },
    {
        "day": "Четверг",
        "week_code": "1",
        "time": "12:40 Нечетная",
        "discipline": "лек ФИЗ.ОСН.МИКРОЭЛ",
        "classroom": "316; ",
        "lecturer": "Ярыгин Д.М."
    },
    {
        "day": "Четверг",
        "week_code": "2",
        "time": "12:40 Четная",
        "discipline": "лек ФИЗ.ОСН.МИКРОЭЛ",
        "classroom": "316; ",
        "lecturer": "Ярыгин Д.М."
    },
    {
        "day": "Четверг",
        "week_code": "1",
        "time": "14:55 Нечетная",
        "discipline": "пр ЭК ПО ФК И СПОРТУ",
        "classroom": null,
        "lecturer": null
    },
    {
        "day": "Четверг",
        "week_code": "2",
        "time": "14:55 Четная",
        "discipline": "пр ЭК ПО ФК И СПОРТУ",
        "classroom": null,
        "lecturer": null
    },
    {
        "day": "Пятница",
        "week_code": "1",
        "time": "9:00 Нечетная",
        "discipline": "лек ФИЗИКА",
        "classroom": "331*; ",
        "lecturer": "Мозговая В.Г."
    },
    {
        "day": "Пятница",
        "week_code": "2",
        "time": "9:00 Четная",
        "discipline": "лек ФИЗИКА",
        "classroom": "331*; ",
        "lecturer": "Мозговая В.Г."
    },
    {
        "day": "Пятница",
        "week_code": "1",
        "time": "10:50 Нечетная",
        "discipline": "лек ВЫСШ. МАТЕМАТ",
        "classroom": "331*; ",
        "lecturer": "Нестеров В.В."
    },
    {
        "day": "Пятница",
        "week_code": "2",
        "time": "10:50 Четная",
        "discipline": "лек ВЫСШ. МАТЕМАТ",
        "classroom": "331*; ",
        "lecturer": "Нестеров В.В."
    },
    {
        "day": "Пятница",
        "week_code": "1",
        "time": "12:40 Нечетная",
        "discipline": "лек СИСТЕМНОЕ ПО",
        "classroom": "313а; ",
        "lecturer": "Верхолат А.М."
    },
    {
        "day": "Пятница",
        "week_code": "2",
        "time": "12:40 Четная",
        "discipline": "лек СИСТЕМНОЕ ПО",
        "classroom": "313а; ",
        "lecturer": "Верхолат А.М."
    },
    {
        "day": "Пятница",
        "week_code": "1",
        "time": "14:55 Нечетная",
        "discipline": "пр ОСН.СИСТ.АН.",
        "classroom": "346; ",
        "lecturer": "Мишина О.А."
    },
    {
        "day": "Пятница",
        "week_code": "2",
        "time": "14:55 Четная",
        "discipline": "лаб ФИЗ.ОСН.МИКРОЭЛ",
        "classroom": "430; ",
        "lecturer": "Волкова М.В."
    }
]