[
    {
        "day": 1,
        "week_code": 2,
        "time": "9:00 Четная",
        "discipline": "лаб ФИЗ.ОСН.МИКРОЭЛ",
        "classroom": "430; ",
        "lecturer": "Новиков А.В."
    },
    {
        "day": 1,
        "week_code": 2,
        "time": "10:50 Четная",
        "discipline": "пр ПРАВОВЕДЕНИЕ",
        "classroom": "456; ",
        "lecturer": "Диденко Л.Г."
    },
    {
        "day": 1,
        "week_code": 1,
        "time": "12:40 Нечетная",
        "discipline": "лек ФИЗ.ОСН.МИКРОЭЛ",
        "classroom": "324; ",
        "lecturer": "Новиков А.В."
    },
    {
        "day": 1,
        "week_code": 2,
        "time": "12:40 Четная",
        "discipline": "лек ФИЗ.ОСН.МИКРОЭЛ",
        "classroom": "324; ",
        "lecturer": "Новиков А.В."
    },
    {
        "day": 1,
        "week_code": 1,
        "time": "14:55 Нечетная",
        "discipline": "лек ТОЭ",
        "classroom": "443; ",
        "lecturer": "Лойко А.В."
    },
    {
        "day": 1,
        "week_code": 2,
        "time": "14:55 Четная",
        "discipline": "лек ТОЭ",
        "classroom": "443; ",
        "lecturer": "Лойко А.В."
    },
    {
        "day": 2,
        "week_code": 1,
        "time": "10:50 Нечетная",
        "discipline": "пр ВЫСШ. МАТЕМАТ",
        "classroom": "446; ",
        "lecturer": "Забалканская Л.Э."
    },
    {
        "day": 2,
        "week_code": 2,
        "time": "10:50 Четная",
        "discipline": "пр ВЫСШ. МАТЕМАТ",
        "classroom": "376; ",
        "lecturer": "Забалканская Л.Э."
    },
    {
        "day": 2,
        "week_code": 1,
        "time": "12:40 Нечетная",
        "discipline": "лек ПРАВОВЕДЕНИЕ",
        "classroom": "451; ",
        "lecturer": "Диденко Л.Г."
    },
    {
        "day": 2,
        "week_code": 2,
        "time": "12:40 Четная",
        "discipline": "пр ОСН.СИСТ.АН.",
        "classroom": "346; ",
        "lecturer": "Воробьева Е.Е."
    },
    {
        "day": 2,
        "week_code": 1,
        "time": "14:55 Нечетная",
        "discipline": "лек ОСН.СИСТ.АН.",
        "classroom": "316; ",
        "lecturer": "Воробьева Е.Е."
    },
    {
        "day": 2,
        "week_code": 2,
        "time": "14:55 Четная",
        "discipline": "лаб ТОЭ",
        "classroom": "356*; 366*; ",
        "lecturer": "Лойко А.В."
    },
    {
        "day": 2,
        "week_code": 1,
        "time": "16:45 Нечетная",
        "discipline": "пр ЭК ПО ФК И СПОРТУ",
        "classroom": null,
        "lecturer": null
    },
    {
        "day": 2,
        "week_code": 2,
        "time": "16:45 Четная",
        "discipline": "пр ЭК ПО ФК И СПОРТУ",
        "classroom": null,
        "lecturer": null
    },
    {
        "day": 3,
        "week_code": 1,
        "time": "12:40 Нечетная",
        "discipline": "пр ИН. ЯЗ.",
        "classroom": "326* Я; ",
        "lecturer": "Петрова И.О."
    },
    {
        "day": 3,
        "week_code": 2,
        "time": "12:40 Четная",
        "discipline": "пр ИН. ЯЗ.",
        "classroom": "326* Я; ",
        "lecturer": "Петрова И.О."
    },
    {
        "day": 3,
        "week_code": 1,
        "time": "14:55 Нечетная",
        "discipline": "пр КОМП.ПРАКТИКУМ",
        "classroom": "257*; ",
        "lecturer": "Мажайцев Е.А."
    },
    {
        "day": 3,
        "week_code": 2,
        "time": "14:55 Четная",
        "discipline": "пр КОМП.ПРАКТИКУМ",
        "classroom": "219*а; ",
        "lecturer": "Мажайцев Е.А."
    },
    {
        "day": 3,
        "week_code": 2,
        "time": "16:45 Четная",
        "discipline": "пр КОМП.ПРАКТИКУМ",
        "classroom": "257*; ",
        "lecturer": "Мажайцев Е.А."
    },
    {
        "day": 4,
        "week_code": 2,
        "time": "12:40 Четная",
        "discipline": "пр СИСТЕМНОЕ ПО",
        "classroom": "258*; ",
        "lecturer": "Устиновский Г.С."
    },
    {
        "day": 4,
        "week_code": 1,
        "time": "14:55 Нечетная",
        "discipline": "лек СИСТЕМНОЕ ПО",
        "classroom": "310; ",
        "lecturer": "Верхолат А.М."
    },
    {
        "day": 4,
        "week_code": 2,
        "time": "14:55 Четная",
        "discipline": "лек СИСТЕМНОЕ ПО",
        "classroom": "310; ",
        "lecturer": "Верхолат А.М."
    },
    {
        "day": 4,
        "week_code": 1,
        "time": "16:45 Нечетная",
        "discipline": "пр ТОЭ",
        "classroom": "446; ",
        "lecturer": "Лойко А.В."
    },
    {
        "day": 4,
        "week_code": 2,
        "time": "16:45 Четная",
        "discipline": "пр ТОЭ",
        "classroom": "497; ",
        "lecturer": "Лойко А.В."
    },
    {
        "day": 5,
        "week_code": 1,
        "time": "9:00 Нечетная",
        "discipline": "пр ЭК ПО ФК И СПОРТУ",
        "classroom": null,
        "lecturer": null
    },
    {
        "day": 5,
        "week_code": 2,
        "time": "9:00 Четная",
        "discipline": "пр ЭК ПО ФК И СПОРТУ",
        "classroom": null,
        "lecturer": null
    },
    {
        "day": 5,
        "week_code": 1,
        "time": "10:50 Нечетная",
        "discipline": "лек ФИЗИКА",
        "classroom": "429*; ",
        "lecturer": "Котова Л.В."
    },
    {
        "day": 5,
        "week_code": 2,
        "time": "10:50 Четная",
        "discipline": "лек ФИЗИКА",
        "classroom": "429*; ",
        "lecturer": "Котова Л.В."
    },
    {
        "day": 5,
        "week_code": 1,
        "time": "12:40 Нечетная",
        "discipline": "лек ВЫСШ. МАТЕМАТ",
        "classroom": "429*; ",
        "lecturer": "Марданов А.А."
    },
    {
        "day": 5,
        "week_code": 2,
        "time": "12:40 Четная",
        "discipline": "лек ВЫСШ. МАТЕМАТ",
        "classroom": "429*; ",
        "lecturer": "Марданов А.А."
    }
]