[
    {
        "day": 2,
        "week_code": 1,
        "time": "9:00 Нечетная",
        "discipline": "пр ИН. ЯЗ.",
        "classroom": "326*а; ",
        "lecturer": "Булдакова Е.В."
    },
    {
        "day": 2,
        "week_code": 2,
        "time": "9:00 Четная",
        "discipline": "пр ИН. ЯЗ.",
        "classroom": "326*а; ",
        "lecturer": "Булдакова Е.В."
    },
    {
        "day": 2,
        "week_code": 1,
        "time": "10:50 Нечетная",
        "discipline": "лек ФИЗИКА",
        "classroom": "325*; ",
        "lecturer": "Герт А.В."
    },
    {
        "day": 2,
        "week_code": 2,
        "time": "10:50 Четная",
        "discipline": "лек ФИЗИКА",
        "classroom": "325*; ",
        "lecturer": "Герт А.В."
    },
    {
        "day": 2,
        "week_code": 1,
        "time": "12:40 Нечетная",
        "discipline": "пр ТОЭ",
        "classroom": "360*; ",
        "lecturer": "Лойко А.В."
    },
    {
        "day": 2,
        "week_code": 2,
        "time": "12:40 Четная",
        "discipline": "пр ТОЭ",
        "classroom": "422*; ",
        "lecturer": "Лойко А.В."
    },
    {
        "day": 2,
        "week_code": 1,
        "time": "14:55 Нечетная",
        "discipline": "пр ЭК ПО ФК И СПОРТУ",
        "classroom": null,
        "lecturer": null
    },
    {
        "day": 2,
        "week_code": 2,
        "time": "14:55 Четная",
        "discipline": "пр ЭК ПО ФК И СПОРТУ",
        "classroom": null,
        "lecturer": null
    },
    {
        "day": 3,
        "week_code": 1,
        "time": "9:00 Нечетная",
        "discipline": "пр ВЫСШ. МАТЕМАТ",
        "classroom": "213*; ",
        "lecturer": "Гарынина С.В."
    },
    {
        "day": 3,
        "week_code": 2,
        "time": "9:00 Четная",
        "discipline": "пр ВЫСШ. МАТЕМАТ",
        "classroom": "213*; ",
        "lecturer": "Гарынина С.В."
    },
    {
        "day": 3,
        "week_code": 1,
        "time": "10:50 Нечетная",
        "discipline": "лек ТОЭ",
        "classroom": "331*; ",
        "lecturer": "Магдиев Р.Р."
    },
    {
        "day": 3,
        "week_code": 2,
        "time": "10:50 Четная",
        "discipline": "лек ТОЭ",
        "classroom": "331*; ",
        "lecturer": "Магдиев Р.Р."
    },
    {
        "day": 3,
        "week_code": 2,
        "time": "12:40 Четная",
        "discipline": "лек ПРАВОВЕДЕНИЕ",
        "classroom": "450; ",
        "lecturer": "Диденко Л.Г."
    },
    {
        "day": 3,
        "week_code": 2,
        "time": "14:55 Четная",
        "discipline": "пр ПРАВОВЕДЕНИЕ",
        "classroom": "486; ",
        "lecturer": "Гельдибаев М.Х."
    },
    {
        "day": 4,
        "week_code": 1,
        "time": "10:50 Нечетная",
        "discipline": "лек ОСН.СИСТ.АН.",
        "classroom": "324; ",
        "lecturer": "Захаров А.Ю."
    },
    {
        "day": 4,
        "week_code": 2,
        "time": "10:50 Четная",
        "discipline": "пр ОСН.СИСТ.АН.",
        "classroom": "346; ",
        "lecturer": "Захаров А.Ю."
    },
    {
        "day": 4,
        "week_code": 1,
        "time": "12:40 Нечетная",
        "discipline": "пр ЭК ПО ФК И СПОРТУ",
        "classroom": null,
        "lecturer": null
    },
    {
        "day": 4,
        "week_code": 2,
        "time": "12:40 Четная",
        "discipline": "пр ЭК ПО ФК И СПОРТУ",
        "classroom": null,
        "lecturer": null
    },
    {
        "day": 4,
        "week_code": 1,
        "time": "14:55 Нечетная",
        "discipline": "пр КОМП.ПРАКТИКУМ",
        "classroom": "257*; ",
        "lecturer": "Лестенко Н.А."
    },
    {
        "day": 4,
        "week_code": 2,
        "time": "14:55 Четная",
        "discipline": "пр КОМП.ПРАКТИКУМ",
        "classroom": "257*; ",
        "lecturer": "Лестенко Н.А."
    },
    {
        "day": 4,
        "week_code": 1,
        "time": "16:45 Нечетная",
        "discipline": "пр КОМП.ПРАКТИКУМ",
        "classroom": "257*; ",
        "lecturer": "Лестенко Н.А."
    },
    {
        "day": 4,
        "week_code": 2,
        "time": "16:45 Четная",
        "discipline": "лаб ТОЭ",
        "classroom": "356*; 366*; ",
        "lecturer": "Магдиев Р.Р."
    },
    {
        "day": 5,
        "week_code": 1,
        "time": "9:00 Нечетная",
        "discipline": "пр СИСТЕМНОЕ ПО",
        "classroom": "258*; ",
        "lecturer": "Устиновский Г.С."
    },
    {
        "day": 5,
        "week_code": 1,
        "time": "10:50 Нечетная",
        "discipline": "лек СИСТЕМНОЕ ПО",
        "classroom": "314; ",
        "lecturer": "Верхолат А.М."
    },
    {
        "day": 5,
        "week_code": 2,
        "time": "10:50 Четная",
        "discipline": "лек СИСТЕМНОЕ ПО",
        "classroom": "314; ",
        "lecturer": "Верхолат А.М."
    },
    {
        "day": 5,
        "week_code": 1,
        "time": "12:40 Нечетная",
        "discipline": "лек ФИЗ.ОСН.МИКРОЭЛ",
        "classroom": "324; ",
        "lecturer": "Ярыгин Д.М."
    },
    {
        "day": 5,
        "week_code": 2,
        "time": "12:40 Четная",
        "discipline": "лек ФИЗ.ОСН.МИКРОЭЛ",
        "classroom": "324; ",
        "lecturer": "Ярыгин Д.М."
    },
    {
        "day": 5,
        "week_code": 1,
        "time": "14:55 Нечетная",
        "discipline": "лек ВЫСШ. МАТЕМАТ",
        "classroom": "443; ",
        "lecturer": "Тарасова Н.В."
    },
    {
        "day": 5,
        "week_code": 2,
        "time": "14:55 Четная",
        "discipline": "лек ВЫСШ. МАТЕМАТ",
        "classroom": "443; ",
        "lecturer": "Тарасова Н.В."
    },
    {
        "day": 5,
        "week_code": 2,
        "time": "16:45 Четная",
        "discipline": "лаб ФИЗ.ОСН.МИКРОЭЛ",
        "classroom": "430; ",
        "lecturer": "Смирнов А.В."
    }
]