[
    {
        "day": 1,
        "week_code": 1,
        "time": "10:50 Нечетная",
        "discipline": "пр ЭК ПО ФК И СПОРТУ",
        "classroom": null,
        "lecturer": null
    },
    {
        "day": 1,
        "week_code": 2,
        "time": "10:50 Четная",
        "discipline": "пр ЭК ПО ФК И СПОРТУ",
        "classroom": null,
        "lecturer": null
    },
    {
        "day": 1,
        "week_code": 1,
        "time": "12:40 Нечетная",
        "discipline": "пр ИСТОРИЯ",
        "classroom": "455; ",
        "lecturer": "Охочинский Д.М."
    },
    {
        "day": 1,
        "week_code": 2,
        "time": "12:40 Четная",
        "discipline": "пр ИСТОРИЯ",
        "classroom": "477; ",
        "lecturer": "Охочинский Д.М."
    },
    {
        "day": 1,
        "week_code": 1,
        "time": "14:55 Нечетная",
        "discipline": "пр ВЫСШ. МАТЕМАТ",
        "classroom": "455; ",
        "lecturer": "Шаповалов Е.В."
    },
    {
        "day": 1,
        "week_code": 2,
        "time": "14:55 Четная",
        "discipline": "пр ВЫСШ. МАТЕМАТ",
        "classroom": "455; ",
        "lecturer": "Шаповалов Е.В."
    },
    {
        "day": 2,
        "week_code": 1,
        "time": "9:00 Нечетная",
        "discipline": "пр ИН. ЯЗ.",
        "classroom": "418*; ",
        "lecturer": "Канатаев Д.В."
    },
    {
        "day": 2,
        "week_code": 2,
        "time": "9:00 Четная",
        "discipline": "пр ИН. ЯЗ.",
        "classroom": "418*; ",
        "lecturer": "Канатаев Д.В."
    },
    {
        "day": 2,
        "week_code": 1,
        "time": "10:50 Нечетная",
        "discipline": "пр СТРУК.И ОРГ.ДАНН",
        "classroom": "258*; ",
        "lecturer": "Палехова О.А."
    },
    {
        "day": 2,
        "week_code": 2,
        "time": "10:50 Четная",
        "discipline": "пр ФИЛОСОФИЯ",
        "classroom": "420*; ",
        "lecturer": "Вересова А.А."
    },
    {
        "day": 2,
        "week_code": 1,
        "time": "12:40 Нечетная",
        "discipline": "лек ИСТОРИЯ",
        "classroom": "401*; ",
        "lecturer": "Егоренкова О.В."
    },
    {
        "day": 2,
        "week_code": 2,
        "time": "12:40 Четная",
        "discipline": "лек ИСТОРИЯ",
        "classroom": "526*; ",
        "lecturer": "Егоренкова О.В."
    },
    {
        "day": 3,
        "week_code": 1,
        "time": "10:50 Нечетная",
        "discipline": "пр ЭК ПО ФК И СПОРТУ",
        "classroom": null,
        "lecturer": null
    },
    {
        "day": 3,
        "week_code": 2,
        "time": "10:50 Четная",
        "discipline": "пр ЭК ПО ФК И СПОРТУ",
        "classroom": null,
        "lecturer": null
    },
    {
        "day": 3,
        "week_code": 1,
        "time": "12:40 Нечетная",
        "discipline": "лек СТРУК.И ОРГ.ДАНН",
        "classroom": "310; ",
        "lecturer": "Палехова О.А."
    },
    {
        "day": 3,
        "week_code": 2,
        "time": "12:40 Четная",
        "discipline": "лек СТРУК.И ОРГ.ДАНН",
        "classroom": "310; ",
        "lecturer": "Палехова О.А."
    },
    {
        "day": 3,
        "week_code": 1,
        "time": "14:55 Нечетная",
        "discipline": "лек ФИЗИКА",
        "classroom": "331*; ",
        "lecturer": "Мозговая В.Г."
    },
    {
        "day": 3,
        "week_code": 2,
        "time": "14:55 Четная",
        "discipline": "лек ФИЗИКА",
        "classroom": "331*; ",
        "lecturer": "Мозговая В.Г."
    },
    {
        "day": 4,
        "week_code": 2,
        "time": "12:40 Четная",
        "discipline": "лек ФИЛОСОФИЯ",
        "classroom": "401*; ",
        "lecturer": "Лысенко Е.М."
    },
    {
        "day": 4,
        "week_code": 1,
        "time": "14:55 Нечетная",
        "discipline": "лек ИНФ.ТЕХН. И ПРОГР.",
        "classroom": "315; ",
        "lecturer": "Вальштейн К.В."
    },
    {
        "day": 4,
        "week_code": 2,
        "time": "14:55 Четная",
        "discipline": "лек ИНФ.ТЕХН. И ПРОГР.",
        "classroom": "315; ",
        "lecturer": "Вальштейн К.В."
    },
    {
        "day": 4,
        "week_code": 1,
        "time": "16:45 Нечетная",
        "discipline": "пр ИНФ.ТЕХН. И ПРОГР.",
        "classroom": "256*; ",
        "lecturer": "Землянская Е.Р."
    },
    {
        "day": 4,
        "week_code": 2,
        "time": "16:45 Четная",
        "discipline": "пр ИНФ.ТЕХН. И ПРОГР.",
        "classroom": "258*; ",
        "lecturer": "Землянская Е.Р."
    },
    {
        "day": 5,
        "week_code": 1,
        "time": "10:50 Нечетная",
        "discipline": "лек Д.МАТ.И МАТ.ЛОГ",
        "classroom": "450; ",
        "lecturer": "Гришина О.А."
    },
    {
        "day": 5,
        "week_code": 2,
        "time": "10:50 Четная",
        "discipline": "лек Д.МАТ.И МАТ.ЛОГ",
        "classroom": "450; ",
        "lecturer": "Гришина О.А."
    },
    {
        "day": 5,
        "week_code": 1,
        "time": "12:40 Нечетная",
        "discipline": "лек ВЫСШ. МАТЕМАТ",
        "classroom": "450; ",
        "lecturer": "Пономарев  С.Ю."
    },
    {
        "day": 5,
        "week_code": 2,
        "time": "12:40 Четная",
        "discipline": "лек ВЫСШ. МАТЕМАТ",
        "classroom": "450; ",
        "lecturer": "Пономарев  С.Ю."
    },
    {
        "day": 5,
        "week_code": 1,
        "time": "14:55 Нечетная",
        "discipline": "пр Д.МАТ.И МАТ.ЛОГ",
        "classroom": "455; ",
        "lecturer": "Гарынина С.В."
    },
    {
        "day": 5,
        "week_code": 2,
        "time": "14:55 Четная",
        "discipline": "пр Д.МАТ.И МАТ.ЛОГ",
        "classroom": "455; ",
        "lecturer": "Гарынина С.В."
    },
    {
        "day": 6,
        "week_code": 2,
        "time": "10:50 Четная",
        "discipline": "лаб ФИЗИКА",
        "classroom": "323*; ",
        "lecturer": null
    },
    {
        "day": 6,
        "week_code": 2,
        "time": "12:40 Четная",
        "discipline": "пр ФИЗИКА",
        "classroom": "434*; ",
        "lecturer": null
    }
]