[
    {
        "day": 1,
        "week_code": 1,
        "time": "14:55 Нечетная",
        "discipline": "пр ЭК ПО ФК И СПОРТУ",
        "classroom": null,
        "lecturer": null
    },
    {
        "day": 1,
        "week_code": 2,
        "time": "14:55 Четная",
        "discipline": "пр ЭК ПО ФК И СПОРТУ",
        "classroom": null,
        "lecturer": null
    },
    {
        "day": 1,
        "week_code": 2,
        "time": "16:45 Четная",
        "discipline": "пр ФИЗИКА",
        "classroom": "434*; ",
        "lecturer": "Живулин В.А."
    },
    {
        "day": 1,
        "week_code": 2,
        "time": "18:30 Четная",
        "discipline": "лаб ФИЗИКА",
        "classroom": "323*; ",
        "lecturer": null
    },
    {
        "day": 2,
        "week_code": 2,
        "time": "9:00 Четная",
        "discipline": "лек ФИЛОСОФИЯ",
        "classroom": "325*; ",
        "lecturer": "Вересова А.А."
    },
    {
        "day": 2,
        "week_code": 1,
        "time": "10:50 Нечетная",
        "discipline": "лек ФИЗИКА",
        "classroom": "331*; ",
        "lecturer": "Мозговая В.Г."
    },
    {
        "day": 2,
        "week_code": 2,
        "time": "10:50 Четная",
        "discipline": "лек ФИЗИКА",
        "classroom": "331*; ",
        "lecturer": "Мозговая В.Г."
    },
    {
        "day": 2,
        "week_code": 1,
        "time": "12:40 Нечетная",
        "discipline": "пр ИН. ЯЗ.",
        "classroom": "316*; ",
        "lecturer": "Абсалямова И.А."
    },
    {
        "day": 2,
        "week_code": 2,
        "time": "12:40 Четная",
        "discipline": "пр ИН. ЯЗ.",
        "classroom": "316*; ",
        "lecturer": "Абсалямова И.А."
    },
    {
        "day": 2,
        "week_code": 1,
        "time": "14:55 Нечетная",
        "discipline": "лек Д.МАТ.И МАТ.ЛОГ",
        "classroom": "451; ",
        "lecturer": "Чернусь Петр П."
    },
    {
        "day": 2,
        "week_code": 2,
        "time": "14:55 Четная",
        "discipline": "лек Д.МАТ.И МАТ.ЛОГ",
        "classroom": "451; ",
        "lecturer": "Чернусь Петр П."
    },
    {
        "day": 3,
        "week_code": 1,
        "time": "12:40 Нечетная",
        "discipline": "пр СТРУК.И ОРГ.ДАНН",
        "classroom": "218*; ",
        "lecturer": "Гладевич А.А."
    },
    {
        "day": 3,
        "week_code": 2,
        "time": "12:40 Четная",
        "discipline": "пр ФИЛОСОФИЯ",
        "classroom": "403*; ",
        "lecturer": "Куракина Е.В."
    },
    {
        "day": 3,
        "week_code": 1,
        "time": "14:55 Нечетная",
        "discipline": "пр ИНФ.ТЕХН. И ПРОГР.",
        "classroom": "258*; ",
        "lecturer": "Гладевич А.А."
    },
    {
        "day": 3,
        "week_code": 2,
        "time": "14:55 Четная",
        "discipline": "пр ИНФ.ТЕХН. И ПРОГР.",
        "classroom": "258*; ",
        "lecturer": "Гладевич А.А."
    },
    {
        "day": 3,
        "week_code": 1,
        "time": "16:45 Нечетная",
        "discipline": "лек ИСТОРИЯ",
        "classroom": "325*; ",
        "lecturer": "Курочкин С.С."
    },
    {
        "day": 3,
        "week_code": 2,
        "time": "16:45 Четная",
        "discipline": "лек ИСТОРИЯ",
        "classroom": "325*; ",
        "lecturer": "Курочкин С.С."
    },
    {
        "day": 4,
        "week_code": 1,
        "time": "10:50 Нечетная",
        "discipline": "лек ВЫСШ. МАТЕМАТ",
        "classroom": "451; ",
        "lecturer": "Забалканская Л.Э."
    },
    {
        "day": 4,
        "week_code": 2,
        "time": "10:50 Четная",
        "discipline": "лек ВЫСШ. МАТЕМАТ",
        "classroom": "451; ",
        "lecturer": "Забалканская Л.Э."
    },
    {
        "day": 4,
        "week_code": 1,
        "time": "12:40 Нечетная",
        "discipline": "пр ВЫСШ. МАТЕМАТ",
        "classroom": "420*; ",
        "lecturer": "Васильева В.А."
    },
    {
        "day": 4,
        "week_code": 2,
        "time": "12:40 Четная",
        "discipline": "пр ВЫСШ. МАТЕМАТ",
        "classroom": "492; ",
        "lecturer": "Васильева В.А."
    },
    {
        "day": 4,
        "week_code": 1,
        "time": "14:55 Нечетная",
        "discipline": "пр Д.МАТ.И МАТ.ЛОГ",
        "classroom": "445; ",
        "lecturer": "Тарасов А.А."
    },
    {
        "day": 4,
        "week_code": 2,
        "time": "14:55 Четная",
        "discipline": "пр Д.МАТ.И МАТ.ЛОГ",
        "classroom": "492; ",
        "lecturer": "Тарасов А.А."
    },
    {
        "day": 5,
        "week_code": 1,
        "time": "10:50 Нечетная",
        "discipline": "пр ЭК ПО ФК И СПОРТУ",
        "classroom": null,
        "lecturer": null
    },
    {
        "day": 5,
        "week_code": 2,
        "time": "10:50 Четная",
        "discipline": "пр ЭК ПО ФК И СПОРТУ",
        "classroom": null,
        "lecturer": null
    },
    {
        "day": 5,
        "week_code": 1,
        "time": "12:40 Нечетная",
        "discipline": "лек СТРУК.И ОРГ.ДАНН",
        "classroom": "310; ",
        "lecturer": "Палехова О.А."
    },
    {
        "day": 5,
        "week_code": 2,
        "time": "12:40 Четная",
        "discipline": "лек СТРУК.И ОРГ.ДАНН",
        "classroom": "310; ",
        "lecturer": "Палехова О.А."
    },
    {
        "day": 5,
        "week_code": 1,
        "time": "14:55 Нечетная",
        "discipline": "лек ИНФ.ТЕХН. И ПРОГР.",
        "classroom": "315; ",
        "lecturer": "Вальштейн К.В."
    },
    {
        "day": 5,
        "week_code": 2,
        "time": "14:55 Четная",
        "discipline": "лек ИНФ.ТЕХН. И ПРОГР.",
        "classroom": "315; ",
        "lecturer": "Вальштейн К.В."
    },
    {
        "day": 5,
        "week_code": 1,
        "time": "16:45 Нечетная",
        "discipline": "пр ИСТОРИЯ",
        "classroom": "455; ",
        "lecturer": "Савинов М.А."
    },
    {
        "day": 5,
        "week_code": 2,
        "time": "16:45 Четная",
        "discipline": "пр ИСТОРИЯ",
        "classroom": "455; ",
        "lecturer": "Савинов М.А."
    }
]