[
    {
        "day": "Понедельник",
        "week_code": "1",
        "time": "16:45 Нечетная",
        "discipline": "лек ВЫСШ. МАТ. В НИ",
        "classroom": "450; ",
        "lecturer": "Нуднер И.С."
    },
    {
        "day": "Понедельник",
        "week_code": "2",
        "time": "16:45 Четная",
        "discipline": "лек ВЫСШ. МАТ. В НИ",
        "classroom": "450; ",
        "lecturer": "Нуднер И.С."
    },
    {
        "day": "Понедельник",
        "week_code": "1",
        "time": "18:30 Нечетная",
        "discipline": "пр РАЗР. И ОФ. ТЕХ.ДОК.",
        "classroom": "258*; ",
        "lecturer": "Дементьев И.И."
    },
    {
        "day": "Понедельник",
        "week_code": "2",
        "time": "18:30 Четная",
        "discipline": "пр РАЗР. И ОФ. ТЕХ.ДОК.",
        "classroom": "216*; ",
        "lecturer": "Дементьев И.И."
    },
    {
        "day": "Вторник",
        "week_code": "1",
        "time": "16:45 Нечетная",
        "discipline": "лек ОСН.ТЕОР.КОД.",
        "classroom": "436; ",
        "lecturer": "Стукалова А.С."
    },
    {
        "day": "Среда",
        "week_code": "2",
        "time": "10:50 Четная",
        "discipline": "лек РИСК-ОРИЕНТ.ПРОЕКТ.ЭЖЦПП",
        "classroom": "252*; ",
        "lecturer": "Смирнова М.С."
    },
    {
        "day": "Среда",
        "week_code": "2",
        "time": "12:40 Четная",
        "discipline": "пр РИСК-ОРИЕНТ.ПРОЕКТ.ЭЖЦПП",
        "classroom": "257*; ",
        "lecturer": "Смирнова М.С."
    },
    {
        "day": "Среда",
        "week_code": "1",
        "time": "18:30 Нечетная",
        "discipline": "пр МЕТ. НАУЧ. ИССЛЕД",
        "classroom": "402*; ",
        "lecturer": "Дрозд А.Л."
    },
    {
        "day": "Среда",
        "week_code": "1",
        "time": "20:05 Нечетная",
        "discipline": "лек РАЗР. И ОФ. ТЕХ.ДОК.",
        "classroom": "252*; ",
        "lecturer": "Дементьев И.И."
    },
    {
        "day": "Четверг",
        "week_code": "1",
        "time": "16:45 Нечетная",
        "discipline": "лек УПР.ПРОЕКТАМИ",
        "classroom": "429*; ",
        "lecturer": "Шехова Н.В."
    },
    {
        "day": "Четверг",
        "week_code": "2",
        "time": "16:45 Четная",
        "discipline": "лек МЕТ. НАУЧ. ИССЛЕД",
        "classroom": "526*; ",
        "lecturer": "Дрозд А.Л."
    },
    {
        "day": "Четверг",
        "week_code": "1",
        "time": "18:30 Нечетная",
        "discipline": "пр ВЫСШ. МАТ. В НИ",
        "classroom": "214*; ",
        "lecturer": "Солдаткин А.В."
    },
    {
        "day": "Четверг",
        "week_code": "1",
        "time": "20:05 Нечетная",
        "discipline": "лек ФОРМ.ПРОЦ. В ВС",
        "classroom": "252*; ",
        "lecturer": "Романов С.Л."
    },
    {
        "day": "Пятница",
        "week_code": "1",
        "time": "12:40 Нечетная",
        "discipline": "пр ОСН.ТЕОР.КОД.",
        "classroom": "423; ",
        "lecturer": "Стукалова А.С."
    },
    {
        "day": "Пятница",
        "week_code": "2",
        "time": "12:40 Четная",
        "discipline": "пр ОСН.ТЕОР.КОД.",
        "classroom": "425; ",
        "lecturer": "Стукалова А.С."
    },
    {
        "day": "Пятница",
        "week_code": "1",
        "time": "14:55 Нечетная",
        "discipline": "пр ИН. ЯЗ.",
        "classroom": "314*; ",
        "lecturer": "Шамова Д.М."
    },
    {
        "day": "Пятница",
        "week_code": "2",
        "time": "14:55 Четная",
        "discipline": "пр ИН. ЯЗ.",
        "classroom": "314*; ",
        "lecturer": "Шамова Д.М."
    },
    {
        "day": "Пятница",
        "week_code": "1",
        "time": "16:45 Нечетная",
        "discipline": "пр УПР.ПРОЕКТАМИ",
        "classroom": "413*; ",
        "lecturer": "Бурмакин В.М."
    },
    {
        "day": "Пятница",
        "week_code": "2",
        "time": "16:45 Четная",
        "discipline": "пр ФОРМ.ПРОЦ. В ВС",
        "classroom": "216*; ",
        "lecturer": "Романов С.Л."
    }
]