[
    {
        "day": 1,
        "week_code": 1,
        "time": "16:45 Нечетная",
        "discipline": "пр ИНВЕСТ.АНАЛИЗ",
        "classroom": "403*; ",
        "lecturer": "Стешин А.И."
    },
    {
        "day": 1,
        "week_code": 2,
        "time": "16:45 Четная",
        "discipline": "пр ИНВЕСТ.АНАЛИЗ",
        "classroom": "403*; ",
        "lecturer": "Стешин А.И."
    },
    {
        "day": 1,
        "week_code": 1,
        "time": "18:30 Нечетная",
        "discipline": "пр МАРКЕТИНГ ИННОВ.",
        "classroom": "425*; ",
        "lecturer": "Фомина А.П."
    },
    {
        "day": 1,
        "week_code": 2,
        "time": "18:30 Четная",
        "discipline": "пр МАРКЕТИНГ ИННОВ.",
        "classroom": "507*а; ",
        "lecturer": "Фомина А.П."
    },
    {
        "day": 2,
        "week_code": 1,
        "time": "14:55 Нечетная",
        "discipline": "лек СТРАТ.МЕНЕДЖМ",
        "classroom": "437*; ",
        "lecturer": "Балукова В.А."
    },
    {
        "day": 2,
        "week_code": 2,
        "time": "14:55 Четная",
        "discipline": "лек СТРАТ.МЕНЕДЖМ",
        "classroom": "437*; ",
        "lecturer": "Балукова В.А."
    },
    {
        "day": 2,
        "week_code": 1,
        "time": "16:45 Нечетная",
        "discipline": "пр СТРАТ.МЕНЕДЖМ",
        "classroom": "437*; ",
        "lecturer": "Балукова В.А."
    },
    {
        "day": 2,
        "week_code": 1,
        "time": "18:30 Нечетная",
        "discipline": "лек МАРКЕТИНГ ИННОВ.",
        "classroom": "403*; ",
        "lecturer": "Фомина А.П."
    },
    {
        "day": 4,
        "week_code": 1,
        "time": "16:45 Нечетная",
        "discipline": "лек ФИН.МЕНЕДЖМЕНТ",
        "classroom": "440*; ",
        "lecturer": "Молдован А.А."
    },
    {
        "day": 4,
        "week_code": 2,
        "time": "16:45 Четная",
        "discipline": "лек ФИН.МЕНЕДЖМЕНТ",
        "classroom": "440*; ",
        "lecturer": "Молдован А.А."
    },
    {
        "day": 4,
        "week_code": 1,
        "time": "18:30 Нечетная",
        "discipline": "лек АНАЛ.ИНФ.СИСТ.",
        "classroom": "401*; ",
        "lecturer": "Башкатов А.С."
    },
    {
        "day": 4,
        "week_code": 2,
        "time": "18:30 Четная",
        "discipline": "пр ФИН.МЕНЕДЖМЕНТ",
        "classroom": "403*; ",
        "lecturer": "Молдован А.А."
    },
    {
        "day": 4,
        "week_code": 1,
        "time": "20:05 Нечетная",
        "discipline": "пр АНАЛ.ИНФ.СИСТ.",
        "classroom": "530*; ",
        "lecturer": "Башкатов А.С."
    },
    {
        "day": 4,
        "week_code": 2,
        "time": "20:05 Четная",
        "discipline": "пр АНАЛ.ИНФ.СИСТ.",
        "classroom": "425*; ",
        "lecturer": "Башкатов А.С."
    },
    {
        "day": 5,
        "week_code": 2,
        "time": "14:55 Четная",
        "discipline": "лек ИНВЕСТ.АНАЛИЗ",
        "classroom": "436*; ",
        "lecturer": "Стешин А.И."
    }
]