[
    {
        "day": 1,
        "week_code": 1,
        "time": "9:00 Нечетная",
        "discipline": "лек ПСИХ. КОРР. И РЕАБИЛ",
        "classroom": "ГПС МЧС; ",
        "lecturer": "Плотникова Е.М."
    },
    {
        "day": 1,
        "week_code": 2,
        "time": "9:00 Четная",
        "discipline": "лек ПСИХ. КОРР. И РЕАБИЛ",
        "classroom": "ГПС МЧС; ",
        "lecturer": "Плотникова Е.М."
    },
    {
        "day": 1,
        "week_code": 1,
        "time": "10:50 Нечетная",
        "discipline": "пр ПСИХ. КОРР. И РЕАБИЛ",
        "classroom": "ГПС МЧС; ",
        "lecturer": "Плотникова Е.М."
    },
    {
        "day": 1,
        "week_code": 2,
        "time": "10:50 Четная",
        "discipline": "пр ПСИХ. КОРР. И РЕАБИЛ",
        "classroom": "ГПС МЧС; ",
        "lecturer": "Плотникова Е.М."
    },
    {
        "day": 2,
        "week_code": 1,
        "time": "9:00 Нечетная",
        "discipline": "лек КЛИН. ПСИХ.",
        "classroom": "403*; ",
        "lecturer": "Селиверстова Н.А."
    },
    {
        "day": 2,
        "week_code": 2,
        "time": "9:00 Четная",
        "discipline": "лек КЛИН. ПСИХ.",
        "classroom": "403*; ",
        "lecturer": "Селиверстова Н.А."
    },
    {
        "day": 2,
        "week_code": 1,
        "time": "10:50 Нечетная",
        "discipline": "лаб КЛИН. ПСИХ.",
        "classroom": "530*; ",
        "lecturer": "Селиверстова Н.А."
    },
    {
        "day": 2,
        "week_code": 2,
        "time": "10:50 Четная",
        "discipline": "лаб КЛИН. ПСИХ.",
        "classroom": "530*; ",
        "lecturer": "Селиверстова Н.А."
    },
    {
        "day": 3,
        "week_code": 1,
        "time": "9:00 Нечетная",
        "discipline": "пр ОСНОВЫ МЕД.ЗНАНИЙ",
        "classroom": "418*; ",
        "lecturer": "Храмов А.В."
    },
    {
        "day": 3,
        "week_code": 2,
        "time": "9:00 Четная",
        "discipline": "пр ОСНОВЫ МЕД.ЗНАНИЙ",
        "classroom": "403*; ",
        "lecturer": "Храмов А.В."
    },
    {
        "day": 3,
        "week_code": 2,
        "time": "10:50 Четная",
        "discipline": "лек ОСНОВЫ МЕД.ЗНАНИЙ",
        "classroom": "413*; ",
        "lecturer": "Храмов А.В."
    },
    {
        "day": 4,
        "week_code": 1,
        "time": "10:50 Нечетная",
        "discipline": "лек ПСИХ. КАДР. МЕНЕДЖ.",
        "classroom": "403*; ",
        "lecturer": "Болотова О.В."
    },
    {
        "day": 4,
        "week_code": 2,
        "time": "10:50 Четная",
        "discipline": "лек ПСИХ. КАДР. МЕНЕДЖ.",
        "classroom": "403*; ",
        "lecturer": "Болотова О.В."
    },
    {
        "day": 4,
        "week_code": 1,
        "time": "12:40 Нечетная",
        "discipline": "пр ТЕХН. ТРЕНИНГА",
        "classroom": "405*; ",
        "lecturer": "Болотова О.В."
    },
    {
        "day": 4,
        "week_code": 2,
        "time": "12:40 Четная",
        "discipline": "пр ТЕХН. ТРЕНИНГА",
        "classroom": "405*; ",
        "lecturer": "Болотова О.В."
    },
    {
        "day": 4,
        "week_code": 1,
        "time": "14:55 Нечетная",
        "discipline": "пр ПР. ПО ОРГ.ПОВЕДЕНИЮ",
        "classroom": "403*; ",
        "lecturer": "Стешин В.А."
    },
    {
        "day": 4,
        "week_code": 2,
        "time": "14:55 Четная",
        "discipline": "пр ПР. ПО ОРГ.ПОВЕДЕНИЮ",
        "classroom": "418*; ",
        "lecturer": "Стешин В.А."
    },
    {
        "day": 4,
        "week_code": 1,
        "time": "16:45 Нечетная",
        "discipline": "пр ПСИХ. КАДР. МЕНЕДЖ.",
        "classroom": "404*; ",
        "lecturer": "Берзина О.А."
    },
    {
        "day": 4,
        "week_code": 2,
        "time": "16:45 Четная",
        "discipline": "пр ПСИХ. КАДР. МЕНЕДЖ.",
        "classroom": "413*; ",
        "lecturer": "Берзина О.А."
    },
    {
        "day": 5,
        "week_code": 1,
        "time": "12:40 Нечетная",
        "discipline": "лаб КЛИН. ПСИХ.",
        "classroom": "530*; ",
        "lecturer": "Селиверстова Н.А."
    },
    {
        "day": 5,
        "week_code": 2,
        "time": "12:40 Четная",
        "discipline": "лаб КЛИН. ПСИХ.",
        "classroom": "530*; ",
        "lecturer": "Селиверстова Н.А."
    },
    {
        "day": 5,
        "week_code": 1,
        "time": "14:55 Нечетная",
        "discipline": "пр ТЕХН. ТРЕНИНГА",
        "classroom": "405*; ",
        "lecturer": "Болотова О.В."
    },
    {
        "day": 5,
        "week_code": 2,
        "time": "14:55 Четная",
        "discipline": "пр ТЕХН. ТРЕНИНГА",
        "classroom": "405*; ",
        "lecturer": "Болотова О.В."
    }
]