[
    {
        "day": 1,
        "week_code": 1,
        "time": "16:45 Нечетная",
        "discipline": "пр УЧ.И АН.(УПРАВ.УЧ.)",
        "classroom": "413*; ",
        "lecturer": "Гавриленко И.В."
    },
    {
        "day": 1,
        "week_code": 2,
        "time": "16:45 Четная",
        "discipline": "пр УЧ.И АН.(УПРАВ.УЧ.)",
        "classroom": "413*; ",
        "lecturer": "Гавриленко И.В."
    },
    {
        "day": 1,
        "week_code": 2,
        "time": "18:30 Четная",
        "discipline": "пр УПР.ЧЕЛ.РЕС.",
        "classroom": "530*; ",
        "lecturer": "Бурмакин В.М."
    },
    {
        "day": 2,
        "week_code": 1,
        "time": "16:45 Нечетная",
        "discipline": "лек УПР.ЧЕЛ.РЕС.",
        "classroom": "401*; ",
        "lecturer": "Дорофеева Л.В."
    },
    {
        "day": 2,
        "week_code": 2,
        "time": "16:45 Четная",
        "discipline": "лек УПР.ЧЕЛ.РЕС.",
        "classroom": "526*; ",
        "lecturer": "Дорофеева Л.В."
    },
    {
        "day": 2,
        "week_code": 1,
        "time": "18:30 Нечетная",
        "discipline": "пр ОРГ. ПОВЕДЕНИЕ",
        "classroom": "404*; ",
        "lecturer": "Стешин В.А."
    },
    {
        "day": 2,
        "week_code": 2,
        "time": "18:30 Четная",
        "discipline": "пр ОРГ. ПОВЕДЕНИЕ",
        "classroom": "404*; ",
        "lecturer": "Стешин В.А."
    },
    {
        "day": 3,
        "week_code": 1,
        "time": "12:40 Нечетная",
        "discipline": "лек ОСНОВЫ АНАЛИТИКИ",
        "classroom": "437*; ",
        "lecturer": "Щёголев Е.Н."
    },
    {
        "day": 3,
        "week_code": 2,
        "time": "12:40 Четная",
        "discipline": "лек ОСНОВЫ АНАЛИТИКИ",
        "classroom": "433*; ",
        "lecturer": "Щёголев Е.Н."
    },
    {
        "day": 3,
        "week_code": 1,
        "time": "14:55 Нечетная",
        "discipline": "пр ПСИХОДИАГНОСТИКА",
        "classroom": "418*; ",
        "lecturer": "Лысенко Е.М."
    },
    {
        "day": 3,
        "week_code": 2,
        "time": "14:55 Четная",
        "discipline": "пр ПСИХОДИАГНОСТИКА",
        "classroom": "418*; ",
        "lecturer": "Лысенко Е.М."
    },
    {
        "day": 3,
        "week_code": 1,
        "time": "16:45 Нечетная",
        "discipline": "лек УЧ.И АН.(УПРАВ.УЧ.)",
        "classroom": "437*; ",
        "lecturer": "Гавриленко И.В."
    },
    {
        "day": 3,
        "week_code": 2,
        "time": "16:45 Четная",
        "discipline": "лек УЧ.И АН.(УПРАВ.УЧ.)",
        "classroom": "437*; ",
        "lecturer": "Гавриленко И.В."
    },
    {
        "day": 3,
        "week_code": 1,
        "time": "18:30 Нечетная",
        "discipline": "пр ОСНОВЫ АНАЛИТИКИ",
        "classroom": "425*; ",
        "lecturer": "Форостянный Н.С."
    },
    {
        "day": 4,
        "week_code": 1,
        "time": "16:45 Нечетная",
        "discipline": "пр ЭРГОНОМ.И ТАЙМ-МЕНЕД",
        "classroom": "455; ",
        "lecturer": "Лученкова Т.С."
    },
    {
        "day": 4,
        "week_code": 2,
        "time": "16:45 Четная",
        "discipline": "пр ЭРГОНОМ.И ТАЙМ-МЕНЕД",
        "classroom": "445; ",
        "lecturer": "Лученкова Т.С."
    },
    {
        "day": 4,
        "week_code": 1,
        "time": "18:30 Нечетная",
        "discipline": "лаб БЖД",
        "classroom": "384б; ",
        "lecturer": "Назарова Е.Д."
    },
    {
        "day": 4,
        "week_code": 2,
        "time": "18:30 Четная",
        "discipline": "пр БЖД",
        "classroom": "484; ",
        "lecturer": "Храпко Н.Н."
    },
    {
        "day": 4,
        "week_code": 1,
        "time": "20:05 Нечетная",
        "discipline": "лек ЭРГОНОМ.И ТАЙМ-МЕНЕД",
        "classroom": "432*; ",
        "lecturer": "Слепак К.Б."
    },
    {
        "day": 4,
        "week_code": 2,
        "time": "20:05 Четная",
        "discipline": "лек ОРГ. ПОВЕДЕНИЕ",
        "classroom": "432*; ",
        "lecturer": "Стешин В.А."
    },
    {
        "day": 5,
        "week_code": 2,
        "time": "10:50 Четная",
        "discipline": "лек ЭКОЛОГИЯ",
        "classroom": "498; ",
        "lecturer": "Васильева В.К."
    },
    {
        "day": 5,
        "week_code": 1,
        "time": "12:40 Нечетная",
        "discipline": "лек БЖД",
        "classroom": "318; ",
        "lecturer": "Буторина М.В."
    },
    {
        "day": 5,
        "week_code": 2,
        "time": "12:40 Четная",
        "discipline": "лек БЖД",
        "classroom": "318; ",
        "lecturer": "Буторина М.В."
    },
    {
        "day": 5,
        "week_code": 2,
        "time": "14:55 Четная",
        "discipline": "пр ЭКОЛОГИЯ",
        "classroom": "384а; ",
        "lecturer": "Васильева В.К."
    }
]