[
    {
        "day": 1,
        "week_code": 2,
        "time": "9:00 Четная",
        "discipline": "лек СОЦИОЛОГИЯ",
        "classroom": "433*; ",
        "lecturer": "Клюев А.А."
    },
    {
        "day": 1,
        "week_code": 1,
        "time": "10:50 Нечетная",
        "discipline": "пр ЭК ПО ФК И СПОРТУ",
        "classroom": null,
        "lecturer": null
    },
    {
        "day": 1,
        "week_code": 2,
        "time": "10:50 Четная",
        "discipline": "пр ЭК ПО ФК И СПОРТУ",
        "classroom": null,
        "lecturer": null
    },
    {
        "day": 1,
        "week_code": 1,
        "time": "12:40 Нечетная",
        "discipline": "лек ДОКУМ-Е УПР.ДЕЯТ",
        "classroom": "437*; ",
        "lecturer": "Баленко А.С."
    },
    {
        "day": 1,
        "week_code": 2,
        "time": "12:40 Четная",
        "discipline": "лек ДОКУМ-Е УПР.ДЕЯТ",
        "classroom": "437*; ",
        "lecturer": "Баленко А.С."
    },
    {
        "day": 1,
        "week_code": 2,
        "time": "14:55 Четная",
        "discipline": "лек ОСНОВЫ ЦИФР.ЭК",
        "classroom": "433*; ",
        "lecturer": "Ревис В.Е."
    },
    {
        "day": 2,
        "week_code": 2,
        "time": "9:00 Четная",
        "discipline": "пр ГОС.РЕГ.ЭКОН.",
        "classroom": "530*; ",
        "lecturer": "Молдован А.А."
    },
    {
        "day": 2,
        "week_code": 1,
        "time": "10:50 Нечетная",
        "discipline": "пр СОЦИОЛОГИЯ",
        "classroom": "436*; ",
        "lecturer": "Клюев А.А."
    },
    {
        "day": 2,
        "week_code": 2,
        "time": "10:50 Четная",
        "discipline": "пр ТЕОР.МЕНЕДЖ.",
        "classroom": "526*; ",
        "lecturer": "Марневская И.В."
    },
    {
        "day": 2,
        "week_code": 1,
        "time": "12:40 Нечетная",
        "discipline": "лек ИНСТИТ.ЭКОНОМ.",
        "classroom": "437*; ",
        "lecturer": "Трунин В.И."
    },
    {
        "day": 2,
        "week_code": 2,
        "time": "12:40 Четная",
        "discipline": "лек ГОС.РЕГ.ЭКОН.",
        "classroom": "401*; ",
        "lecturer": "Молдован А.А."
    },
    {
        "day": 2,
        "week_code": 1,
        "time": "14:55 Нечетная",
        "discipline": "лек ТЕОР.МЕНЕДЖ.",
        "classroom": "433*; ",
        "lecturer": "Марусов Д.В."
    },
    {
        "day": 2,
        "week_code": 2,
        "time": "14:55 Четная",
        "discipline": "лек ТЕОР.МЕНЕДЖ.",
        "classroom": "433*; ",
        "lecturer": "Марусов Д.В."
    },
    {
        "day": 2,
        "week_code": 1,
        "time": "16:45 Нечетная",
        "discipline": "лек МАРКЕТИНГ",
        "classroom": "433*; ",
        "lecturer": "Сталькина У.М."
    },
    {
        "day": 3,
        "week_code": 1,
        "time": "14:55 Нечетная",
        "discipline": "пр ОРГ.ПРЕДПР. ДЕЯТ",
        "classroom": "402*; ",
        "lecturer": "Муравьев А.В."
    },
    {
        "day": 3,
        "week_code": 2,
        "time": "14:55 Четная",
        "discipline": "пр ОРГ.ПРЕДПР. ДЕЯТ",
        "classroom": "433*; ",
        "lecturer": "Муравьев А.В."
    },
    {
        "day": 3,
        "week_code": 1,
        "time": "16:45 Нечетная",
        "discipline": "лек ЭКОНОМ.ТРУДА",
        "classroom": "401*; ",
        "lecturer": "Вольф Е.В."
    },
    {
        "day": 3,
        "week_code": 2,
        "time": "16:45 Четная",
        "discipline": "лек ЭКОНОМ.ТРУДА",
        "classroom": "401*; ",
        "lecturer": "Вольф Е.В."
    },
    {
        "day": 3,
        "week_code": 1,
        "time": "18:30 Нечетная",
        "discipline": "пр ДОКУМ-Е УПР.ДЕЯТ",
        "classroom": "530*; ",
        "lecturer": "Баленко А.С."
    },
    {
        "day": 4,
        "week_code": 2,
        "time": "10:50 Четная",
        "discipline": "пр ЭКОНОМ.ТРУДА",
        "classroom": "413*; ",
        "lecturer": "Вольф Е.В."
    },
    {
        "day": 4,
        "week_code": 1,
        "time": "12:40 Нечетная",
        "discipline": "пр ОСНОВЫ ЦИФР.ЭК",
        "classroom": "530*; ",
        "lecturer": "Ревис В.Е."
    },
    {
        "day": 4,
        "week_code": 2,
        "time": "12:40 Четная",
        "discipline": "пр ОСН.СИСТ.АНАЛИЗА",
        "classroom": "477; ",
        "lecturer": "Чернусь П.П."
    },
    {
        "day": 4,
        "week_code": 1,
        "time": "14:55 Нечетная",
        "discipline": "пр ЭК ПО ФК И СПОРТУ",
        "classroom": null,
        "lecturer": null
    },
    {
        "day": 4,
        "week_code": 2,
        "time": "14:55 Четная",
        "discipline": "пр ЭК ПО ФК И СПОРТУ",
        "classroom": null,
        "lecturer": null
    },
    {
        "day": 4,
        "week_code": 2,
        "time": "16:45 Четная",
        "discipline": "лек ОСН.СИСТ.АНАЛИЗА",
        "classroom": "443; ",
        "lecturer": "Чернусь П.П."
    },
    {
        "day": 5,
        "week_code": 1,
        "time": "10:50 Нечетная",
        "discipline": "пр МАРКЕТИНГ",
        "classroom": "405*; ",
        "lecturer": "Сталькина У.М."
    },
    {
        "day": 5,
        "week_code": 2,
        "time": "10:50 Четная",
        "discipline": "пр МАРКЕТИНГ",
        "classroom": "405*; ",
        "lecturer": "Сталькина У.М."
    },
    {
        "day": 5,
        "week_code": 1,
        "time": "12:40 Нечетная",
        "discipline": "пр ОРГ.ПРЕДПР. ДЕЯТ",
        "classroom": "402*; ",
        "lecturer": "Муравьев А.В."
    },
    {
        "day": 5,
        "week_code": 2,
        "time": "12:40 Четная",
        "discipline": "пр ОРГ.ПРЕДПР. ДЕЯТ",
        "classroom": "402*; ",
        "lecturer": "Муравьев А.В."
    },
    {
        "day": 5,
        "week_code": 2,
        "time": "14:55 Четная",
        "discipline": "пр ИНСТИТ.ЭКОНОМ.",
        "classroom": "425*; ",
        "lecturer": "Форостянный Н.С."
    }
]