[
    {
        "day": 1,
        "week_code": 1,
        "time": "10:50 Нечетная",
        "discipline": "лек ИСТОРИЯ",
        "classroom": "418*; ",
        "lecturer": "Алексеева С.И."
    },
    {
        "day": 1,
        "week_code": 2,
        "time": "10:50 Четная",
        "discipline": "лек ИСТОРИЯ",
        "classroom": "418*; ",
        "lecturer": "Алексеева С.И."
    },
    {
        "day": 1,
        "week_code": 1,
        "time": "12:40 Нечетная",
        "discipline": "лек ИНФ.ТЕХН. И ПРОГР.",
        "classroom": "252*; ",
        "lecturer": "Насс О.В."
    },
    {
        "day": 1,
        "week_code": 2,
        "time": "12:40 Четная",
        "discipline": "лек ИНФ.ТЕХН. И ПРОГР.",
        "classroom": "252*; ",
        "lecturer": "Насс О.В."
    },
    {
        "day": 1,
        "week_code": 1,
        "time": "14:55 Нечетная",
        "discipline": "лек МАКРОЭКОНОМИКА",
        "classroom": "436*; ",
        "lecturer": "Лукичев П.М."
    },
    {
        "day": 1,
        "week_code": 2,
        "time": "14:55 Четная",
        "discipline": "лек МАКРОЭКОНОМИКА",
        "classroom": "436*; ",
        "lecturer": "Лукичев П.М."
    },
    {
        "day": 1,
        "week_code": 1,
        "time": "16:45 Нечетная",
        "discipline": "пр ЭК ПО ФК И СПОРТУ",
        "classroom": null,
        "lecturer": null
    },
    {
        "day": 1,
        "week_code": 2,
        "time": "16:45 Четная",
        "discipline": "пр ЭК ПО ФК И СПОРТУ",
        "classroom": null,
        "lecturer": null
    },
    {
        "day": 2,
        "week_code": 1,
        "time": "9:00 Нечетная",
        "discipline": "пр ФИЛОСОФИЯ",
        "classroom": "498; ",
        "lecturer": "Лысенко Е.М."
    },
    {
        "day": 2,
        "week_code": 1,
        "time": "10:50 Нечетная",
        "discipline": "лек ФИЛОСОФИЯ",
        "classroom": "443; ",
        "lecturer": "Лысенко Е.М."
    },
    {
        "day": 2,
        "week_code": 1,
        "time": "12:40 Нечетная",
        "discipline": "пр ИНФ.ТЕХН. И ПРОГР.",
        "classroom": "ВЦ 281; ",
        "lecturer": "Ярошевская Е.Ю."
    },
    {
        "day": 2,
        "week_code": 2,
        "time": "12:40 Четная",
        "discipline": "пр ИНФ.ТЕХН. И ПРОГР.",
        "classroom": "ВЦ 281; ",
        "lecturer": "Ярошевская Е.Ю."
    },
    {
        "day": 2,
        "week_code": 1,
        "time": "14:55 Нечетная",
        "discipline": "пр ИН. ЯЗ.",
        "classroom": "304*; ",
        "lecturer": "Паньшина А.И."
    },
    {
        "day": 2,
        "week_code": 2,
        "time": "14:55 Четная",
        "discipline": "пр ИН. ЯЗ.",
        "classroom": "304*; ",
        "lecturer": "Паньшина А.И."
    },
    {
        "day": 2,
        "week_code": 2,
        "time": "16:45 Четная",
        "discipline": "пр МАКРОЭКОНОМИКА",
        "classroom": "432*; ",
        "lecturer": "Форостянный Н.С."
    },
    {
        "day": 3,
        "week_code": 1,
        "time": "12:40 Нечетная",
        "discipline": "лек ОСНОВЫ ПРАВА",
        "classroom": "436*; ",
        "lecturer": "Хвостов А.Б."
    },
    {
        "day": 3,
        "week_code": 1,
        "time": "14:55 Нечетная",
        "discipline": "пр ОСНОВЫ ПРАВА",
        "classroom": "507*а; ",
        "lecturer": "Хвостов А.Б."
    },
    {
        "day": 3,
        "week_code": 2,
        "time": "14:55 Четная",
        "discipline": "лаб ЭКОЛОГИЯ",
        "classroom": "384а; ",
        "lecturer": "Фиев К.П."
    },
    {
        "day": 3,
        "week_code": 1,
        "time": "16:45 Нечетная",
        "discipline": "пр ЦИФРОВИЗ.ПОЛИТ.ВЗАИМОДЕЙСТВ",
        "classroom": "432*; ",
        "lecturer": "Форостянный Н.С."
    },
    {
        "day": 3,
        "week_code": 2,
        "time": "16:45 Четная",
        "discipline": "лек ЭКОЛОГИЯ",
        "classroom": "374; ",
        "lecturer": "Курченко П.С."
    },
    {
        "day": 4,
        "week_code": 2,
        "time": "12:40 Четная",
        "discipline": "пр ОСНОВЫ PR-ТЕХНОЛОГИЙ",
        "classroom": "530*; ",
        "lecturer": "Костюченко К.А."
    },
    {
        "day": 4,
        "week_code": 1,
        "time": "14:55 Нечетная",
        "discipline": "пр ИСТОРИЯ",
        "classroom": "487; ",
        "lecturer": "Алексеева С.И."
    },
    {
        "day": 4,
        "week_code": 2,
        "time": "14:55 Четная",
        "discipline": "пр ИН. ЯЗ.",
        "classroom": "304*; ",
        "lecturer": "Паньшина А.И."
    },
    {
        "day": 4,
        "week_code": 1,
        "time": "16:45 Нечетная",
        "discipline": "лек ОСНОВЫ PR-ТЕХНОЛОГИЙ",
        "classroom": "436*; ",
        "lecturer": "Крехалева О.С."
    },
    {
        "day": 4,
        "week_code": 2,
        "time": "16:45 Четная",
        "discipline": "лек ОСН РОС ГОС",
        "classroom": "403*; ",
        "lecturer": "Хомелева Р.А."
    },
    {
        "day": 5,
        "week_code": 1,
        "time": "12:40 Нечетная",
        "discipline": "пр ЭК ПО ФК И СПОРТУ",
        "classroom": null,
        "lecturer": null
    },
    {
        "day": 5,
        "week_code": 2,
        "time": "12:40 Четная",
        "discipline": "пр ЭК ПО ФК И СПОРТУ",
        "classroom": null,
        "lecturer": null
    },
    {
        "day": 5,
        "week_code": 1,
        "time": "14:55 Нечетная",
        "discipline": "пр ОСН РОС ГОС",
        "classroom": "498; ",
        "lecturer": "Касьянов Г.А."
    },
    {
        "day": 5,
        "week_code": 2,
        "time": "14:55 Четная",
        "discipline": "пр ОСН РОС ГОС",
        "classroom": "487; ",
        "lecturer": "Касьянов Г.А."
    },
    {
        "day": 5,
        "week_code": 1,
        "time": "16:45 Нечетная",
        "discipline": "пр ОСН.ПРОТИВ.АНТИСОЦ.ПОВЕД",
        "classroom": "425*; ",
        "lecturer": "Форостянный Н.С."
    },
    {
        "day": 5,
        "week_code": 2,
        "time": "16:45 Четная",
        "discipline": "пр ОСН.ПРОТИВ.АНТИСОЦ.ПОВЕД",
        "classroom": "425*; ",
        "lecturer": "Форостянный Н.С."
    },
    {
        "day": 6,
        "week_code": 1,
        "time": "9:00 Нечетная",
        "discipline": "лек ОСН.ПРОТИВ.АНТИСОЦ.ПОВЕД",
        "classroom": "402*; ",
        "lecturer": "Солонько И.В."
    },
    {
        "day": 6,
        "week_code": 1,
        "time": "10:50 Нечетная",
        "discipline": "лек ЦИФРОВИЗ.ПОЛИТ.ВЗАИМОДЕЙСТВ",
        "classroom": "413*; ",
        "lecturer": "Миловзорова М.Н."
    }
]