[
    {
        "day": "Вторник",
        "week_code": "2",
        "time": "16:45 Четная",
        "discipline": "пр ВЫСШ. МАТ. В НИ",
        "classroom": "446; ",
        "lecturer": "Брацлавский А.А."
    },
    {
        "day": "Вторник",
        "week_code": "1",
        "time": "18:30 Нечетная",
        "discipline": "пр ТЕОР.ОРГАНИЗ. И ОП",
        "classroom": "526*; ",
        "lecturer": "Шевченко Н.Н."
    },
    {
        "day": "Вторник",
        "week_code": "2",
        "time": "18:30 Четная",
        "discipline": "пр ТЕОР.ОРГАНИЗ. И ОП",
        "classroom": "526*; ",
        "lecturer": "Шевченко Н.Н."
    },
    {
        "day": "Вторник",
        "week_code": "1",
        "time": "20:05 Нечетная",
        "discipline": "пр МЕТ. НАУЧ. ИССЛЕД",
        "classroom": "418*; ",
        "lecturer": "Дрозд А.Л."
    },
    {
        "day": "Вторник",
        "week_code": "2",
        "time": "20:05 Четная",
        "discipline": "пр УПР.ПРОЕКТАМИ",
        "classroom": "432*; ",
        "lecturer": "Бурмакин В.М."
    },
    {
        "day": "Среда",
        "week_code": "1",
        "time": "16:45 Нечетная",
        "discipline": "лек ВЫСШ. МАТ. В НИ",
        "classroom": "445; ",
        "lecturer": "Брацлавский А.А."
    },
    {
        "day": "Среда",
        "week_code": "2",
        "time": "16:45 Четная",
        "discipline": "лек ВЫСШ. МАТ. В НИ",
        "classroom": "456; ",
        "lecturer": "Брацлавский А.А."
    },
    {
        "day": "Среда",
        "week_code": "1",
        "time": "18:30 Нечетная",
        "discipline": "пр ИН. ЯЗ.",
        "classroom": "314*; ",
        "lecturer": "Дунаевская М.А."
    },
    {
        "day": "Среда",
        "week_code": "2",
        "time": "18:30 Четная",
        "discipline": "пр ИН. ЯЗ.",
        "classroom": "314*; ",
        "lecturer": "Дунаевская М.А."
    },
    {
        "day": "Среда",
        "week_code": "1",
        "time": "20:05 Нечетная",
        "discipline": "лек МЕТ. НАУЧ. ИССЛЕД",
        "classroom": "418*; ",
        "lecturer": "Дрозд А.Л."
    },
    {
        "day": "Четверг",
        "week_code": "1",
        "time": "16:45 Нечетная",
        "discipline": "пр СТР.ПЛАН.МАРК.ДЕЯТ.",
        "classroom": "331*; ",
        "lecturer": "Шамина Л.К."
    },
    {
        "day": "Четверг",
        "week_code": "2",
        "time": "16:45 Четная",
        "discipline": "пр СТР.ПЛАН.МАРК.ДЕЯТ.",
        "classroom": "402*; ",
        "lecturer": "Шамина Л.К."
    },
    {
        "day": "Четверг",
        "week_code": "1",
        "time": "18:30 Нечетная",
        "discipline": "лек МЕТ.ИССЛ.В МЕН.",
        "classroom": "422*; ",
        "lecturer": "Дорофеева Л.В."
    },
    {
        "day": "Четверг",
        "week_code": "2",
        "time": "18:30 Четная",
        "discipline": "лек УПРАВ. РЕШЕНИЯ",
        "classroom": "434*; ",
        "lecturer": "Семёнов В.П."
    },
    {
        "day": "Четверг",
        "week_code": "1",
        "time": "20:05 Нечетная",
        "discipline": "пр МЕТ.ИССЛ.В МЕН.",
        "classroom": "430*; ",
        "lecturer": "Дорофеева Л.В."
    },
    {
        "day": "Четверг",
        "week_code": "2",
        "time": "20:05 Четная",
        "discipline": "пр УПРАВ. РЕШЕНИЯ",
        "classroom": "430*; ",
        "lecturer": "Семёнов В.П."
    },
    {
        "day": "Пятница",
        "week_code": "1",
        "time": "16:45 Нечетная",
        "discipline": "пр УПР. ИНФ.ПОТОКАМИ",
        "classroom": "402*; ",
        "lecturer": "Федорова А.О."
    },
    {
        "day": "Пятница",
        "week_code": "2",
        "time": "16:45 Четная",
        "discipline": "пр УПР. ИНФ.ПОТОКАМИ",
        "classroom": "526*; ",
        "lecturer": "Федорова А.О."
    },
    {
        "day": "Пятница",
        "week_code": "1",
        "time": "18:30 Нечетная",
        "discipline": "лек УПР.ПРОЕКТАМИ",
        "classroom": "403*; ",
        "lecturer": "Шехова Н.В."
    }
]