[
    {
        "day": "Понедельник",
        "week_code": "2",
        "time": "14:55 Четная",
        "discipline": "лек УПРАВЛЕН.ЭКОНОМ.",
        "classroom": "440*; ",
        "lecturer": "Шиндина Ю.А."
    },
    {
        "day": "Понедельник",
        "week_code": "1",
        "time": "16:45 Нечетная",
        "discipline": "пр УПРАВЛЕН.ЭКОНОМ.",
        "classroom": "507*а; ",
        "lecturer": "Шиндина Ю.А."
    },
    {
        "day": "Понедельник",
        "week_code": "2",
        "time": "16:45 Четная",
        "discipline": "пр УПРАВЛЕН.ЭКОНОМ.",
        "classroom": "507*а; ",
        "lecturer": "Шиндина Ю.А."
    },
    {
        "day": "Понедельник",
        "week_code": "1",
        "time": "18:30 Нечетная",
        "discipline": "пр УПР. ИНФ.ПОТОКАМИ",
        "classroom": "422*; ",
        "lecturer": "Федорова А.О."
    },
    {
        "day": "Понедельник",
        "week_code": "2",
        "time": "18:30 Четная",
        "discipline": "пр ПОЛИТ. ИНФРАСТРУКТУРА",
        "classroom": "430*; ",
        "lecturer": "Щёголев Е.Н."
    },
    {
        "day": "Понедельник",
        "week_code": "1",
        "time": "20:05 Нечетная",
        "discipline": "пр МЕДИАЦИЯ В УРЕГ.КОНФЛ",
        "classroom": "422*; ",
        "lecturer": "Щёголев Е.Н."
    },
    {
        "day": "Понедельник",
        "week_code": "2",
        "time": "20:05 Четная",
        "discipline": "пр МЕДИАЦИЯ В УРЕГ.КОНФЛ",
        "classroom": "422*; ",
        "lecturer": "Щёголев Е.Н."
    },
    {
        "day": "Вторник",
        "week_code": "1",
        "time": "14:55 Нечетная",
        "discipline": "лек ПОЛИТ. ИНФРАСТРУКТУРА",
        "classroom": "153*; ",
        "lecturer": "Щёголев Е.Н."
    },
    {
        "day": "Вторник",
        "week_code": "1",
        "time": "16:45 Нечетная",
        "discipline": "лек ПОЛИТ.УПР.РЕШЕНИЯ",
        "classroom": "402*; ",
        "lecturer": "Баранов Н.А."
    },
    {
        "day": "Вторник",
        "week_code": "2",
        "time": "16:45 Четная",
        "discipline": "пр ВЫСШ. МАТ. В НИ",
        "classroom": "446; ",
        "lecturer": "Брацлавский А.А."
    },
    {
        "day": "Вторник",
        "week_code": "1",
        "time": "18:30 Нечетная",
        "discipline": "пр ПОЛИТ.УПР.РЕШЕНИЯ",
        "classroom": "413*; ",
        "lecturer": "Баранов Н.А."
    },
    {
        "day": "Вторник",
        "week_code": "2",
        "time": "18:30 Четная",
        "discipline": "пр ПОЛИТ.УПР.РЕШЕНИЯ",
        "classroom": "413*; ",
        "lecturer": "Баранов Н.А."
    },
    {
        "day": "Вторник",
        "week_code": "1",
        "time": "20:05 Нечетная",
        "discipline": "пр МЕТ. НАУЧ. ИССЛЕД",
        "classroom": "418*; ",
        "lecturer": "Дрозд А.Л."
    },
    {
        "day": "Вторник",
        "week_code": "2",
        "time": "20:05 Четная",
        "discipline": "пр УПР.ПРОЕКТАМИ",
        "classroom": "432*; ",
        "lecturer": "Бурмакин В.М."
    },
    {
        "day": "Среда",
        "week_code": "1",
        "time": "16:45 Нечетная",
        "discipline": "лек ВЫСШ. МАТ. В НИ",
        "classroom": "445; ",
        "lecturer": "Брацлавский А.А."
    },
    {
        "day": "Среда",
        "week_code": "2",
        "time": "16:45 Четная",
        "discipline": "лек ВЫСШ. МАТ. В НИ",
        "classroom": "456; ",
        "lecturer": "Брацлавский А.А."
    },
    {
        "day": "Среда",
        "week_code": "1",
        "time": "18:30 Нечетная",
        "discipline": "пр ИН. ЯЗ.",
        "classroom": "314*; ",
        "lecturer": "Дунаевская М.А."
    },
    {
        "day": "Среда",
        "week_code": "2",
        "time": "18:30 Четная",
        "discipline": "пр ИН. ЯЗ.",
        "classroom": "314*; ",
        "lecturer": "Дунаевская М.А."
    },
    {
        "day": "Среда",
        "week_code": "1",
        "time": "20:05 Нечетная",
        "discipline": "лек МЕТ. НАУЧ. ИССЛЕД",
        "classroom": "418*; ",
        "lecturer": "Дрозд А.Л."
    },
    {
        "day": "Четверг",
        "week_code": "2",
        "time": "16:45 Четная",
        "discipline": "лек УПР. ИНФ.ПОТОКАМИ",
        "classroom": "401*; ",
        "lecturer": "Башкатов А.С."
    },
    {
        "day": "Четверг",
        "week_code": "1",
        "time": "18:30 Нечетная",
        "discipline": "пр ДОК.ОБЕСП.УПР.ПЕРС",
        "classroom": "434*; ",
        "lecturer": "Слепак К.Б."
    },
    {
        "day": "Четверг",
        "week_code": "2",
        "time": "18:30 Четная",
        "discipline": "пр ДОК.ОБЕСП.УПР.ПЕРС",
        "classroom": "404*; ",
        "lecturer": "Слепак К.Б."
    },
    {
        "day": "Четверг",
        "week_code": "1",
        "time": "20:05 Нечетная",
        "discipline": "лек УПР.КАДР.ПОЛИТ.ОРГ.",
        "classroom": "440*; ",
        "lecturer": "Селентьева Д.О."
    },
    {
        "day": "Четверг",
        "week_code": "2",
        "time": "20:05 Четная",
        "discipline": "пр УПР.КАДР.ПОЛИТ.ОРГ.",
        "classroom": "440*; ",
        "lecturer": "Селентьева Д.О."
    },
    {
        "day": "Пятница",
        "week_code": "1",
        "time": "18:30 Нечетная",
        "discipline": "лек УПР.ПРОЕКТАМИ",
        "classroom": "403*; ",
        "lecturer": "Шехова Н.В."
    },
    {
        "day": "Пятница",
        "week_code": "2",
        "time": "18:30 Четная",
        "discipline": "пр ТЕХН.ПРОТИВОДЕЙСТИЯ",
        "classroom": "422*; ",
        "lecturer": "Форостянный Н.С."
    },
    {
        "day": "Пятница",
        "week_code": "2",
        "time": "20:05 Четная",
        "discipline": "пр ПОЛИТИКА БЕЗОПАСНОСТИ",
        "classroom": "422*; ",
        "lecturer": "Форостянный Н.С."
    },
    {
        "day": "Суббота",
        "week_code": "1",
        "time": "10:50 Нечетная",
        "discipline": "лек ТЕХН.ПРОТИВОДЕЙСТИЯ",
        "classroom": "402*; ",
        "lecturer": "Солонько И.В."
    },
    {
        "day": "Суббота",
        "week_code": "1",
        "time": "12:40 Нечетная",
        "discipline": "лек ПОЛИТИКА БЕЗОПАСНОСТИ",
        "classroom": "413*; ",
        "lecturer": "Миловзорова М.Н."
    }
]