[
    {
        "day": "Вторник",
        "week_code": "1",
        "time": "16:45 Нечетная",
        "discipline": "лек РЫНОК ЦЕНН. БУМ",
        "classroom": "440*; ",
        "lecturer": "Черненко В.А."
    },
    {
        "day": "Вторник",
        "week_code": "2",
        "time": "16:45 Четная",
        "discipline": "лек РЫНОК ЦЕНН. БУМ",
        "classroom": "325*; ",
        "lecturer": "Черненко В.А."
    },
    {
        "day": "Вторник",
        "week_code": "1",
        "time": "18:30 Нечетная",
        "discipline": "пр РЫНОК ЦЕНН. БУМ",
        "classroom": "436*; ",
        "lecturer": "Черненко В.А."
    },
    {
        "day": "Среда",
        "week_code": "1",
        "time": "16:45 Нечетная",
        "discipline": "лек ФИН.МЕНЕДЖМЕНТ",
        "classroom": "526*; ",
        "lecturer": "Молдован А.А."
    },
    {
        "day": "Среда",
        "week_code": "2",
        "time": "16:45 Четная",
        "discipline": "лек ФИН.МЕНЕДЖМЕНТ",
        "classroom": "526*; ",
        "lecturer": "Молдован А.А."
    },
    {
        "day": "Среда",
        "week_code": "1",
        "time": "18:30 Нечетная",
        "discipline": "пр ФИН.МЕНЕДЖМЕНТ",
        "classroom": "404*; ",
        "lecturer": "Молдован А.А."
    },
    {
        "day": "Четверг",
        "week_code": "2",
        "time": "14:55 Четная",
        "discipline": "лек ЭТИКА ДЕЛ. ОТНОШЕНИЙ",
        "classroom": "440*; ",
        "lecturer": "Селентьева Д.О."
    },
    {
        "day": "Четверг",
        "week_code": "1",
        "time": "16:45 Нечетная",
        "discipline": "пр ЭТИКА ДЕЛ. ОТНОШЕНИЙ",
        "classroom": "433*; ",
        "lecturer": "Селентьева Д.О."
    },
    {
        "day": "Четверг",
        "week_code": "2",
        "time": "16:45 Четная",
        "discipline": "пр ЭТИКА ДЕЛ. ОТНОШЕНИЙ",
        "classroom": "433*; ",
        "lecturer": "Селентьева Д.О."
    },
    {
        "day": "Четверг",
        "week_code": "1",
        "time": "18:30 Нечетная",
        "discipline": "пр ОСН.СИС.АНАЛИЗА",
        "classroom": "418*; ",
        "lecturer": "Таничев А.В."
    },
    {
        "day": "Четверг",
        "week_code": "2",
        "time": "18:30 Четная",
        "discipline": "пр ОСН.СИС.АНАЛИЗА",
        "classroom": "418*; ",
        "lecturer": "Таничев А.В."
    },
    {
        "day": "Пятница",
        "week_code": "1",
        "time": "14:55 Нечетная",
        "discipline": "лек КОНТР.И ФИН.МОНИТОР",
        "classroom": "433*; ",
        "lecturer": "Катаев С.Е."
    },
    {
        "day": "Пятница",
        "week_code": "2",
        "time": "14:55 Четная",
        "discipline": "лек КОНТР.И ФИН.МОНИТОР",
        "classroom": "526*; ",
        "lecturer": "Катаев С.Е."
    },
    {
        "day": "Пятница",
        "week_code": "1",
        "time": "16:45 Нечетная",
        "discipline": "пр КОНТР.И ФИН.МОНИТОР",
        "classroom": "436*; ",
        "lecturer": "Катаев С.Е."
    },
    {
        "day": "Пятница",
        "week_code": "2",
        "time": "16:45 Четная",
        "discipline": "пр КОНТР.И ФИН.МОНИТОР",
        "classroom": "436*; ",
        "lecturer": "Катаев С.Е."
    }
]