[
    {
        "day": "Понедельник",
        "week_code": "2",
        "time": "9:00 Четная",
        "discipline": "лек СОЦИОЛОГИЯ",
        "classroom": "433*; ",
        "lecturer": "Клюев А.А."
    },
    {
        "day": "Понедельник",
        "week_code": "1",
        "time": "10:50 Нечетная",
        "discipline": "пр ПР.ОРГ.ПРЕДПР. ДЕЯТ",
        "classroom": "530*; ",
        "lecturer": "Муравьев А.В."
    },
    {
        "day": "Понедельник",
        "week_code": "2",
        "time": "10:50 Четная",
        "discipline": "пр ПР.ОРГ.ПРЕДПР. ДЕЯТ",
        "classroom": "436*; ",
        "lecturer": "Муравьев А.В."
    },
    {
        "day": "Понедельник",
        "week_code": "1",
        "time": "12:40 Нечетная",
        "discipline": "пр ПР.ОРГ.ПРЕДПР. ДЕЯТ",
        "classroom": "530*; ",
        "lecturer": "Муравьев А.В."
    },
    {
        "day": "Понедельник",
        "week_code": "2",
        "time": "12:40 Четная",
        "discipline": "пр ПР.ОРГ.ПРЕДПР. ДЕЯТ",
        "classroom": "530*; ",
        "lecturer": "Муравьев А.В."
    },
    {
        "day": "Понедельник",
        "week_code": "1",
        "time": "14:55 Нечетная",
        "discipline": "лек ОСН.СИСТ.АНАЛИЗА",
        "classroom": "413*; ",
        "lecturer": "Таничев А.В."
    },
    {
        "day": "Понедельник",
        "week_code": "2",
        "time": "14:55 Четная",
        "discipline": "пр ОСН.СИСТ.АНАЛИЗА",
        "classroom": "530*; ",
        "lecturer": "Таничев А.В."
    },
    {
        "day": "Вторник",
        "week_code": "1",
        "time": "10:50 Нечетная",
        "discipline": "лек МЕНЕДЖМЕНТ В РИСО",
        "classroom": "425*; ",
        "lecturer": "Шпак П.С."
    },
    {
        "day": "Вторник",
        "week_code": "2",
        "time": "10:50 Четная",
        "discipline": "лек МЕНЕДЖМЕНТ В РИСО",
        "classroom": "402*; ",
        "lecturer": "Шпак П.С."
    },
    {
        "day": "Вторник",
        "week_code": "1",
        "time": "12:40 Нечетная",
        "discipline": "пр МЕНЕДЖМЕНТ В РИСО",
        "classroom": "425*; ",
        "lecturer": "Лученкова Т.С."
    },
    {
        "day": "Вторник",
        "week_code": "2",
        "time": "12:40 Четная",
        "discipline": "пр МЕНЕДЖМЕНТ В РИСО",
        "classroom": "437*; ",
        "lecturer": "Лученкова Т.С."
    },
    {
        "day": "Вторник",
        "week_code": "1",
        "time": "14:55 Нечетная",
        "discipline": "пр ЭК ПО ФК И СПОРТУ",
        "classroom": null,
        "lecturer": null
    },
    {
        "day": "Вторник",
        "week_code": "2",
        "time": "14:55 Четная",
        "discipline": "пр ЭК ПО ФК И СПОРТУ",
        "classroom": null,
        "lecturer": null
    },
    {
        "day": "Среда",
        "week_code": "1",
        "time": "14:55 Нечетная",
        "discipline": "лек ТЕХ.УПР.ОБЩ.МНЕН.",
        "classroom": "403*; ",
        "lecturer": "Горбушина Н.Ю."
    },
    {
        "day": "Среда",
        "week_code": "2",
        "time": "14:55 Четная",
        "discipline": "лек ТЕХ.УПР.ОБЩ.МНЕН.",
        "classroom": "413*; ",
        "lecturer": "Горбушина Н.Ю."
    },
    {
        "day": "Среда",
        "week_code": "1",
        "time": "16:45 Нечетная",
        "discipline": "пр ТЕХ.УПР.ОБЩ.МНЕН.",
        "classroom": "404*; ",
        "lecturer": "Горбушина Н.Ю."
    },
    {
        "day": "Среда",
        "week_code": "2",
        "time": "16:45 Четная",
        "discipline": "пр ТЕХ.УПР.ОБЩ.МНЕН.",
        "classroom": "413*; ",
        "lecturer": "Горбушина Н.Ю."
    },
    {
        "day": "Четверг",
        "week_code": "1",
        "time": "10:50 Нечетная",
        "discipline": "пр МАРКЕТИНГ",
        "classroom": "530*; ",
        "lecturer": "Сталькина У.М."
    },
    {
        "day": "Четверг",
        "week_code": "2",
        "time": "10:50 Четная",
        "discipline": "пр МАРКЕТИНГ",
        "classroom": "425*; ",
        "lecturer": "Сталькина У.М."
    },
    {
        "day": "Четверг",
        "week_code": "1",
        "time": "12:40 Нечетная",
        "discipline": "лек МАРКЕТИНГ",
        "classroom": "404*; ",
        "lecturer": "Сталькина У.М."
    },
    {
        "day": "Четверг",
        "week_code": "2",
        "time": "12:40 Четная",
        "discipline": "пр СОЦИОЛОГИЯ",
        "classroom": "455; ",
        "lecturer": "Клюев А.А."
    },
    {
        "day": "Четверг",
        "week_code": "1",
        "time": "14:55 Нечетная",
        "discipline": "пр ЭК ПО ФК И СПОРТУ",
        "classroom": null,
        "lecturer": null
    },
    {
        "day": "Четверг",
        "week_code": "2",
        "time": "14:55 Четная",
        "discipline": "пр ЭК ПО ФК И СПОРТУ",
        "classroom": null,
        "lecturer": null
    },
    {
        "day": "Пятница",
        "week_code": "2",
        "time": "9:00 Четная",
        "discipline": "пр КОНСТИТУЦ.ПРАВО",
        "classroom": "436*; ",
        "lecturer": "Черкасова Е.А."
    },
    {
        "day": "Пятница",
        "week_code": "2",
        "time": "10:50 Четная",
        "discipline": "пр КОНСТИТУЦ.ПРАВО",
        "classroom": "437*; ",
        "lecturer": "Черкасова Е.А."
    },
    {
        "day": "Пятница",
        "week_code": "2",
        "time": "12:40 Четная",
        "discipline": "лек КОНСТИТУЦ.ПРАВО",
        "classroom": "413*; ",
        "lecturer": "Черкасова Е.А."
    }
]