[
    {
        "day": 1,
        "week_code": 1,
        "time": "12:40 Нечетная",
        "discipline": "пр ОСНОВЫ ПРАВА",
        "classroom": "436*; ",
        "lecturer": "Черкасова Е.А."
    },
    {
        "day": 1,
        "week_code": 1,
        "time": "14:55 Нечетная",
        "discipline": "лек ОСНОВЫ ПРАВА",
        "classroom": "402*; ",
        "lecturer": "Черкасова Е.А."
    },
    {
        "day": 1,
        "week_code": 2,
        "time": "14:55 Четная",
        "discipline": "пр ПОЛИТОЛОГИЯ",
        "classroom": "430*; ",
        "lecturer": "Даниэль С.В."
    },
    {
        "day": 1,
        "week_code": 1,
        "time": "16:45 Нечетная",
        "discipline": "пр ЭК ПО ФК И СПОРТУ",
        "classroom": null,
        "lecturer": null
    },
    {
        "day": 1,
        "week_code": 2,
        "time": "16:45 Четная",
        "discipline": "пр ЭК ПО ФК И СПОРТУ",
        "classroom": null,
        "lecturer": null
    },
    {
        "day": 2,
        "week_code": 1,
        "time": "12:40 Нечетная",
        "discipline": "лек ОСН.ТЕОР.КОМ-ЦИИ",
        "classroom": "440*; ",
        "lecturer": "Сорокина Е.В."
    },
    {
        "day": 2,
        "week_code": 2,
        "time": "12:40 Четная",
        "discipline": "лек ПОЛИТОЛОГИЯ",
        "classroom": "418*; ",
        "lecturer": "Царегородцев Р.А."
    },
    {
        "day": 2,
        "week_code": 1,
        "time": "14:55 Нечетная",
        "discipline": "пр ОСН.ТЕОР.КОМ-ЦИИ",
        "classroom": "530*; ",
        "lecturer": "Сорокина Е.В."
    },
    {
        "day": 2,
        "week_code": 2,
        "time": "14:55 Четная",
        "discipline": "пр ОСН.ТЕОР.КОМ-ЦИИ",
        "classroom": "530*; ",
        "lecturer": "Сорокина Е.В."
    },
    {
        "day": 2,
        "week_code": 1,
        "time": "16:45 Нечетная",
        "discipline": "пр ИСТОРИЯ",
        "classroom": "430*; ",
        "lecturer": "Алексеева С.И."
    },
    {
        "day": 2,
        "week_code": 2,
        "time": "16:45 Четная",
        "discipline": "пр ИСТОРИЯ",
        "classroom": "436*; ",
        "lecturer": "Алексеева С.И."
    },
    {
        "day": 3,
        "week_code": 1,
        "time": "10:50 Нечетная",
        "discipline": "пр ИНФ.ТЕХН. И ПРОГР.",
        "classroom": "ВЦ 373; ",
        "lecturer": "Потапов Е.С."
    },
    {
        "day": 3,
        "week_code": 2,
        "time": "10:50 Четная",
        "discipline": "пр ИНФ.ТЕХН. И ПРОГР.",
        "classroom": "ВЦ 373; ",
        "lecturer": "Потапов Е.С."
    },
    {
        "day": 3,
        "week_code": 1,
        "time": "12:40 Нечетная",
        "discipline": "пр ИН. ЯЗ.",
        "classroom": "312*; ",
        "lecturer": "Мартяхина Е.П."
    },
    {
        "day": 3,
        "week_code": 2,
        "time": "12:40 Четная",
        "discipline": "пр ИН. ЯЗ.",
        "classroom": "312*; ",
        "lecturer": "Мартяхина Е.П."
    },
    {
        "day": 4,
        "week_code": 1,
        "time": "10:50 Нечетная",
        "discipline": "лек ТЕОР.И ПРАКТ. СО",
        "classroom": "440*; ",
        "lecturer": "Сорокина Е.В."
    },
    {
        "day": 4,
        "week_code": 1,
        "time": "12:40 Нечетная",
        "discipline": "пр ТЕОР.И ПРАКТ. СО",
        "classroom": "436*; ",
        "lecturer": "Сорокина Е.В."
    },
    {
        "day": 4,
        "week_code": 2,
        "time": "12:40 Четная",
        "discipline": "пр ТЕОР.И ПРАКТ. СО",
        "classroom": "413*; ",
        "lecturer": "Сорокина Е.В."
    },
    {
        "day": 4,
        "week_code": 1,
        "time": "14:55 Нечетная",
        "discipline": "лек ИНФ.ТЕХН. И ПРОГР.",
        "classroom": "413*; ",
        "lecturer": "Насс О.В."
    },
    {
        "day": 4,
        "week_code": 2,
        "time": "14:55 Четная",
        "discipline": "лек ИНФ.ТЕХН. И ПРОГР.",
        "classroom": "413*; ",
        "lecturer": "Насс О.В."
    },
    {
        "day": 4,
        "week_code": 2,
        "time": "16:45 Четная",
        "discipline": "пр ИН. ЯЗ.",
        "classroom": "318*; ",
        "lecturer": "Мартяхина Е.П."
    },
    {
        "day": 5,
        "week_code": 1,
        "time": "9:00 Нечетная",
        "discipline": "пр ЭКОНОМИКА",
        "classroom": "418*; ",
        "lecturer": "Молдован А.А."
    },
    {
        "day": 5,
        "week_code": 1,
        "time": "10:50 Нечетная",
        "discipline": "лек ЭКОНОМИКА",
        "classroom": "430*; ",
        "lecturer": "Молдован А.А."
    },
    {
        "day": 5,
        "week_code": 2,
        "time": "10:50 Четная",
        "discipline": "лек ЭКОНОМИКА",
        "classroom": "418*; ",
        "lecturer": "Молдован А.А."
    },
    {
        "day": 5,
        "week_code": 1,
        "time": "12:40 Нечетная",
        "discipline": "пр ЭК ПО ФК И СПОРТУ",
        "classroom": null,
        "lecturer": null
    },
    {
        "day": 5,
        "week_code": 2,
        "time": "12:40 Четная",
        "discipline": "пр ЭК ПО ФК И СПОРТУ",
        "classroom": null,
        "lecturer": null
    },
    {
        "day": 5,
        "week_code": 1,
        "time": "14:55 Нечетная",
        "discipline": "лек ИСТОРИЯ",
        "classroom": "402*; ",
        "lecturer": "Алексеева С.И."
    },
    {
        "day": 5,
        "week_code": 2,
        "time": "14:55 Четная",
        "discipline": "лек ИСТОРИЯ",
        "classroom": "402*; ",
        "lecturer": "Алексеева С.И."
    }
]