[
    {
        "day": 2,
        "week_code": 1,
        "time": "16:45 Нечетная",
        "discipline": "пр УПР.КАДР.ПОЛИТ.ГОС-А",
        "classroom": "331*; ",
        "lecturer": "Селентьева Д.О."
    },
    {
        "day": 2,
        "week_code": 2,
        "time": "16:45 Четная",
        "discipline": "лек СИСТ. ГОС. И МУНИЦ.",
        "classroom": "437*; ",
        "lecturer": "Сорокина Е.В."
    },
    {
        "day": 2,
        "week_code": 1,
        "time": "18:30 Нечетная",
        "discipline": "лек УПР.КАДР.ПОЛИТ.ГОС-А",
        "classroom": "434*; ",
        "lecturer": "Селентьева Д.О."
    },
    {
        "day": 2,
        "week_code": 2,
        "time": "18:30 Четная",
        "discipline": "пр СИСТ. ГОС. И МУНИЦ.",
        "classroom": "440*; ",
        "lecturer": "Сорокина Е.В."
    },
    {
        "day": 3,
        "week_code": 1,
        "time": "16:45 Нечетная",
        "discipline": "лек ВЫСШ. МАТ. В НИ",
        "classroom": "445; ",
        "lecturer": "Брацлавский А.А."
    },
    {
        "day": 3,
        "week_code": 2,
        "time": "16:45 Четная",
        "discipline": "лек ВЫСШ. МАТ. В НИ",
        "classroom": "456; ",
        "lecturer": "Брацлавский А.А."
    },
    {
        "day": 3,
        "week_code": 1,
        "time": "18:30 Нечетная",
        "discipline": "пр ИН. ЯЗ.",
        "classroom": "314*; ",
        "lecturer": "Дунаевская М.А."
    },
    {
        "day": 3,
        "week_code": 2,
        "time": "18:30 Четная",
        "discipline": "пр ИН. ЯЗ.",
        "classroom": "314*; ",
        "lecturer": "Дунаевская М.А."
    },
    {
        "day": 3,
        "week_code": 1,
        "time": "20:05 Нечетная",
        "discipline": "лек МЕТ. НАУЧ. ИССЛЕД",
        "classroom": "418*; ",
        "lecturer": "Дрозд А.Л."
    },
    {
        "day": 5,
        "week_code": 2,
        "time": "9:00 Четная",
        "discipline": "пр УПР.ПРОЕКТАМИ",
        "classroom": "425*; ",
        "lecturer": "Бурмакин В.М."
    },
    {
        "day": 5,
        "week_code": 2,
        "time": "10:50 Четная",
        "discipline": "пр ВЫСШ. МАТ. В НИ",
        "classroom": "451; ",
        "lecturer": "Брацлавский А.А."
    },
    {
        "day": 5,
        "week_code": 2,
        "time": "12:40 Четная",
        "discipline": "лек МОДЕЛИР. В СИСТ. ГМУ",
        "classroom": "432*; ",
        "lecturer": "Молдован А.А."
    },
    {
        "day": 5,
        "week_code": 2,
        "time": "14:55 Четная",
        "discipline": "пр МОДЕЛИР. В СИСТ. ГМУ",
        "classroom": "440*; ",
        "lecturer": "Молдован А.А."
    },
    {
        "day": 5,
        "week_code": 1,
        "time": "18:30 Нечетная",
        "discipline": "лек УПР.ПРОЕКТАМИ",
        "classroom": "403*; ",
        "lecturer": "Шехова Н.В."
    },
    {
        "day": 5,
        "week_code": 1,
        "time": "20:05 Нечетная",
        "discipline": "пр МЕТ. НАУЧ. ИССЛЕД",
        "classroom": "430*; ",
        "lecturer": "Дрозд А.Л."
    }
]