[
    {
        "day": 1,
        "week_code": 1,
        "time": "12:40 Нечетная",
        "discipline": "пр П.К. 2 И.Я.",
        "classroom": "153*; ",
        "lecturer": "Краснова Н.В."
    },
    {
        "day": 1,
        "week_code": 2,
        "time": "12:40 Четная",
        "discipline": "пр П.К. 2 И.Я.",
        "classroom": "153*; ",
        "lecturer": "Краснова Н.В."
    },
    {
        "day": 1,
        "week_code": 1,
        "time": "14:55 Нечетная",
        "discipline": "пр ЧТ.ЛИТ.НА ИН.ЯЗ.",
        "classroom": "318*; ",
        "lecturer": "Абиева Н.А."
    },
    {
        "day": 1,
        "week_code": 2,
        "time": "14:55 Четная",
        "discipline": "пр ЧТ.ЛИТ.НА ИН.ЯЗ.",
        "classroom": "318*; ",
        "lecturer": "Абиева Н.А."
    },
    {
        "day": 1,
        "week_code": 1,
        "time": "16:45 Нечетная",
        "discipline": "лек ДИСКУРС",
        "classroom": "437*; ",
        "lecturer": "Гусева Л.Г."
    },
    {
        "day": 1,
        "week_code": 2,
        "time": "16:45 Четная",
        "discipline": "лек ДИСКУРС",
        "classroom": "437*; ",
        "lecturer": "Гусева Л.Г."
    },
    {
        "day": 2,
        "week_code": 1,
        "time": "14:55 Нечетная",
        "discipline": "пр П. К. 1 ИН. ЯЗ.",
        "classroom": "326* Я; ",
        "lecturer": "Орлова Д.С."
    },
    {
        "day": 2,
        "week_code": 2,
        "time": "14:55 Четная",
        "discipline": "пр П. К. 1 ИН. ЯЗ.",
        "classroom": "317*; ",
        "lecturer": "Орлова Д.С."
    },
    {
        "day": 2,
        "week_code": 1,
        "time": "16:45 Нечетная",
        "discipline": "пр П.К. 2 И.Я.",
        "classroom": "314*; ",
        "lecturer": "Краснова Н.В."
    },
    {
        "day": 2,
        "week_code": 2,
        "time": "16:45 Четная",
        "discipline": "пр П.К. 2 И.Я.",
        "classroom": "314*; ",
        "lecturer": "Краснова Н.В."
    },
    {
        "day": 3,
        "week_code": 1,
        "time": "9:00 Нечетная",
        "discipline": "лек ТЕХН.КОРП.ЛИНГВ.",
        "classroom": "317*; ",
        "lecturer": "Булдакова Е.В."
    },
    {
        "day": 3,
        "week_code": 2,
        "time": "9:00 Четная",
        "discipline": "лек ТЕХН.КОРП.ЛИНГВ.",
        "classroom": "317*; ",
        "lecturer": "Булдакова Е.В."
    },
    {
        "day": 3,
        "week_code": 1,
        "time": "10:50 Нечетная",
        "discipline": "лек К.Т.В ПРИКЛ.ЛИНГВ.",
        "classroom": "433*; ",
        "lecturer": "Панкратова С.А."
    },
    {
        "day": 3,
        "week_code": 2,
        "time": "10:50 Четная",
        "discipline": "лек К.Т.В ПРИКЛ.ЛИНГВ.",
        "classroom": "433*; ",
        "lecturer": "Панкратова С.А."
    },
    {
        "day": 3,
        "week_code": 1,
        "time": "12:40 Нечетная",
        "discipline": "пр П. К. 1 ИН. ЯЗ.",
        "classroom": "413*; ",
        "lecturer": "Орлова Д.С."
    },
    {
        "day": 3,
        "week_code": 2,
        "time": "12:40 Четная",
        "discipline": "пр П. К. 1 ИН. ЯЗ.",
        "classroom": "404*; ",
        "lecturer": "Орлова Д.С."
    },
    {
        "day": 4,
        "week_code": 1,
        "time": "9:00 Нечетная",
        "discipline": "пр ФОРМ.МОД.В ЛИН.",
        "classroom": "316*; ",
        "lecturer": "Мамаев И.Д."
    },
    {
        "day": 4,
        "week_code": 2,
        "time": "9:00 Четная",
        "discipline": "пр ФОРМ.МОД.В ЛИН.",
        "classroom": "316*; ",
        "lecturer": "Мамаев И.Д."
    },
    {
        "day": 4,
        "week_code": 1,
        "time": "10:50 Нечетная",
        "discipline": "лек ФОРМ.МОД.В ЛИН.",
        "classroom": "401*; ",
        "lecturer": "Мамаев И.Д."
    },
    {
        "day": 4,
        "week_code": 2,
        "time": "10:50 Четная",
        "discipline": "лек ФОРМ.МОД.В ЛИН.",
        "classroom": "437*; ",
        "lecturer": "Мамаев И.Д."
    },
    {
        "day": 5,
        "week_code": 1,
        "time": "9:00 Нечетная",
        "discipline": "пр ДИСКУРС",
        "classroom": "314*; ",
        "lecturer": "Гусева Л.Г."
    },
    {
        "day": 5,
        "week_code": 2,
        "time": "9:00 Четная",
        "discipline": "пр ЧТ.ЛИТ.НА ИН.ЯЗ.",
        "classroom": "314*; ",
        "lecturer": "Абиева Н.А."
    },
    {
        "day": 5,
        "week_code": 1,
        "time": "10:50 Нечетная",
        "discipline": "пр НАУЧ. ИССЛ. РАБ.",
        "classroom": "326* Я; ",
        "lecturer": "Шамова Д.М."
    },
    {
        "day": 5,
        "week_code": 2,
        "time": "10:50 Четная",
        "discipline": "пр НАУЧ. ИССЛ. РАБ.",
        "classroom": "318*; ",
        "lecturer": "Шамова Д.М."
    },
    {
        "day": 5,
        "week_code": 1,
        "time": "12:40 Нечетная",
        "discipline": "пр К.Т.В ПРИКЛ.ЛИНГВ.",
        "classroom": "316*; ",
        "lecturer": "Панкратова С.А."
    },
    {
        "day": 6,
        "week_code": 1,
        "time": "9:00 Нечетная",
        "discipline": "пр ТЕХН.КОРП.ЛИНГВ.",
        "classroom": "310*; ",
        "lecturer": "Булдакова Е.В."
    },
    {
        "day": 6,
        "week_code": 1,
        "time": "10:50 Нечетная",
        "discipline": "пр П. К. 1 ИН. ЯЗ.",
        "classroom": "309*; ",
        "lecturer": "Орлова Д.С."
    }
]