[
    {
        "day": "Понедельник",
        "week_code": "1",
        "time": "14:55 Нечетная",
        "discipline": "пр К. Р. О. 1 И.Я.",
        "classroom": "326*а; ",
        "lecturer": "Торгашева Ю.Г."
    },
    {
        "day": "Понедельник",
        "week_code": "2",
        "time": "14:55 Четная",
        "discipline": "пр К. Р. О. 1 И.Я.",
        "classroom": "326*а; ",
        "lecturer": "Торгашева Ю.Г."
    },
    {
        "day": "Понедельник",
        "week_code": "1",
        "time": "16:45 Нечетная",
        "discipline": "пр К. Р. О. 2 И.Я.",
        "classroom": "310*; ",
        "lecturer": "Патракова О.Н."
    },
    {
        "day": "Понедельник",
        "week_code": "2",
        "time": "16:45 Четная",
        "discipline": "пр К. Р. О. 2 И.Я.",
        "classroom": "310*; ",
        "lecturer": "Патракова О.Н."
    },
    {
        "day": "Вторник",
        "week_code": "1",
        "time": "9:00 Нечетная",
        "discipline": "лек ДИСКУРС",
        "classroom": "437*; ",
        "lecturer": "Гусева Л.Г."
    },
    {
        "day": "Вторник",
        "week_code": "2",
        "time": "9:00 Четная",
        "discipline": "лек ДИСКУРС",
        "classroom": "437*; ",
        "lecturer": "Гусева Л.Г."
    },
    {
        "day": "Вторник",
        "week_code": "1",
        "time": "10:50 Нечетная",
        "discipline": "пр ПРОФ.ОРИЕНТ.ПЕР.",
        "classroom": "314*; ",
        "lecturer": "Мартяхина Е.П."
    },
    {
        "day": "Вторник",
        "week_code": "2",
        "time": "10:50 Четная",
        "discipline": "пр ПРОФ.ОРИЕНТ.ПЕР.",
        "classroom": "316*; ",
        "lecturer": "Мартяхина Е.П."
    },
    {
        "day": "Среда",
        "week_code": "1",
        "time": "9:00 Нечетная",
        "discipline": "пр ПЕРЕВОД СПЕЦ",
        "classroom": "313*; ",
        "lecturer": "Канатаев Д.В."
    },
    {
        "day": "Среда",
        "week_code": "2",
        "time": "9:00 Четная",
        "discipline": "пр ПЕРЕВОД СПЕЦ",
        "classroom": "313*; ",
        "lecturer": "Канатаев Д.В."
    },
    {
        "day": "Среда",
        "week_code": "1",
        "time": "10:50 Нечетная",
        "discipline": "пр ПЕРЕВОД СПЕЦ",
        "classroom": "318*; ",
        "lecturer": "Канатаев Д.В."
    },
    {
        "day": "Среда",
        "week_code": "2",
        "time": "10:50 Четная",
        "discipline": "пр ПЕРЕВОД СПЕЦ",
        "classroom": "318*; ",
        "lecturer": "Канатаев Д.В."
    },
    {
        "day": "Четверг",
        "week_code": "1",
        "time": "9:00 Нечетная",
        "discipline": "пр К. Р. О. 2 И.Я.",
        "classroom": "318*; ",
        "lecturer": "Патракова О.Н."
    },
    {
        "day": "Четверг",
        "week_code": "2",
        "time": "9:00 Четная",
        "discipline": "пр К. Р. О. 2 И.Я.",
        "classroom": "318*; ",
        "lecturer": "Патракова О.Н."
    },
    {
        "day": "Четверг",
        "week_code": "1",
        "time": "10:50 Нечетная",
        "discipline": "пр П.К. 2 И.Я.",
        "classroom": "314*; ",
        "lecturer": "Краснова Н.В."
    },
    {
        "day": "Четверг",
        "week_code": "2",
        "time": "10:50 Четная",
        "discipline": "пр П.К. 2 И.Я.",
        "classroom": "316*; ",
        "lecturer": "Краснова Н.В."
    },
    {
        "day": "Пятница",
        "week_code": "1",
        "time": "9:00 Нечетная",
        "discipline": "пр ЧТ.ЛИТ.НА ИН.ЯЗ.",
        "classroom": "316*; ",
        "lecturer": "Быкова О.В."
    },
    {
        "day": "Пятница",
        "week_code": "2",
        "time": "9:00 Четная",
        "discipline": "пр ЧТ.ЛИТ.НА ИН.ЯЗ.",
        "classroom": "316*; ",
        "lecturer": "Быкова О.В."
    },
    {
        "day": "Пятница",
        "week_code": "1",
        "time": "10:50 Нечетная",
        "discipline": "пр К. Р. О. 1 И.Я.",
        "classroom": "317*; ",
        "lecturer": "Торгашева Ю.Г."
    },
    {
        "day": "Пятница",
        "week_code": "2",
        "time": "10:50 Четная",
        "discipline": "пр К. Р. О. 1 И.Я.",
        "classroom": "326* Я; ",
        "lecturer": "Торгашева Ю.Г."
    },
    {
        "day": "Пятница",
        "week_code": "1",
        "time": "12:40 Нечетная",
        "discipline": "пр ПРОФ.ОРИЕНТ.ПЕР.",
        "classroom": "153*; ",
        "lecturer": "Мартяхина Е.П."
    },
    {
        "day": "Пятница",
        "week_code": "2",
        "time": "12:40 Четная",
        "discipline": "пр ПРОФ.ОРИЕНТ.ПЕР.",
        "classroom": "153*; ",
        "lecturer": "Мартяхина Е.П."
    },
    {
        "day": "Суббота",
        "week_code": "1",
        "time": "9:00 Нечетная",
        "discipline": "пр П.К. 2 И.Я.",
        "classroom": "311*; ",
        "lecturer": "Краснова Н.В."
    },
    {
        "day": "Суббота",
        "week_code": "2",
        "time": "9:00 Четная",
        "discipline": "пр П.К. 2 И.Я.",
        "classroom": "310*; ",
        "lecturer": "Краснова Н.В."
    },
    {
        "day": "Суббота",
        "week_code": "1",
        "time": "10:50 Нечетная",
        "discipline": "пр П.К. 2 И.Я.",
        "classroom": "310*; ",
        "lecturer": "Краснова Н.В."
    },
    {
        "day": "Суббота",
        "week_code": "2",
        "time": "10:50 Четная",
        "discipline": "пр П.К. 2 И.Я.",
        "classroom": "310*; ",
        "lecturer": "Краснова Н.В."
    },
    {
        "day": "Суббота",
        "week_code": "2",
        "time": "12:40 Четная",
        "discipline": "пр ДИСКУРС",
        "classroom": "308*; ",
        "lecturer": "Гусева Л.Г."
    }
]