[
    {
        "day": 1,
        "week_code": 1,
        "time": "14:55 Нечетная",
        "discipline": "пр ЧТ.ЛИТ.НА ИН.ЯЗ.",
        "classroom": "317*; ",
        "lecturer": "Быкова О.В."
    },
    {
        "day": 1,
        "week_code": 2,
        "time": "14:55 Четная",
        "discipline": "пр ЧТ.ЛИТ.НА ИН.ЯЗ.",
        "classroom": "317*; ",
        "lecturer": "Быкова О.В."
    },
    {
        "day": 1,
        "week_code": 1,
        "time": "16:45 Нечетная",
        "discipline": "пр ПЕРЕВОД СПЕЦ",
        "classroom": "312*; ",
        "lecturer": "Донченко К.В."
    },
    {
        "day": 1,
        "week_code": 2,
        "time": "16:45 Четная",
        "discipline": "пр ПЕРЕВОД СПЕЦ",
        "classroom": "312*; ",
        "lecturer": "Донченко К.В."
    },
    {
        "day": 2,
        "week_code": 1,
        "time": "9:00 Нечетная",
        "discipline": "лек ДИСКУРС",
        "classroom": "437*; ",
        "lecturer": "Гусева Л.Г."
    },
    {
        "day": 2,
        "week_code": 2,
        "time": "9:00 Четная",
        "discipline": "лек ДИСКУРС",
        "classroom": "437*; ",
        "lecturer": "Гусева Л.Г."
    },
    {
        "day": 2,
        "week_code": 1,
        "time": "10:50 Нечетная",
        "discipline": "пр П.К. 2 И.Я.",
        "classroom": "316*; ",
        "lecturer": "Меньшенина Е.А."
    },
    {
        "day": 2,
        "week_code": 2,
        "time": "10:50 Четная",
        "discipline": "пр П.К. 2 И.Я.",
        "classroom": "318*; ",
        "lecturer": "Меньшенина Е.А."
    },
    {
        "day": 2,
        "week_code": 1,
        "time": "12:40 Нечетная",
        "discipline": "пр К. Р. О. 1 И.Я.",
        "classroom": "433*; ",
        "lecturer": "Торгашева Ю.Г."
    },
    {
        "day": 2,
        "week_code": 2,
        "time": "12:40 Четная",
        "discipline": "пр К. Р. О. 1 И.Я.",
        "classroom": "325*; ",
        "lecturer": "Торгашева Ю.Г."
    },
    {
        "day": 3,
        "week_code": 1,
        "time": "9:00 Нечетная",
        "discipline": "пр П.К. 2 И.Я.",
        "classroom": "314*; ",
        "lecturer": "Меньшенина Е.А."
    },
    {
        "day": 3,
        "week_code": 2,
        "time": "9:00 Четная",
        "discipline": "пр П.К. 2 И.Я.",
        "classroom": "314*; ",
        "lecturer": "Меньшенина Е.А."
    },
    {
        "day": 3,
        "week_code": 1,
        "time": "10:50 Нечетная",
        "discipline": "пр К. Р. О. 1 И.Я.",
        "classroom": "304*; ",
        "lecturer": "Торгашева Ю.Г."
    },
    {
        "day": 3,
        "week_code": 2,
        "time": "10:50 Четная",
        "discipline": "пр К. Р. О. 1 И.Я.",
        "classroom": "306*; ",
        "lecturer": "Торгашева Ю.Г."
    },
    {
        "day": 4,
        "week_code": 1,
        "time": "9:00 Нечетная",
        "discipline": "пр ПРОФ.ОРИЕНТ.ПЕР.",
        "classroom": "326* Я; ",
        "lecturer": "Торгашева Ю.Г."
    },
    {
        "day": 4,
        "week_code": 2,
        "time": "9:00 Четная",
        "discipline": "пр ПРОФ.ОРИЕНТ.ПЕР.",
        "classroom": "326* Я; ",
        "lecturer": "Торгашева Ю.Г."
    },
    {
        "day": 4,
        "week_code": 1,
        "time": "10:50 Нечетная",
        "discipline": "пр ПЕРЕВОД СПЕЦ",
        "classroom": "316*; ",
        "lecturer": "Донченко К.В."
    },
    {
        "day": 4,
        "week_code": 2,
        "time": "10:50 Четная",
        "discipline": "пр ПЕРЕВОД СПЕЦ",
        "classroom": "420*; ",
        "lecturer": "Донченко К.В."
    },
    {
        "day": 5,
        "week_code": 1,
        "time": "9:00 Нечетная",
        "discipline": "пр К. Р. О. 2 И.Я.",
        "classroom": "318*; ",
        "lecturer": "Патракова О.Н."
    },
    {
        "day": 5,
        "week_code": 2,
        "time": "9:00 Четная",
        "discipline": "пр К. Р. О. 2 И.Я.",
        "classroom": "318*; ",
        "lecturer": "Патракова О.Н."
    },
    {
        "day": 5,
        "week_code": 1,
        "time": "10:50 Нечетная",
        "discipline": "пр ДИСКУРС",
        "classroom": "153*; ",
        "lecturer": "Гусева Л.Г."
    },
    {
        "day": 6,
        "week_code": 1,
        "time": "9:00 Нечетная",
        "discipline": "пр К. Р. О. 2 И.Я.",
        "classroom": "312*; ",
        "lecturer": "Патракова О.Н."
    },
    {
        "day": 6,
        "week_code": 2,
        "time": "9:00 Четная",
        "discipline": "пр К. Р. О. 2 И.Я.",
        "classroom": "311*; ",
        "lecturer": "Патракова О.Н."
    },
    {
        "day": 6,
        "week_code": 1,
        "time": "10:50 Нечетная",
        "discipline": "пр ПРОФ.ОРИЕНТ.ПЕР.",
        "classroom": "311*; ",
        "lecturer": "Торгашева Ю.Г."
    },
    {
        "day": 6,
        "week_code": 2,
        "time": "10:50 Четная",
        "discipline": "пр ПРОФ.ОРИЕНТ.ПЕР.",
        "classroom": "311*; ",
        "lecturer": "Торгашева Ю.Г."
    },
    {
        "day": 6,
        "week_code": 1,
        "time": "12:40 Нечетная",
        "discipline": "пр П.К. 2 И.Я.",
        "classroom": "308*; ",
        "lecturer": "Меньшенина Е.А."
    },
    {
        "day": 6,
        "week_code": 2,
        "time": "12:40 Четная",
        "discipline": "пр П.К. 2 И.Я.",
        "classroom": "309*; ",
        "lecturer": "Меньшенина Е.А."
    }
]