[
    {
        "day": "Понедельник",
        "week_code": "1",
        "time": "14:55 Нечетная",
        "discipline": "пр П. К. 1 ИН. ЯЗ.",
        "classroom": "325*; ",
        "lecturer": "Орлова Д.С."
    },
    {
        "day": "Понедельник",
        "week_code": "1",
        "time": "16:45 Нечетная",
        "discipline": "лек ДИСКУРС",
        "classroom": "437*; ",
        "lecturer": "Гусева Л.Г."
    },
    {
        "day": "Понедельник",
        "week_code": "2",
        "time": "16:45 Четная",
        "discipline": "лек ДИСКУРС",
        "classroom": "437*; ",
        "lecturer": "Гусева Л.Г."
    },
    {
        "day": "Понедельник",
        "week_code": "1",
        "time": "18:30 Нечетная",
        "discipline": "пр НАУЧ. ИССЛ. РАБ.",
        "classroom": "304*; ",
        "lecturer": "Шамова Д.М."
    },
    {
        "day": "Понедельник",
        "week_code": "2",
        "time": "18:30 Четная",
        "discipline": "пр НАУЧ. ИССЛ. РАБ.",
        "classroom": "304*; ",
        "lecturer": "Шамова Д.М."
    },
    {
        "day": "Вторник",
        "week_code": "1",
        "time": "9:00 Нечетная",
        "discipline": "пр П.К. 2 И.Я.",
        "classroom": "316*; ",
        "lecturer": "Навагина В.А."
    },
    {
        "day": "Вторник",
        "week_code": "2",
        "time": "9:00 Четная",
        "discipline": "пр П.К. 2 И.Я.",
        "classroom": "316*; ",
        "lecturer": "Навагина В.А."
    },
    {
        "day": "Вторник",
        "week_code": "1",
        "time": "10:50 Нечетная",
        "discipline": "пр ЧТ.ЛИТ.НА ИН.ЯЗ.",
        "classroom": "304*; ",
        "lecturer": "Матюшина Е.А."
    },
    {
        "day": "Вторник",
        "week_code": "2",
        "time": "10:50 Четная",
        "discipline": "пр ЧТ.ЛИТ.НА ИН.ЯЗ.",
        "classroom": "304*; ",
        "lecturer": "Матюшина Е.А."
    },
    {
        "day": "Среда",
        "week_code": "1",
        "time": "9:00 Нечетная",
        "discipline": "лек ТЕХН.КОРП.ЛИНГВ.",
        "classroom": "317*; ",
        "lecturer": "Булдакова Е.В."
    },
    {
        "day": "Среда",
        "week_code": "2",
        "time": "9:00 Четная",
        "discipline": "лек ТЕХН.КОРП.ЛИНГВ.",
        "classroom": "317*; ",
        "lecturer": "Булдакова Е.В."
    },
    {
        "day": "Среда",
        "week_code": "1",
        "time": "10:50 Нечетная",
        "discipline": "лек К.Т.В ПРИКЛ.ЛИНГВ.",
        "classroom": "433*; ",
        "lecturer": "Панкратова С.А."
    },
    {
        "day": "Среда",
        "week_code": "2",
        "time": "10:50 Четная",
        "discipline": "лек К.Т.В ПРИКЛ.ЛИНГВ.",
        "classroom": "433*; ",
        "lecturer": "Панкратова С.А."
    },
    {
        "day": "Четверг",
        "week_code": "1",
        "time": "9:00 Нечетная",
        "discipline": "пр ДИСКУРС",
        "classroom": "430*; ",
        "lecturer": "Гусева Л.Г."
    },
    {
        "day": "Четверг",
        "week_code": "1",
        "time": "10:50 Нечетная",
        "discipline": "лек ФОРМ.МОД.В ЛИН.",
        "classroom": "401*; ",
        "lecturer": "Мамаев И.Д."
    },
    {
        "day": "Четверг",
        "week_code": "2",
        "time": "10:50 Четная",
        "discipline": "лек ФОРМ.МОД.В ЛИН.",
        "classroom": "437*; ",
        "lecturer": "Мамаев И.Д."
    },
    {
        "day": "Пятница",
        "week_code": "2",
        "time": "14:55 Четная",
        "discipline": "пр ЧТ.ЛИТ.НА ИН.ЯЗ.",
        "classroom": "437*; ",
        "lecturer": "Матюшина Е.А."
    },
    {
        "day": "Пятница",
        "week_code": "1",
        "time": "16:45 Нечетная",
        "discipline": "пр П. К. 1 ИН. ЯЗ.",
        "classroom": "314*; ",
        "lecturer": "Орлова Д.С."
    },
    {
        "day": "Пятница",
        "week_code": "2",
        "time": "16:45 Четная",
        "discipline": "пр П. К. 1 ИН. ЯЗ.",
        "classroom": "314*; ",
        "lecturer": "Орлова Д.С."
    },
    {
        "day": "Пятница",
        "week_code": "1",
        "time": "18:30 Нечетная",
        "discipline": "пр ФОРМ.МОД.В ЛИН.",
        "classroom": "311*; ",
        "lecturer": "Мамаев И.Д."
    },
    {
        "day": "Пятница",
        "week_code": "2",
        "time": "18:30 Четная",
        "discipline": "пр ФОРМ.МОД.В ЛИН.",
        "classroom": "311*; ",
        "lecturer": "Мамаев И.Д."
    },
    {
        "day": "Суббота",
        "week_code": "1",
        "time": "9:00 Нечетная",
        "discipline": "пр П. К. 1 ИН. ЯЗ.",
        "classroom": "313*; ",
        "lecturer": "Орлова Д.С."
    },
    {
        "day": "Суббота",
        "week_code": "2",
        "time": "9:00 Четная",
        "discipline": "пр П. К. 1 ИН. ЯЗ.",
        "classroom": "312*; ",
        "lecturer": "Орлова Д.С."
    },
    {
        "day": "Суббота",
        "week_code": "1",
        "time": "10:50 Нечетная",
        "discipline": "пр П.К. 2 И.Я.",
        "classroom": "313*; ",
        "lecturer": "Навагина В.А."
    },
    {
        "day": "Суббота",
        "week_code": "2",
        "time": "10:50 Четная",
        "discipline": "пр П.К. 2 И.Я.",
        "classroom": "313*; ",
        "lecturer": "Навагина В.А."
    },
    {
        "day": "Суббота",
        "week_code": "1",
        "time": "12:40 Нечетная",
        "discipline": "пр К.Т.В ПРИКЛ.ЛИНГВ.",
        "classroom": "304*; ",
        "lecturer": "Панкратова С.А."
    },
    {
        "day": "Суббота",
        "week_code": "2",
        "time": "12:40 Четная",
        "discipline": "пр ТЕХН.КОРП.ЛИНГВ.",
        "classroom": "304*; ",
        "lecturer": "Булдакова Е.В."
    }
]