[
    {
        "day": 1,
        "week_code": 2,
        "time": "12:40 Четная",
        "discipline": "лек ОСН.СИСТ.АНАЛИЗА",
        "classroom": "429*; ",
        "lecturer": "Чернусь П.П."
    },
    {
        "day": 1,
        "week_code": 1,
        "time": "14:55 Нечетная",
        "discipline": "лек РОСС.ЛИТЕРАТУРА",
        "classroom": "433*; ",
        "lecturer": "Твердохлебов С.Г."
    },
    {
        "day": 1,
        "week_code": 2,
        "time": "14:55 Четная",
        "discipline": "лек РОСС.ЛИТЕРАТУРА",
        "classroom": "325*; ",
        "lecturer": "Твердохлебов С.Г."
    },
    {
        "day": 1,
        "week_code": 1,
        "time": "16:45 Нечетная",
        "discipline": "пр РОСС.ЛИТЕРАТУРА",
        "classroom": "316*; ",
        "lecturer": "Твердохлебов С.Г."
    },
    {
        "day": 1,
        "week_code": 2,
        "time": "16:45 Четная",
        "discipline": "пр РОСС.ЛИТЕРАТУРА",
        "classroom": "316*; ",
        "lecturer": "Твердохлебов С.Г."
    },
    {
        "day": 2,
        "week_code": 1,
        "time": "10:50 Нечетная",
        "discipline": "пр П. К. 1 ИН. ЯЗ.",
        "classroom": "312*; ",
        "lecturer": "Алексеева Т.Н."
    },
    {
        "day": 2,
        "week_code": 2,
        "time": "10:50 Четная",
        "discipline": "пр П. К. 1 ИН. ЯЗ.",
        "classroom": "312*; ",
        "lecturer": "Алексеева Т.Н."
    },
    {
        "day": 2,
        "week_code": 1,
        "time": "12:40 Нечетная",
        "discipline": "пр ИНОСТР.ЯЗЫК-II",
        "classroom": "310*; ",
        "lecturer": "Гончарова В.В."
    },
    {
        "day": 2,
        "week_code": 2,
        "time": "12:40 Четная",
        "discipline": "пр ИНОСТР.ЯЗЫК-II",
        "classroom": "310*; ",
        "lecturer": "Гончарова В.В."
    },
    {
        "day": 2,
        "week_code": 1,
        "time": "14:55 Нечетная",
        "discipline": "пр ЛАТИНСКИЙ ЯЗЫК",
        "classroom": "313*; ",
        "lecturer": "Иголкина А.Г."
    },
    {
        "day": 2,
        "week_code": 2,
        "time": "14:55 Четная",
        "discipline": "пр ЛАТИНСКИЙ ЯЗЫК",
        "classroom": "313*; ",
        "lecturer": "Иголкина А.Г."
    },
    {
        "day": 2,
        "week_code": 1,
        "time": "16:45 Нечетная",
        "discipline": "пр ЭК ПО ФК И СПОРТУ",
        "classroom": null,
        "lecturer": null
    },
    {
        "day": 2,
        "week_code": 2,
        "time": "16:45 Четная",
        "discipline": "пр ЭК ПО ФК И СПОРТУ",
        "classroom": null,
        "lecturer": null
    },
    {
        "day": 3,
        "week_code": 1,
        "time": "9:00 Нечетная",
        "discipline": "пр П. К. 1 ИН. ЯЗ.",
        "classroom": "318*; ",
        "lecturer": "Алексеева Т.Н."
    },
    {
        "day": 3,
        "week_code": 2,
        "time": "9:00 Четная",
        "discipline": "пр П. К. 1 ИН. ЯЗ.",
        "classroom": "318*; ",
        "lecturer": "Алексеева Т.Н."
    },
    {
        "day": 3,
        "week_code": 1,
        "time": "10:50 Нечетная",
        "discipline": "лек ЛЕКСИКОЛОГИЯ",
        "classroom": "437*; ",
        "lecturer": "Родионова Е.В."
    },
    {
        "day": 3,
        "week_code": 2,
        "time": "10:50 Четная",
        "discipline": "лек ЛЕКСИКОЛОГИЯ",
        "classroom": "437*; ",
        "lecturer": "Родионова Е.В."
    },
    {
        "day": 3,
        "week_code": 2,
        "time": "12:40 Четная",
        "discipline": "лек ОСН.КОР.И РЕД.ТЕК.",
        "classroom": "437*; ",
        "lecturer": "Аладышкина Л.В."
    },
    {
        "day": 4,
        "week_code": 1,
        "time": "14:55 Нечетная",
        "discipline": "пр ГРАММ. ИН. ЯЗЫКА",
        "classroom": "326* Я; ",
        "lecturer": "Дунаевская М.А."
    },
    {
        "day": 4,
        "week_code": 2,
        "time": "14:55 Четная",
        "discipline": "пр ГРАММ. ИН. ЯЗЫКА",
        "classroom": "326* Я; ",
        "lecturer": "Дунаевская М.А."
    },
    {
        "day": 4,
        "week_code": 1,
        "time": "16:45 Нечетная",
        "discipline": "пр ИНОСТР.ЯЗЫК-II",
        "classroom": "318*; ",
        "lecturer": "Гончарова В.В."
    },
    {
        "day": 4,
        "week_code": 2,
        "time": "16:45 Четная",
        "discipline": "пр ИНОСТР.ЯЗЫК-II",
        "classroom": "314*; ",
        "lecturer": "Гончарова В.В."
    },
    {
        "day": 5,
        "week_code": 1,
        "time": "10:50 Нечетная",
        "discipline": "пр МАТЕМ.СТАТИСТ.",
        "classroom": "456; ",
        "lecturer": "Коротков Н.А."
    },
    {
        "day": 5,
        "week_code": 2,
        "time": "10:50 Четная",
        "discipline": "пр МАТЕМ.СТАТИСТ.",
        "classroom": "456; ",
        "lecturer": "Коротков Н.А."
    },
    {
        "day": 5,
        "week_code": 1,
        "time": "12:40 Нечетная",
        "discipline": "пр ОСН.СИСТ.АНАЛИЗА",
        "classroom": "455; ",
        "lecturer": "Чернусь П.П."
    },
    {
        "day": 5,
        "week_code": 2,
        "time": "12:40 Четная",
        "discipline": "пр ОСН.КОР.И РЕД.ТЕК.",
        "classroom": "310*; ",
        "lecturer": "Алексеева И.Н."
    },
    {
        "day": 5,
        "week_code": 1,
        "time": "14:55 Нечетная",
        "discipline": "пр ЭК ПО ФК И СПОРТУ",
        "classroom": null,
        "lecturer": null
    },
    {
        "day": 5,
        "week_code": 2,
        "time": "14:55 Четная",
        "discipline": "пр ЭК ПО ФК И СПОРТУ",
        "classroom": null,
        "lecturer": null
    },
    {
        "day": 5,
        "week_code": 1,
        "time": "16:45 Нечетная",
        "discipline": "пр П. К. 1 ИН. ЯЗ.",
        "classroom": "313*; ",
        "lecturer": "Алексеева Т.Н."
    },
    {
        "day": 5,
        "week_code": 2,
        "time": "16:45 Четная",
        "discipline": "пр П. К. 1 ИН. ЯЗ.",
        "classroom": "313*; ",
        "lecturer": "Алексеева Т.Н."
    }
]