[
    {
        "day": 1,
        "week_code": 1,
        "time": "10:50 Нечетная",
        "discipline": "пр ФОНЕТИКА",
        "classroom": "313*; ",
        "lecturer": "Курочкина Н.А."
    },
    {
        "day": 1,
        "week_code": 2,
        "time": "10:50 Четная",
        "discipline": "пр ФОНЕТИКА",
        "classroom": "313*; ",
        "lecturer": "Курочкина Н.А."
    },
    {
        "day": 1,
        "week_code": 1,
        "time": "12:40 Нечетная",
        "discipline": "лек Р.ЯЗ. И КУЛ.РЕЧИ",
        "classroom": "317*; ",
        "lecturer": "Градовцева Е.К."
    },
    {
        "day": 1,
        "week_code": 2,
        "time": "12:40 Четная",
        "discipline": "лек ЗАРУБЕЖН. ЛИТ-РА",
        "classroom": "317*; ",
        "lecturer": "Твердохлебов С.Г."
    },
    {
        "day": 1,
        "week_code": 1,
        "time": "14:55 Нечетная",
        "discipline": "пр ОСН.ПЕРВ.ИН.ЯЗ.",
        "classroom": "310*; ",
        "lecturer": "Толстикова С.С."
    },
    {
        "day": 1,
        "week_code": 2,
        "time": "14:55 Четная",
        "discipline": "пр ОСН.ПЕРВ.ИН.ЯЗ.",
        "classroom": "310*; ",
        "lecturer": "Толстикова С.С."
    },
    {
        "day": 1,
        "week_code": 1,
        "time": "16:45 Нечетная",
        "discipline": "пр ЭК ПО ФК И СПОРТУ",
        "classroom": null,
        "lecturer": null
    },
    {
        "day": 1,
        "week_code": 2,
        "time": "16:45 Четная",
        "discipline": "пр ЭК ПО ФК И СПОРТУ",
        "classroom": null,
        "lecturer": null
    },
    {
        "day": 2,
        "week_code": 1,
        "time": "9:00 Нечетная",
        "discipline": "пр ПСИХ-Я.ПРОФ.ДЕЯ-НИ",
        "classroom": "425*; ",
        "lecturer": "Марневская И.В."
    },
    {
        "day": 2,
        "week_code": 2,
        "time": "9:00 Четная",
        "discipline": "пр ПОНЯТ.АПП.МАТЕМ.",
        "classroom": "436*; ",
        "lecturer": "Коротков Н.А."
    },
    {
        "day": 2,
        "week_code": 1,
        "time": "10:50 Нечетная",
        "discipline": "лек ФИЛОСОФИЯ",
        "classroom": "443; ",
        "lecturer": "Лысенко Е.М."
    },
    {
        "day": 2,
        "week_code": 2,
        "time": "10:50 Четная",
        "discipline": "лек ПОНЯТ.АПП.МАТЕМ.",
        "classroom": "492; ",
        "lecturer": "Коротков Н.А."
    },
    {
        "day": 2,
        "week_code": 1,
        "time": "12:40 Нечетная",
        "discipline": "лек ИНФ.ТЕХН. И ПРОГР.",
        "classroom": "252*; ",
        "lecturer": "Насс О.В."
    },
    {
        "day": 2,
        "week_code": 2,
        "time": "12:40 Четная",
        "discipline": "лек ИНФ.ТЕХН. И ПРОГР.",
        "classroom": "252*; ",
        "lecturer": "Насс О.В."
    },
    {
        "day": 2,
        "week_code": 1,
        "time": "14:55 Нечетная",
        "discipline": "пр ИНФ.ТЕХН. И ПРОГР.",
        "classroom": "256*; ",
        "lecturer": "Мамаев И.Д."
    },
    {
        "day": 2,
        "week_code": 2,
        "time": "14:55 Четная",
        "discipline": "пр ИНФ.ТЕХН. И ПРОГР.",
        "classroom": "256*; ",
        "lecturer": "Мамаев И.Д."
    },
    {
        "day": 3,
        "week_code": 1,
        "time": "10:50 Нечетная",
        "discipline": "пр ОСН.ПЕРВ.ИН.ЯЗ.",
        "classroom": "312*; ",
        "lecturer": "Толстикова С.С."
    },
    {
        "day": 3,
        "week_code": 2,
        "time": "10:50 Четная",
        "discipline": "пр ОСН.ПЕРВ.ИН.ЯЗ.",
        "classroom": "312*; ",
        "lecturer": "Толстикова С.С."
    },
    {
        "day": 3,
        "week_code": 1,
        "time": "12:40 Нечетная",
        "discipline": "пр ОСН. 2-ГО ИЯ",
        "classroom": "311*; ",
        "lecturer": "Навагина В.А."
    },
    {
        "day": 3,
        "week_code": 2,
        "time": "12:40 Четная",
        "discipline": "пр ОСН. 2-ГО ИЯ",
        "classroom": "311*; ",
        "lecturer": "Навагина В.А."
    },
    {
        "day": 3,
        "week_code": 1,
        "time": "14:55 Нечетная",
        "discipline": "пр ОСН. 2-ГО ИЯ",
        "classroom": "314*; ",
        "lecturer": "Навагина В.А."
    },
    {
        "day": 3,
        "week_code": 2,
        "time": "14:55 Четная",
        "discipline": "пр ОСН. 2-ГО ИЯ",
        "classroom": "314*; ",
        "lecturer": "Навагина В.А."
    },
    {
        "day": 3,
        "week_code": 1,
        "time": "16:45 Нечетная",
        "discipline": "лек ИСТОРИЯ",
        "classroom": "403*; ",
        "lecturer": "Савинов М.А."
    },
    {
        "day": 3,
        "week_code": 2,
        "time": "16:45 Четная",
        "discipline": "лек ИСТОРИЯ",
        "classroom": "403*; ",
        "lecturer": "Савинов М.А."
    },
    {
        "day": 4,
        "week_code": 1,
        "time": "10:50 Нечетная",
        "discipline": "пр ИСТОРИЯ",
        "classroom": "420*; ",
        "lecturer": "Савинов М.А."
    },
    {
        "day": 4,
        "week_code": 2,
        "time": "10:50 Четная",
        "discipline": "пр Р.ЯЗ. И КУЛ.РЕЧИ",
        "classroom": "313*; ",
        "lecturer": "Градовцева Е.К."
    },
    {
        "day": 4,
        "week_code": 1,
        "time": "12:40 Нечетная",
        "discipline": "пр ОСН.ПЕРВ.ИН.ЯЗ.",
        "classroom": "316*; ",
        "lecturer": "Толстикова С.С."
    },
    {
        "day": 4,
        "week_code": 2,
        "time": "12:40 Четная",
        "discipline": "пр ЗАРУБЕЖН. ЛИТ-РА",
        "classroom": "316*; ",
        "lecturer": "Твердохлебов С.Г."
    },
    {
        "day": 4,
        "week_code": 1,
        "time": "14:55 Нечетная",
        "discipline": "лек ПСИХ-Я.ПРОФ.ДЕЯ-НИ",
        "classroom": "437*; ",
        "lecturer": "Марневская И.В."
    },
    {
        "day": 4,
        "week_code": 2,
        "time": "14:55 Четная",
        "discipline": "лек ПСИХ-Я.ПРОФ.ДЕЯ-НИ",
        "classroom": "437*; ",
        "lecturer": "Марневская И.В."
    },
    {
        "day": 4,
        "week_code": 1,
        "time": "16:45 Нечетная",
        "discipline": "пр ФИЛОСОФИЯ",
        "classroom": "403*; ",
        "lecturer": "Лысенко Е.М."
    },
    {
        "day": 5,
        "week_code": 1,
        "time": "10:50 Нечетная",
        "discipline": "пр ЭК ПО ФК И СПОРТУ",
        "classroom": null,
        "lecturer": null
    },
    {
        "day": 5,
        "week_code": 2,
        "time": "10:50 Четная",
        "discipline": "пр ЭК ПО ФК И СПОРТУ",
        "classroom": null,
        "lecturer": null
    }
]