[
    {
        "day": "Понедельник",
        "week_code": "1",
        "time": "18:30 Нечетная",
        "discipline": "пр ТЕХН.ПР-ВА ВЫСТР",
        "classroom": "319; ",
        "lecturer": "Денисова М.В."
    },
    {
        "day": "Понедельник",
        "week_code": "2",
        "time": "18:30 Четная",
        "discipline": "пр ТЕХН.ПР-ВА ВЫСТР",
        "classroom": "319; ",
        "lecturer": "Денисова М.В."
    },
    {
        "day": "Понедельник",
        "week_code": "1",
        "time": "20:05 Нечетная",
        "discipline": "лек ТЕХН.ПР-ВА ВЫСТР",
        "classroom": "319; ",
        "lecturer": "Денисова М.В."
    },
    {
        "day": "Понедельник",
        "week_code": "2",
        "time": "20:05 Четная",
        "discipline": "лек ТЕХН.ПР-ВА ВЫСТР",
        "classroom": "319; ",
        "lecturer": "Денисова М.В."
    },
    {
        "day": "Вторник",
        "week_code": "1",
        "time": "18:30 Нечетная",
        "discipline": "лек ПЕРСП.ТЕХН.ХШТ.ПР.",
        "classroom": "108; ",
        "lecturer": "Расулов З.Н."
    },
    {
        "day": "Вторник",
        "week_code": "2",
        "time": "18:30 Четная",
        "discipline": "пр МАТ.МОД.ПРОЦ.ОМД",
        "classroom": "320; ",
        "lecturer": "Олехвер А.И."
    },
    {
        "day": "Вторник",
        "week_code": "1",
        "time": "20:05 Нечетная",
        "discipline": "лек ПЕРСП.ТЕХН.ХШТ.ПР.",
        "classroom": "108; ",
        "lecturer": "Расулов З.Н."
    },
    {
        "day": "Вторник",
        "week_code": "2",
        "time": "20:05 Четная",
        "discipline": "пр МАТ.МОД.ПРОЦ.ОМД",
        "classroom": "320; ",
        "lecturer": "Олехвер А.И."
    },
    {
        "day": "Среда",
        "week_code": "1",
        "time": "18:30 Нечетная",
        "discipline": "пр АЛГОРИТМ. И ПРОГР.",
        "classroom": "ВЦ 285; ",
        "lecturer": "Сидоренко Т.В."
    },
    {
        "day": "Среда",
        "week_code": "2",
        "time": "18:30 Четная",
        "discipline": "пр АЛГОРИТМ. И ПРОГР.",
        "classroom": "ВЦ 285; ",
        "lecturer": "Сидоренко Т.В."
    },
    {
        "day": "Среда",
        "week_code": "1",
        "time": "20:05 Нечетная",
        "discipline": "лек ОСН. ЗАКОНОДАТ.",
        "classroom": "319; ",
        "lecturer": "Нестеров Н.И."
    },
    {
        "day": "Среда",
        "week_code": "2",
        "time": "20:05 Четная",
        "discipline": "лек ОСН. ЗАКОНОДАТ.",
        "classroom": "319; ",
        "lecturer": "Нестеров Н.И."
    },
    {
        "day": "Четверг",
        "week_code": "1",
        "time": "18:30 Нечетная",
        "discipline": "лек СПЕЦ.ОБОРУД",
        "classroom": "108; ",
        "lecturer": "Лобов В.А."
    },
    {
        "day": "Четверг",
        "week_code": "2",
        "time": "18:30 Четная",
        "discipline": "лек СПЕЦ.ОБОРУД",
        "classroom": "108; ",
        "lecturer": "Лобов В.А."
    },
    {
        "day": "Четверг",
        "week_code": "1",
        "time": "20:05 Нечетная",
        "discipline": "пр НАУЧ. ИССЛ. РАБОТА",
        "classroom": "108; ",
        "lecturer": "Расулов З.Н."
    },
    {
        "day": "Четверг",
        "week_code": "2",
        "time": "20:05 Четная",
        "discipline": "пр СПЕЦ.ОБОРУД",
        "classroom": "108; ",
        "lecturer": "Лобов В.А."
    }
]