[
    {
        "day": "Понедельник",
        "week_code": "1",
        "time": "18:30 Нечетная",
        "discipline": "пр МОНИТ.БЕЗОП.",
        "classroom": "486; ",
        "lecturer": "Куклин Д.А."
    },
    {
        "day": "Понедельник",
        "week_code": "2",
        "time": "18:30 Четная",
        "discipline": "пр МОНИТ.БЕЗОП.",
        "classroom": "486; ",
        "lecturer": "Куклин Д.А."
    },
    {
        "day": "Понедельник",
        "week_code": "2",
        "time": "20:05 Четная",
        "discipline": "лек МОНИТ.БЕЗОП.",
        "classroom": "486; ",
        "lecturer": "Куклин Д.А."
    },
    {
        "day": "Вторник",
        "week_code": "1",
        "time": "18:30 Нечетная",
        "discipline": "пр РАЗРАБ. ШЗ  ВЗ МЕР.",
        "classroom": "486; ",
        "lecturer": "Шашурин А.Е."
    },
    {
        "day": "Вторник",
        "week_code": "2",
        "time": "18:30 Четная",
        "discipline": "пр РАЗРАБ. ШЗ  ВЗ МЕР.",
        "classroom": "486; ",
        "lecturer": "Шашурин А.Е."
    },
    {
        "day": "Вторник",
        "week_code": "1",
        "time": "20:05 Нечетная",
        "discipline": "лек РАЗРАБ. ШЗ  ВЗ МЕР.",
        "classroom": "486; ",
        "lecturer": "Шашурин А.Е."
    },
    {
        "day": "Среда",
        "week_code": "1",
        "time": "18:30 Нечетная",
        "discipline": "лек ПР.И ЭКОН.ОСН.ОХР.ОС",
        "classroom": "486; ",
        "lecturer": "Борцова С.С."
    },
    {
        "day": "Среда",
        "week_code": "1",
        "time": "20:05 Нечетная",
        "discipline": "пр ПР.И ЭКОН.ОСН.ОХР.ОС",
        "classroom": "486; ",
        "lecturer": "Борцова С.С."
    },
    {
        "day": "Четверг",
        "week_code": "1",
        "time": "18:30 Нечетная",
        "discipline": "лек УПР. РИС. И СИСТ. АНАЛ.",
        "classroom": "488; ",
        "lecturer": "Смирнова М.С."
    },
    {
        "day": "Четверг",
        "week_code": "2",
        "time": "18:30 Четная",
        "discipline": "лек ИНСТР. МЕТ. АНАЛ.",
        "classroom": "384а; ",
        "lecturer": "Олейников А.Ю."
    },
    {
        "day": "Четверг",
        "week_code": "1",
        "time": "20:05 Нечетная",
        "discipline": "пр УПР. РИС. И СИСТ. АНАЛ.",
        "classroom": "487; ",
        "lecturer": "Смирнова М.С."
    },
    {
        "day": "Четверг",
        "week_code": "2",
        "time": "20:05 Четная",
        "discipline": "пр УПР. РИС. И СИСТ. АНАЛ.",
        "classroom": "487; ",
        "lecturer": "Смирнова М.С."
    },
    {
        "day": "Пятница",
        "week_code": "1",
        "time": "18:30 Нечетная",
        "discipline": "пр ИНСТР. МЕТ. АНАЛ.",
        "classroom": "484; ",
        "lecturer": "Олейников А.Ю."
    },
    {
        "day": "Пятница",
        "week_code": "2",
        "time": "18:30 Четная",
        "discipline": "пр ИНСТР. МЕТ. АНАЛ.",
        "classroom": "484; ",
        "lecturer": "Олейников А.Ю."
    }
]