[
    {
        "day": 1,
        "week_code": 1,
        "time": "18:30 Нечетная",
        "discipline": "пр МОНИТ.БЕЗОП.",
        "classroom": "486; ",
        "lecturer": "Куклин Д.А."
    },
    {
        "day": 1,
        "week_code": 2,
        "time": "18:30 Четная",
        "discipline": "пр МОНИТ.БЕЗОП.",
        "classroom": "486; ",
        "lecturer": "Куклин Д.А."
    },
    {
        "day": 1,
        "week_code": 2,
        "time": "20:05 Четная",
        "discipline": "лек МОНИТ.БЕЗОП.",
        "classroom": "486; ",
        "lecturer": "Куклин Д.А."
    },
    {
        "day": 2,
        "week_code": 1,
        "time": "18:30 Нечетная",
        "discipline": "пр РАЗРАБ. ШЗ  ВЗ МЕР.",
        "classroom": "486; ",
        "lecturer": "Шашурин А.Е."
    },
    {
        "day": 2,
        "week_code": 2,
        "time": "18:30 Четная",
        "discipline": "пр РАЗРАБ. ШЗ  ВЗ МЕР.",
        "classroom": "486; ",
        "lecturer": "Шашурин А.Е."
    },
    {
        "day": 2,
        "week_code": 1,
        "time": "20:05 Нечетная",
        "discipline": "лек РАЗРАБ. ШЗ  ВЗ МЕР.",
        "classroom": "486; ",
        "lecturer": "Шашурин А.Е."
    },
    {
        "day": 3,
        "week_code": 1,
        "time": "18:30 Нечетная",
        "discipline": "лек ПР.И ЭКОН.ОСН.ОХР.ОС",
        "classroom": "486; ",
        "lecturer": "Борцова С.С."
    },
    {
        "day": 3,
        "week_code": 1,
        "time": "20:05 Нечетная",
        "discipline": "пр ПР.И ЭКОН.ОСН.ОХР.ОС",
        "classroom": "486; ",
        "lecturer": "Борцова С.С."
    },
    {
        "day": 4,
        "week_code": 1,
        "time": "18:30 Нечетная",
        "discipline": "лек УПР. РИС. И СИСТ. АНАЛ.",
        "classroom": "488; ",
        "lecturer": "Смирнова М.С."
    },
    {
        "day": 4,
        "week_code": 2,
        "time": "18:30 Четная",
        "discipline": "лек ИНСТР. МЕТ. АНАЛ.",
        "classroom": "384а; ",
        "lecturer": "Олейников А.Ю."
    },
    {
        "day": 4,
        "week_code": 1,
        "time": "20:05 Нечетная",
        "discipline": "пр УПР. РИС. И СИСТ. АНАЛ.",
        "classroom": "487; ",
        "lecturer": "Смирнова М.С."
    },
    {
        "day": 4,
        "week_code": 2,
        "time": "20:05 Четная",
        "discipline": "пр УПР. РИС. И СИСТ. АНАЛ.",
        "classroom": "487; ",
        "lecturer": "Смирнова М.С."
    },
    {
        "day": 5,
        "week_code": 1,
        "time": "18:30 Нечетная",
        "discipline": "пр ИНСТР. МЕТ. АНАЛ.",
        "classroom": "484; ",
        "lecturer": "Олейников А.Ю."
    },
    {
        "day": 5,
        "week_code": 2,
        "time": "18:30 Четная",
        "discipline": "пр ИНСТР. МЕТ. АНАЛ.",
        "classroom": "484; ",
        "lecturer": "Олейников А.Ю."
    }
]