[
    {
        "day": "Понедельник",
        "week_code": "1",
        "time": "18:30 Нечетная",
        "discipline": "лек ВЫСШ. МАТ. В НИ",
        "classroom": "219*; ",
        "lecturer": "Вандеев В.П."
    },
    {
        "day": "Понедельник",
        "week_code": "2",
        "time": "18:30 Четная",
        "discipline": "лек ВЫСШ. МАТ. В НИ",
        "classroom": "219*; ",
        "lecturer": "Вандеев В.П."
    },
    {
        "day": "Понедельник",
        "week_code": "1",
        "time": "20:05 Нечетная",
        "discipline": "пр ВЫСШ. МАТ. В НИ",
        "classroom": "219*; ",
        "lecturer": "Вандеев В.П."
    },
    {
        "day": "Понедельник",
        "week_code": "2",
        "time": "20:05 Четная",
        "discipline": "пр ИНЖ. МЕТ. ЗАЩ. АТМ.",
        "classroom": "ВЦ 283; ",
        "lecturer": "Шабарова А.В."
    },
    {
        "day": "Вторник",
        "week_code": "1",
        "time": "18:30 Нечетная",
        "discipline": "лек УПР.ПРОЕКТАМИ",
        "classroom": "433*; ",
        "lecturer": "Шехова Н.В."
    },
    {
        "day": "Вторник",
        "week_code": "2",
        "time": "18:30 Четная",
        "discipline": "лек МЕТ. НАУЧ. ИССЛЕД",
        "classroom": "422*; ",
        "lecturer": "Дрозд А.Л."
    },
    {
        "day": "Вторник",
        "week_code": "1",
        "time": "20:05 Нечетная",
        "discipline": "пр УПР.ПРОЕКТАМИ",
        "classroom": "430*; ",
        "lecturer": "Бурмакин В.М."
    },
    {
        "day": "Вторник",
        "week_code": "2",
        "time": "20:05 Четная",
        "discipline": "пр МЕТ. НАУЧ. ИССЛЕД",
        "classroom": "507*а; ",
        "lecturer": "Дрозд А.Л."
    },
    {
        "day": "Среда",
        "week_code": "1",
        "time": "20:05 Нечетная",
        "discipline": "пр ИН. ЯЗ.",
        "classroom": "308*; ",
        "lecturer": "Канатаев Д.В."
    },
    {
        "day": "Среда",
        "week_code": "2",
        "time": "20:05 Четная",
        "discipline": "пр ИН. ЯЗ.",
        "classroom": "308*; ",
        "lecturer": "Канатаев Д.В."
    },
    {
        "day": "Четверг",
        "week_code": "1",
        "time": "18:30 Нечетная",
        "discipline": "лек ИНЖ. МЕТ. ЗАЩ. АТМ.",
        "classroom": "486; ",
        "lecturer": "Петров С.К."
    },
    {
        "day": "Четверг",
        "week_code": "2",
        "time": "18:30 Четная",
        "discipline": "лек ПР.И ЭКОН.ОСН.ОХР.ОС",
        "classroom": "486; ",
        "lecturer": "Борцова С.С."
    },
    {
        "day": "Четверг",
        "week_code": "2",
        "time": "20:05 Четная",
        "discipline": "пр ПР.И ЭКОН.ОСН.ОХР.ОС",
        "classroom": "486; ",
        "lecturer": "Борцова С.С."
    }
]