[
    {
        "day": "Понедельник",
        "week_code": "1",
        "time": "20:05 Нечетная",
        "discipline": "пр МОНИТ.БЕЗОП.",
        "classroom": "486; ",
        "lecturer": "Куклин Д.А."
    },
    {
        "day": "Понедельник",
        "week_code": "2",
        "time": "20:05 Четная",
        "discipline": "лек МОНИТ.БЕЗОП.",
        "classroom": "486; ",
        "lecturer": "Куклин Д.А."
    },
    {
        "day": "Вторник",
        "week_code": "1",
        "time": "18:30 Нечетная",
        "discipline": "лек ЭК.БЕЗ.ДЕЙСТВ.ПРЕДПР.",
        "classroom": "498; ",
        "lecturer": "Борцова С.С."
    },
    {
        "day": "Вторник",
        "week_code": "2",
        "time": "18:30 Четная",
        "discipline": "пр ЭК.БЕЗ.ДЕЙСТВ.ПРЕДПР.",
        "classroom": "498; ",
        "lecturer": "Борцова С.С."
    },
    {
        "day": "Вторник",
        "week_code": "1",
        "time": "20:05 Нечетная",
        "discipline": "пр ЭК.БЕЗ.ДЕЙСТВ.ПРЕДПР.",
        "classroom": "484; ",
        "lecturer": "Борцова С.С."
    },
    {
        "day": "Вторник",
        "week_code": "2",
        "time": "20:05 Четная",
        "discipline": "пр ЭК.БЕЗ.ДЕЙСТВ.ПРЕДПР.",
        "classroom": "484; ",
        "lecturer": "Борцова С.С."
    },
    {
        "day": "Среда",
        "week_code": "1",
        "time": "18:30 Нечетная",
        "discipline": "лек ИННОВАЦ.МЕНЕДЖ",
        "classroom": "507*а; ",
        "lecturer": "Семёнов В.П."
    },
    {
        "day": "Среда",
        "week_code": "2",
        "time": "18:30 Четная",
        "discipline": "пр УПР. РИС. И СИСТ. АНАЛ.",
        "classroom": "486; ",
        "lecturer": "Смирнова М.С."
    },
    {
        "day": "Среда",
        "week_code": "1",
        "time": "20:05 Нечетная",
        "discipline": "пр ИННОВАЦ.МЕНЕДЖ",
        "classroom": "425*; ",
        "lecturer": "Семёнов В.П."
    },
    {
        "day": "Среда",
        "week_code": "2",
        "time": "20:05 Четная",
        "discipline": "пр ТЕХ. ПЕРЕРАБ И УТИЛ.",
        "classroom": "ВЦ 283; ",
        "lecturer": "Храпко Н.Н."
    },
    {
        "day": "Четверг",
        "week_code": "1",
        "time": "18:30 Нечетная",
        "discipline": "лек УПР. РИС. И СИСТ. АНАЛ.",
        "classroom": "488; ",
        "lecturer": "Смирнова М.С."
    },
    {
        "day": "Четверг",
        "week_code": "2",
        "time": "18:30 Четная",
        "discipline": "лек ИНСТР. МЕТ. АНАЛ.",
        "classroom": "384а; ",
        "lecturer": "Олейников А.Ю."
    },
    {
        "day": "Четверг",
        "week_code": "1",
        "time": "20:05 Нечетная",
        "discipline": "лек ТЕХ. ПЕРЕРАБ И УТИЛ.",
        "classroom": "486; ",
        "lecturer": "Пименов А.Н."
    },
    {
        "day": "Четверг",
        "week_code": "2",
        "time": "20:05 Четная",
        "discipline": "пр ИНСТР. МЕТ. АНАЛ.",
        "classroom": "484; ",
        "lecturer": "Олейников А.Ю."
    },
    {
        "day": "Пятница",
        "week_code": "1",
        "time": "18:30 Нечетная",
        "discipline": "пр ТЕХН.СР.ЗАЩ.ОС",
        "classroom": "498; ",
        "lecturer": "Упоров П.А."
    },
    {
        "day": "Пятница",
        "week_code": "1",
        "time": "20:05 Нечетная",
        "discipline": "лек ТЕХН.СР.ЗАЩ.ОС",
        "classroom": "498; ",
        "lecturer": "Упоров П.А."
    }
]