[
    {
        "day": 1,
        "week_code": 1,
        "time": "18:30 Нечетная",
        "discipline": "лаб ТОСН.ВЫЧ.ГИДРОДИН.",
        "classroom": "452*; ",
        "lecturer": "Маламанов С.Ю."
    },
    {
        "day": 1,
        "week_code": 1,
        "time": "20:05 Нечетная",
        "discipline": "пр ТОСН.ВЫЧ.ГИДРОДИН.",
        "classroom": "453*; ",
        "lecturer": "Маламанов С.Ю."
    },
    {
        "day": 2,
        "week_code": 1,
        "time": "18:30 Нечетная",
        "discipline": "пр МЕХ. КОМПОЗ. МАТ",
        "classroom": "102*; ",
        "lecturer": "Брытков Е.В."
    },
    {
        "day": 2,
        "week_code": 2,
        "time": "18:30 Четная",
        "discipline": "пр МЕХ. КОМПОЗ. МАТ",
        "classroom": "102*; ",
        "lecturer": "Брытков Е.В."
    },
    {
        "day": 2,
        "week_code": 2,
        "time": "20:05 Четная",
        "discipline": "лек МЕХ. КОМПОЗ. МАТ",
        "classroom": "102*; ",
        "lecturer": "Брытков Е.В."
    },
    {
        "day": 3,
        "week_code": 1,
        "time": "18:30 Нечетная",
        "discipline": "пр ИНФ. ТЕХНОЛОГИИ",
        "classroom": "218*; ",
        "lecturer": "Бухарин В.В."
    },
    {
        "day": 3,
        "week_code": 2,
        "time": "18:30 Четная",
        "discipline": "пр ИНФ. ТЕХНОЛОГИИ",
        "classroom": "218*; ",
        "lecturer": "Бухарин В.В."
    },
    {
        "day": 3,
        "week_code": 1,
        "time": "20:05 Нечетная",
        "discipline": "лек ИНФ. ТЕХНОЛОГИИ",
        "classroom": "216*; ",
        "lecturer": "Бухарин В.В."
    },
    {
        "day": 4,
        "week_code": 1,
        "time": "18:30 Нечетная",
        "discipline": "лаб ОПТИМ.ПРОЕКТИР",
        "classroom": "456*; ",
        "lecturer": "Кротов Ю.В."
    },
    {
        "day": 4,
        "week_code": 2,
        "time": "18:30 Четная",
        "discipline": "лаб СТРОИТ.МЕХ.МАШ",
        "classroom": "102*; ",
        "lecturer": "Титух И.Н."
    },
    {
        "day": 4,
        "week_code": 1,
        "time": "20:05 Нечетная",
        "discipline": "пр СТРОИТ.МЕХ.МАШ",
        "classroom": "102*; ",
        "lecturer": "Титух И.Н."
    },
    {
        "day": 4,
        "week_code": 2,
        "time": "20:05 Четная",
        "discipline": "пр СТРОИТ.МЕХ.МАШ",
        "classroom": "102*; ",
        "lecturer": "Титух И.Н."
    }
]