[
    {
        "day": "Вторник",
        "week_code": "1",
        "time": "18:30 Нечетная",
        "discipline": "пр РАСПРЕД. ВС",
        "classroom": "277; ",
        "lecturer": "Докучаев А.Н."
    },
    {
        "day": "Вторник",
        "week_code": "2",
        "time": "18:30 Четная",
        "discipline": "пр РАСПРЕД. ВС",
        "classroom": "277; ",
        "lecturer": "Докучаев А.Н."
    },
    {
        "day": "Вторник",
        "week_code": "1",
        "time": "20:05 Нечетная",
        "discipline": "лек ПРОЕКТИРОВ. ИС",
        "classroom": "346; ",
        "lecturer": "Смирнов Н.В."
    },
    {
        "day": "Вторник",
        "week_code": "2",
        "time": "20:05 Четная",
        "discipline": "лек РАСПРЕД. ВС",
        "classroom": "277; ",
        "lecturer": "Докучаев А.Н."
    },
    {
        "day": "Среда",
        "week_code": "1",
        "time": "18:30 Нечетная",
        "discipline": "пр ПРОЕКТИРОВ. ИС",
        "classroom": "ВЦ 371; ",
        "lecturer": "Смирнов Н.В."
    },
    {
        "day": "Среда",
        "week_code": "2",
        "time": "18:30 Четная",
        "discipline": "пр ПРОЕКТИРОВ. ИС",
        "classroom": "ВЦ 371; ",
        "lecturer": "Смирнов Н.В."
    },
    {
        "day": "Среда",
        "week_code": "1",
        "time": "20:05 Нечетная",
        "discipline": "пр ОПТ.ПРОЕКТИРОВ.",
        "classroom": "346; ",
        "lecturer": "Кабанов С.А."
    },
    {
        "day": "Среда",
        "week_code": "2",
        "time": "20:05 Четная",
        "discipline": "пр ОПТ.ПРОЕКТИРОВ.",
        "classroom": "346; ",
        "lecturer": "Кабанов С.А."
    },
    {
        "day": "Четверг",
        "week_code": "1",
        "time": "18:30 Нечетная",
        "discipline": "пр СОВР.ПРОБЛ. ТУ",
        "classroom": "277; ",
        "lecturer": "Попов А.М."
    },
    {
        "day": "Четверг",
        "week_code": "2",
        "time": "18:30 Четная",
        "discipline": "пр СОВР.ПРОБЛ. ТУ",
        "classroom": "277; ",
        "lecturer": "Попов А.М."
    },
    {
        "day": "Четверг",
        "week_code": "1",
        "time": "20:05 Нечетная",
        "discipline": "лек СОВР.ПРОБЛ. ТУ",
        "classroom": "259; ",
        "lecturer": "Попов А.М."
    },
    {
        "day": "Четверг",
        "week_code": "2",
        "time": "20:05 Четная",
        "discipline": "лек ОПТ.ПРОЕКТИРОВ.",
        "classroom": "259; ",
        "lecturer": "Кабанов С.А."
    }
]