[
    {
        "day": "Понедельник",
        "week_code": "1",
        "time": "18:30 Нечетная",
        "discipline": "пр РЫН.ИНФ.УСЛУГ",
        "classroom": "432*; ",
        "lecturer": "Волкова А.А."
    },
    {
        "day": "Понедельник",
        "week_code": "2",
        "time": "18:30 Четная",
        "discipline": "пр БЖД",
        "classroom": "484; ",
        "lecturer": "Храмов А.В."
    },
    {
        "day": "Понедельник",
        "week_code": "1",
        "time": "20:05 Нечетная",
        "discipline": "лек УПР.ЧЕЛ.РЕС.",
        "classroom": "425*; ",
        "lecturer": "Дорофеева Л.В."
    },
    {
        "day": "Понедельник",
        "week_code": "2",
        "time": "20:05 Четная",
        "discipline": "пр УПР.ЧЕЛ.РЕС.",
        "classroom": "432*; ",
        "lecturer": "Бурмакин В.М."
    },
    {
        "day": "Вторник",
        "week_code": "1",
        "time": "18:30 Нечетная",
        "discipline": "лек БЖД",
        "classroom": "484; ",
        "lecturer": "Васильев В.А."
    },
    {
        "day": "Вторник",
        "week_code": "2",
        "time": "18:30 Четная",
        "discipline": "лек БЖД",
        "classroom": "484; ",
        "lecturer": "Васильев В.А."
    },
    {
        "day": "Вторник",
        "week_code": "1",
        "time": "20:05 Нечетная",
        "discipline": "лек РЫН.ИНФ.УСЛУГ",
        "classroom": "422*; ",
        "lecturer": "Волкова А.А."
    },
    {
        "day": "Вторник",
        "week_code": "2",
        "time": "20:05 Четная",
        "discipline": "лаб БЖД",
        "classroom": "384б; ",
        "lecturer": "Васильев В.А."
    },
    {
        "day": "Среда",
        "week_code": "1",
        "time": "18:30 Нечетная",
        "discipline": "лек УЧ.И АН.(ФИН.УЧ.)",
        "classroom": "430*; ",
        "lecturer": "Гавриленко И.В."
    },
    {
        "day": "Среда",
        "week_code": "2",
        "time": "18:30 Четная",
        "discipline": "лек БИЗН.ПЛАНИР.",
        "classroom": "405*; ",
        "lecturer": "Семёнов В.П."
    },
    {
        "day": "Среда",
        "week_code": "1",
        "time": "20:05 Нечетная",
        "discipline": "пр УЧ.И АН.(ФИН.УЧ.)",
        "classroom": "530*; ",
        "lecturer": "Гавриленко И.В."
    },
    {
        "day": "Среда",
        "week_code": "2",
        "time": "20:05 Четная",
        "discipline": "пр БИЗН.ПЛАНИР.",
        "classroom": "422*; ",
        "lecturer": "Лученкова Т.С."
    },
    {
        "day": "Четверг",
        "week_code": "1",
        "time": "18:30 Нечетная",
        "discipline": "лек СОЦ. ЭКОН. СТАТ.",
        "classroom": "425*; ",
        "lecturer": "Шишкин А.А."
    },
    {
        "day": "Четверг",
        "week_code": "2",
        "time": "18:30 Четная",
        "discipline": "лек ОСНОВЫ ЦИФР.ЭК",
        "classroom": "425*; ",
        "lecturer": "Ревис В.Е."
    },
    {
        "day": "Четверг",
        "week_code": "1",
        "time": "20:05 Нечетная",
        "discipline": "пр СОЦ. ЭКОН. СТАТ.",
        "classroom": "425*; ",
        "lecturer": "Шишкин А.А."
    },
    {
        "day": "Четверг",
        "week_code": "2",
        "time": "20:05 Четная",
        "discipline": "пр ОСНОВЫ ЦИФР.ЭК",
        "classroom": "530*; ",
        "lecturer": "Ревис В.Е."
    }
]