[
    {
        "day": 1,
        "week_code": 1,
        "time": "18:30 Нечетная",
        "discipline": "лек ЭКОЛОГИЯ",
        "classroom": "484; ",
        "lecturer": "Васильев В.А."
    },
    {
        "day": 1,
        "week_code": 2,
        "time": "18:30 Четная",
        "discipline": "пр БЖД",
        "classroom": "484; ",
        "lecturer": "Храмов А.В."
    },
    {
        "day": 1,
        "week_code": 1,
        "time": "20:05 Нечетная",
        "discipline": "лек УПР.ЧЕЛ.РЕС.",
        "classroom": "425*; ",
        "lecturer": "Дорофеева Л.В."
    },
    {
        "day": 1,
        "week_code": 2,
        "time": "20:05 Четная",
        "discipline": "пр УПР.ЧЕЛ.РЕС.",
        "classroom": "432*; ",
        "lecturer": "Бурмакин В.М."
    },
    {
        "day": 2,
        "week_code": 1,
        "time": "18:30 Нечетная",
        "discipline": "лек БЖД",
        "classroom": "484; ",
        "lecturer": "Васильев В.А."
    },
    {
        "day": 2,
        "week_code": 2,
        "time": "18:30 Четная",
        "discipline": "лек БЖД",
        "classroom": "484; ",
        "lecturer": "Васильев В.А."
    },
    {
        "day": 2,
        "week_code": 1,
        "time": "20:05 Нечетная",
        "discipline": "лаб БЖД",
        "classroom": "384б; ",
        "lecturer": "Васильев В.А."
    },
    {
        "day": 3,
        "week_code": 1,
        "time": "18:30 Нечетная",
        "discipline": "лек УЧ.И АН.(ФИН.УЧ.)",
        "classroom": "430*; ",
        "lecturer": "Гавриленко И.В."
    },
    {
        "day": 3,
        "week_code": 1,
        "time": "20:05 Нечетная",
        "discipline": "пр УЧ.И АН.(ФИН.УЧ.)",
        "classroom": "530*; ",
        "lecturer": "Гавриленко И.В."
    },
    {
        "day": 4,
        "week_code": 1,
        "time": "18:30 Нечетная",
        "discipline": "лек СОЦ. ЭКОН. СТАТ.",
        "classroom": "425*; ",
        "lecturer": "Шишкин А.А."
    },
    {
        "day": 4,
        "week_code": 2,
        "time": "18:30 Четная",
        "discipline": "лек ОСНОВЫ ЦИФР.ЭК",
        "classroom": "425*; ",
        "lecturer": "Ревис В.Е."
    },
    {
        "day": 4,
        "week_code": 1,
        "time": "20:05 Нечетная",
        "discipline": "пр СОЦ. ЭКОН. СТАТ.",
        "classroom": "425*; ",
        "lecturer": "Шишкин А.А."
    },
    {
        "day": 4,
        "week_code": 2,
        "time": "20:05 Четная",
        "discipline": "пр ОСНОВЫ ЦИФР.ЭК",
        "classroom": "530*; ",
        "lecturer": "Ревис В.Е."
    },
    {
        "day": 5,
        "week_code": 1,
        "time": "18:30 Нечетная",
        "discipline": "пр ПСИХОДИАГНОСТИКА",
        "classroom": "507*а; ",
        "lecturer": "Лысенко Е.М."
    },
    {
        "day": 5,
        "week_code": 2,
        "time": "18:30 Четная",
        "discipline": "пр ПСИХОДИАГНОСТИКА",
        "classroom": "507*а; ",
        "lecturer": "Лысенко Е.М."
    },
    {
        "day": 5,
        "week_code": 2,
        "time": "20:05 Четная",
        "discipline": "пр ЭКОЛОГИЯ",
        "classroom": "384а; ",
        "lecturer": "Васильев В.А."
    }
]