[
    {
        "day": "Понедельник",
        "week_code": "1",
        "time": "18:30 Нечетная",
        "discipline": "пр ПРОГНОЗ. С-ЭК ПРОЦ.",
        "classroom": "404*; ",
        "lecturer": "Шиндина Ю.А."
    },
    {
        "day": "Понедельник",
        "week_code": "2",
        "time": "18:30 Четная",
        "discipline": "пр БЖД",
        "classroom": "484; ",
        "lecturer": "Храмов А.В."
    },
    {
        "day": "Понедельник",
        "week_code": "1",
        "time": "20:05 Нечетная",
        "discipline": "лек ПРОГНОЗ. С-ЭК ПРОЦ.",
        "classroom": "403*; ",
        "lecturer": "Шиндина Ю.А."
    },
    {
        "day": "Понедельник",
        "week_code": "2",
        "time": "20:05 Четная",
        "discipline": "лек ОСН.БУХ.УЧ. И АУДИТА",
        "classroom": "507*а; ",
        "lecturer": "Катаев С.Е."
    },
    {
        "day": "Вторник",
        "week_code": "1",
        "time": "18:30 Нечетная",
        "discipline": "лек БЖД",
        "classroom": "484; ",
        "lecturer": "Васильев В.А."
    },
    {
        "day": "Вторник",
        "week_code": "2",
        "time": "18:30 Четная",
        "discipline": "лек БЖД",
        "classroom": "484; ",
        "lecturer": "Васильев В.А."
    },
    {
        "day": "Вторник",
        "week_code": "1",
        "time": "20:05 Нечетная",
        "discipline": "пр ОСН.БУХ.УЧ. И АУДИТА",
        "classroom": "432*; ",
        "lecturer": "Кислицына С.В."
    },
    {
        "day": "Среда",
        "week_code": "1",
        "time": "18:30 Нечетная",
        "discipline": "лек УЧ.И АН.(ФИН.УЧ.)",
        "classroom": "430*; ",
        "lecturer": "Гавриленко И.В."
    },
    {
        "day": "Среда",
        "week_code": "1",
        "time": "20:05 Нечетная",
        "discipline": "пр УЧ.И АН.(ФИН.УЧ.)",
        "classroom": "530*; ",
        "lecturer": "Гавриленко И.В."
    },
    {
        "day": "Четверг",
        "week_code": "1",
        "time": "18:30 Нечетная",
        "discipline": "лек СОЦ. ЭКОН. СТАТ.",
        "classroom": "425*; ",
        "lecturer": "Шишкин А.А."
    },
    {
        "day": "Четверг",
        "week_code": "2",
        "time": "18:30 Четная",
        "discipline": "лек ОСНОВЫ ЦИФР.ЭК",
        "classroom": "425*; ",
        "lecturer": "Ревис В.Е."
    },
    {
        "day": "Четверг",
        "week_code": "1",
        "time": "20:05 Нечетная",
        "discipline": "пр СОЦ. ЭКОН. СТАТ.",
        "classroom": "425*; ",
        "lecturer": "Шишкин А.А."
    },
    {
        "day": "Четверг",
        "week_code": "2",
        "time": "20:05 Четная",
        "discipline": "пр ОСНОВЫ ЦИФР.ЭК",
        "classroom": "530*; ",
        "lecturer": "Ревис В.Е."
    },
    {
        "day": "Пятница",
        "week_code": "2",
        "time": "18:30 Четная",
        "discipline": "лаб БЖД",
        "classroom": "384б; ",
        "lecturer": "Васильев В.А."
    },
    {
        "day": "Пятница",
        "week_code": "2",
        "time": "20:05 Четная",
        "discipline": "лек ПРОГНОЗ. С-ЭК ПРОЦ.",
        "classroom": "507*а; ",
        "lecturer": "Шиндина Ю.А."
    }
]