[
    {
        "day": 1,
        "week_code": 1,
        "time": "18:30 Нечетная",
        "discipline": "лек СОЦИОЛОГИЯ",
        "classroom": "507*а; ",
        "lecturer": "Клюев А.А."
    },
    {
        "day": 1,
        "week_code": 2,
        "time": "18:30 Четная",
        "discipline": "пр МАРКЕТИНГ",
        "classroom": "425*; ",
        "lecturer": "Лученкова Т.С."
    },
    {
        "day": 1,
        "week_code": 1,
        "time": "20:05 Нечетная",
        "discipline": "пр СОЦИОЛОГИЯ",
        "classroom": "507*а; ",
        "lecturer": "Клюев А.А."
    },
    {
        "day": 1,
        "week_code": 2,
        "time": "20:05 Четная",
        "discipline": "пр ТЕОР.МЕНЕДЖ.",
        "classroom": "425*; ",
        "lecturer": "Зареева Т.В."
    },
    {
        "day": 2,
        "week_code": 1,
        "time": "18:30 Нечетная",
        "discipline": "лек МАРКЕТИНГ",
        "classroom": "325*; ",
        "lecturer": "Сталькина У.М."
    },
    {
        "day": 2,
        "week_code": 2,
        "time": "18:30 Четная",
        "discipline": "лек ПСИХ-Я.ПРОФ.ДЕЯ-НИ",
        "classroom": "403*; ",
        "lecturer": "Лысенко Е.М."
    },
    {
        "day": 2,
        "week_code": 1,
        "time": "20:05 Нечетная",
        "discipline": "лек ТЕОР.МЕНЕДЖ.",
        "classroom": "425*; ",
        "lecturer": "Фомина А.П."
    },
    {
        "day": 2,
        "week_code": 2,
        "time": "20:05 Четная",
        "discipline": "пр ПСИХ-Я.ПРОФ.ДЕЯ-НИ",
        "classroom": "425*; ",
        "lecturer": "Лысенко Е.М."
    },
    {
        "day": 3,
        "week_code": 1,
        "time": "18:30 Нечетная",
        "discipline": "лек ЭКОНОМ.ТРУДА",
        "classroom": "403*; ",
        "lecturer": "Вольф Е.В."
    },
    {
        "day": 3,
        "week_code": 2,
        "time": "18:30 Четная",
        "discipline": "лек ОСН.СИСТ.АНАЛИЗА",
        "classroom": "403*; ",
        "lecturer": "Таничев А.В."
    },
    {
        "day": 3,
        "week_code": 1,
        "time": "20:05 Нечетная",
        "discipline": "пр ЭКОНОМ.ТРУДА",
        "classroom": "432*; ",
        "lecturer": "Вольф Е.В."
    },
    {
        "day": 3,
        "week_code": 2,
        "time": "20:05 Четная",
        "discipline": "пр ОСН.СИСТ.АНАЛИЗА",
        "classroom": "432*; ",
        "lecturer": "Таничев А.В."
    },
    {
        "day": 4,
        "week_code": 1,
        "time": "18:30 Нечетная",
        "discipline": "пр ОСНОВЫ ПРАВА",
        "classroom": "403*; ",
        "lecturer": "Хвостов А.Б."
    },
    {
        "day": 4,
        "week_code": 2,
        "time": "18:30 Четная",
        "discipline": "пр ПРЕДПРИНИМ.ПРАВО",
        "classroom": "413*; ",
        "lecturer": "Хвостов А.Б."
    },
    {
        "day": 4,
        "week_code": 1,
        "time": "20:05 Нечетная",
        "discipline": "лек ОСНОВЫ ПРАВА",
        "classroom": "403*; ",
        "lecturer": "Хвостов А.Б."
    },
    {
        "day": 4,
        "week_code": 2,
        "time": "20:05 Четная",
        "discipline": "лек ПРЕДПРИНИМ.ПРАВО",
        "classroom": "413*; ",
        "lecturer": "Хвостов А.Б."
    },
    {
        "day": 5,
        "week_code": 1,
        "time": "18:30 Нечетная",
        "discipline": "пр ЭК ПО ФК И СПОРТУ",
        "classroom": null,
        "lecturer": null
    },
    {
        "day": 5,
        "week_code": 2,
        "time": "18:30 Четная",
        "discipline": "пр ЭК ПО ФК И СПОРТУ",
        "classroom": null,
        "lecturer": null
    },
    {
        "day": 5,
        "week_code": 1,
        "time": "20:05 Нечетная",
        "discipline": "пр ЭК ПО ФК И СПОРТУ",
        "classroom": null,
        "lecturer": null
    },
    {
        "day": 5,
        "week_code": 2,
        "time": "20:05 Четная",
        "discipline": "пр ЭК ПО ФК И СПОРТУ",
        "classroom": null,
        "lecturer": null
    }
]